record_id,date,year,month,day,day_of_year,week_of_year,season,month_sin,month_cos,rainfall_mm,rainfall_intensity,rain_lag1,rain_lag2,rain_lag3,rain_cumul_3day,rain_cumul_5day,rain_cumul_7day,rain_rolling_avg_7d,rain_rolling_avg_30d,rain_exceed_50mm,rain_exceed_100mm,consecutive_rain_days,typhoon_active,typhoon_signal,typhoon_name,typhoon_category,typhoon_max_wind_kph,days_to_typhoon,days_since_typhoon,antecedent_moisture,land_use_code,flood_occurred,flood_depth_m,flood_duration_hrs,flood_severity
1,2015-01-01,2015,1,1,1,1,0,0.5,0.866025,0.0,0,0.0,0.0,0.0,0.0,0.0,0.0,0.0,0.0,0,0,0,0,0,0,0.0,0.0,0.0,0.0,0.04,1,0,0.0,0.0,0
2,2015-01-02,2015,1,2,2,1,0,0.5,0.866025,0.0,0,0.0,0.0,0.0,0.0,0.0,0.0,0.0,0.0,0,0,0,0,0,0,0.0,0.0,0.0,0.0,0.08,1,1,0.2,11.6,1
3,2015-01-03,2015,1,3,3,1,0,0.5,0.866025,0.0,0,0.0,0.0,0.0,0.0,0.0,0.0,0.0,0.0,0,0,0,0,0,0,0.0,0.0,0.0,0.0,0.06,1,0,0.0,0.0,0
4,2015-01-04,2015,1,4,4,1,0,0.5,0.866025,0.0,0,0.0,0.0,0.0,0.0,0.0,0.0,0.0,0.0,0,0,0,0,0,0,0.0,0.0,0.0,0.0,0.0,1,0,0.0,0.0,0
5,2015-01-05,2015,1,5,5,2,0,0.5,0.866025,0.0,0,0.0,0.0,0.0,0.0,0.0,0.0,0.0,0.0,0,0,0,0,0,0,0.0,0.0,0.0,0.0,0.0,1,0,0.0,0.0,0
6,2015-01-06,2015,1,6,6,2,0,0.5,0.866025,13.3,3,0.0,0.0,0.0,13.3,13.3,13.3,2.22,2.22,0,0,1,0,0,0,0.0,0.0,0.0,0.0,0.07,1,0,0.0,0.0,0
7,2015-01-07,2015,1,7,7,2,0,0.5,0.866025,0.0,0,13.3,0.0,0.0,13.3,13.3,13.3,1.9,1.9,0,0,0,0,0,0,0.0,0.0,0.0,0.0,0.05,1,0,0.0,0.0,0
8,2015-01-08,2015,1,8,8,2,0,0.5,0.866025,14.8,3,0.0,13.3,0.0,28.1,28.1,28.1,4.01,3.51,0,0,1,0,0,0,0.0,0.0,0.0,0.0,0.0,1,0,0.0,0.0,0
9,2015-01-09,2015,1,9,9,2,0,0.5,0.866025,0.0,0,14.8,0.0,13.3,14.8,28.1,28.1,4.01,3.12,0,0,0,0,0,0,0.0,0.0,0.0,0.0,0.0,1,0,0.0,0.0,0
10,2015-01-10,2015,1,10,10,2,0,0.5,0.866025,9.7,3,0.0,14.8,0.0,24.5,37.8,37.8,5.4,3.78,0,0,1,0,0,0,0.0,0.0,0.0,0.0,0.0,1,0,0.0,0.0,0
11,2015-01-11,2015,1,11,11,2,0,0.5,0.866025,9.9,3,9.7,0.0,14.8,19.6,34.4,47.7,6.81,4.34,0,0,2,0,0,0,0.0,0.0,0.0,0.0,0.0,1,0,0.0,0.0,0
12,2015-01-12,2015,1,12,12,3,0,0.5,0.866025,0.0,0,9.9,9.7,0.0,19.6,34.4,47.7,6.81,3.97,0,0,0,0,0,0,0.0,0.0,0.0,0.0,0.11,1,0,0.0,0.0,0
13,2015-01-13,2015,1,13,13,3,0,0.5,0.866025,0.0,0,0.0,9.9,9.7,9.9,19.6,34.4,4.91,3.67,0,0,0,0,0,0,0.0,0.0,0.0,0.0,0.12,1,0,0.0,0.0,0
14,2015-01-14,2015,1,14,14,3,0,0.5,0.866025,0.0,0,0.0,0.0,9.9,0.0,19.6,34.4,4.91,3.41,0,0,0,0,0,0,0.0,0.0,0.0,0.0,0.15,1,0,0.0,0.0,0
15,2015-01-15,2015,1,15,15,3,0,0.5,0.866025,0.0,0,0.0,0.0,0.0,0.0,9.9,19.6,2.8,3.18,0,0,0,0,0,0,0.0,0.0,0.0,0.0,0.03,1,0,0.0,0.0,0
16,2015-01-16,2015,1,16,16,3,0,0.5,0.866025,0.0,0,0.0,0.0,0.0,0.0,0.0,19.6,2.8,2.98,0,0,0,0,0,0,0.0,0.0,0.0,0.0,0.0,1,0,0.0,0.0,0
17,2015-01-17,2015,1,17,17,3,0,0.5,0.866025,0.0,0,0.0,0.0,0.0,0.0,0.0,9.9,1.41,2.81,0,0,0,0,0,0,0.0,0.0,0.0,0.0,0.11,1,0,0.0,0.0,0
18,2015-01-18,2015,1,18,18,3,0,0.5,0.866025,0.0,0,0.0,0.0,0.0,0.0,0.0,0.0,0.0,2.65,0,0,0,0,0,0,0.0,0.0,0.0,0.0,0.03,1,0,0.0,0.0,0
19,2015-01-19,2015,1,19,19,4,0,0.5,0.866025,0.0,0,0.0,0.0,0.0,0.0,0.0,0.0,0.0,2.51,0,0,0,0,0,0,0.0,0.0,0.0,0.0,0.0,1,0,0.0,0.0,0
20,2015-01-20,2015,1,20,20,4,0,0.5,0.866025,0.0,0,0.0,0.0,0.0,0.0,0.0,0.0,0.0,2.38,0,0,0,0,0,0,0.0,0.0,0.0,0.0,0.06,1,0,0.0,0.0,0
21,2015-01-21,2015,1,21,21,4,0,0.5,0.866025,0.0,0,0.0,0.0,0.0,0.0,0.0,0.0,0.0,2.27,0,0,0,0,0,0,0.0,0.0,0.0,0.0,0.15,1,0,0.0,0.0,0
22,2015-01-22,2015,1,22,22,4,0,0.5,0.866025,0.0,0,0.0,0.0,0.0,0.0,0.0,0.0,0.0,2.17,0,0,0,0,0,0,0.0,0.0,0.0,0.0,0.23,1,1,0.4,4.1,1
23,2015-01-23,2015,1,23,23,4,0,0.5,0.866025,0.0,0,0.0,0.0,0.0,0.0,0.0,0.0,0.0,2.07,0,0,0,0,0,0,0.0,0.0,0.0,0.0,0.21,1,0,0.0,0.0,0
24,2015-01-24,2015,1,24,24,4,0,0.5,0.866025,0.0,0,0.0,0.0,0.0,0.0,0.0,0.0,0.0,1.99,0,0,0,0,0,0,0.0,0.0,0.0,0.0,0.11,1,1,0.43,3.9,1
25,2015-01-25,2015,1,25,25,4,0,0.5,0.866025,0.0,0,0.0,0.0,0.0,0.0,0.0,0.0,0.0,1.91,0,0,0,0,0,0,0.0,0.0,0.0,0.0,0.12,1,0,0.0,0.0,0
26,2015-01-26,2015,1,26,26,5,0,0.5,0.866025,0.0,0,0.0,0.0,0.0,0.0,0.0,0.0,0.0,1.83,0,0,0,0,0,0,0.0,0.0,0.0,0.0,0.14,1,0,0.0,0.0,0
27,2015-01-27,2015,1,27,27,5,0,0.5,0.866025,0.0,0,0.0,0.0,0.0,0.0,0.0,0.0,0.0,1.77,0,0,0,0,0,0,0.0,0.0,0.0,0.0,0.1,1,0,0.0,0.0,0
28,2015-01-28,2015,1,28,28,5,0,0.5,0.866025,0.0,0,0.0,0.0,0.0,0.0,0.0,0.0,0.0,1.7,0,0,0,0,0,0,0.0,0.0,0.0,0.0,0.06,1,0,0.0,0.0,0
29,2015-01-29,2015,1,29,29,5,0,0.5,0.866025,0.0,0,0.0,0.0,0.0,0.0,0.0,0.0,0.0,1.64,0,0,0,0,0,0,0.0,0.0,0.0,0.0,0.11,1,0,0.0,0.0,0
30,2015-01-30,2015,1,30,30,5,0,0.5,0.866025,0.0,0,0.0,0.0,0.0,0.0,0.0,0.0,0.0,1.59,0,0,0,0,0,0,0.0,0.0,0.0,0.0,0.27,1,0,0.0,0.0,0
31,2015-01-31,2015,1,31,31,5,0,0.5,0.866025,0.0,0,0.0,0.0,0.0,0.0,0.0,0.0,0.0,1.59,0,0,0,0,0,0,0.0,0.0,0.0,0.0,0.06,1,0,0.0,0.0,0
32,2015-02-01,2015,2,1,32,5,0,0.866025,0.5,0.0,0,0.0,0.0,0.0,0.0,0.0,0.0,0.0,1.59,0,0,0,0,0,0,0.0,0.0,0.0,0.0,0.05,1,0,0.0,0.0,0
33,2015-02-02,2015,2,2,33,6,0,0.866025,0.5,0.0,0,0.0,0.0,0.0,0.0,0.0,0.0,0.0,1.59,0,0,0,0,0,0,0.0,0.0,0.0,0.0,0.0,1,0,0.0,0.0,0
34,2015-02-03,2015,2,3,34,6,0,0.866025,0.5,0.0,0,0.0,0.0,0.0,0.0,0.0,0.0,0.0,1.59,0,0,0,0,0,0,0.0,0.0,0.0,0.0,0.01,1,0,0.0,0.0,0
35,2015-02-04,2015,2,4,35,6,0,0.866025,0.5,0.0,0,0.0,0.0,0.0,0.0,0.0,0.0,0.0,1.59,0,0,0,0,0,0,0.0,0.0,0.0,0.0,0.0,1,0,0.0,0.0,0
36,2015-02-05,2015,2,5,36,6,0,0.866025,0.5,0.0,0,0.0,0.0,0.0,0.0,0.0,0.0,0.0,1.15,0,0,0,0,0,0,0.0,0.0,0.0,0.0,0.18,1,0,0.0,0.0,0
37,2015-02-06,2015,2,6,37,6,0,0.866025,0.5,0.0,0,0.0,0.0,0.0,0.0,0.0,0.0,0.0,1.15,0,0,0,0,0,0,0.0,0.0,0.0,0.0,0.2,1,0,0.0,0.0,0
38,2015-02-07,2015,2,7,38,6,0,0.866025,0.5,0.0,0,0.0,0.0,0.0,0.0,0.0,0.0,0.0,0.65,0,0,0,0,0,0,0.0,0.0,0.0,0.0,0.06,1,0,0.0,0.0,0
39,2015-02-08,2015,2,8,39,6,0,0.866025,0.5,0.0,0,0.0,0.0,0.0,0.0,0.0,0.0,0.0,0.65,0,0,0,0,0,0,0.0,0.0,0.0,0.0,0.19,1,1,0.49,2.9,1
40,2015-02-09,2015,2,9,40,7,0,0.866025,0.5,0.0,0,0.0,0.0,0.0,0.0,0.0,0.0,0.0,0.33,0,0,0,0,0,0,0.0,0.0,0.0,0.0,0.01,1,0,0.0,0.0,0
41,2015-02-10,2015,2,10,41,7,0,0.866025,0.5,0.0,0,0.0,0.0,0.0,0.0,0.0,0.0,0.0,0.0,0,0,0,0,0,0,0.0,0.0,0.0,0.0,0.07,1,0,0.0,0.0,0
42,2015-02-11,2015,2,11,42,7,0,0.866025,0.5,0.0,0,0.0,0.0,0.0,0.0,0.0,0.0,0.0,0.0,0,0,0,0,0,0,0.0,0.0,0.0,0.0,0.22,1,0,0.0,0.0,0
43,2015-02-12,2015,2,12,43,7,0,0.866025,0.5,0.0,0,0.0,0.0,0.0,0.0,0.0,0.0,0.0,0.0,0,0,0,0,0,0,0.0,0.0,0.0,0.0,0.21,1,0,0.0,0.0,0
44,2015-02-13,2015,2,13,44,7,0,0.866025,0.5,9.9,3,0.0,0.0,0.0,9.9,9.9,9.9,1.41,0.33,0,0,1,0,0,0,0.0,0.0,0.0,0.0,0.27,1,0,0.0,0.0,0
45,2015-02-14,2015,2,14,45,7,0,0.866025,0.5,0.0,0,9.9,0.0,0.0,9.9,9.9,9.9,1.41,0.33,0,0,0,0,0,0,0.0,0.0,0.0,0.0,0.27,1,0,0.0,0.0,0
46,2015-02-15,2015,2,15,46,7,0,0.866025,0.5,0.0,0,0.0,9.9,0.0,9.9,9.9,9.9,1.41,0.33,0,0,0,0,0,0,0.0,0.0,0.0,0.0,0.2,1,0,0.0,0.0,0
47,2015-02-16,2015,2,16,47,8,0,0.866025,0.5,10.4,3,0.0,0.0,9.9,10.4,20.3,20.3,2.9,0.68,0,0,1,0,0,0,0.0,0.0,0.0,0.0,0.22,1,0,0.0,0.0,0
48,2015-02-17,2015,2,17,48,8,0,0.866025,0.5,0.0,0,10.4,0.0,0.0,10.4,20.3,20.3,2.9,0.68,0,0,0,0,0,0,0.0,0.0,0.0,0.0,0.05,1,0,0.0,0.0,0
49,2015-02-18,2015,2,18,49,8,0,0.866025,0.5,2.7,2,0.0,10.4,0.0,13.1,13.1,23.0,3.29,0.77,0,0,1,0,0,0,0.0,0.0,0.0,0.0,0.1,1,0,0.0,0.0,0
50,2015-02-19,2015,2,19,50,8,0,0.866025,0.5,0.0,0,2.7,0.0,10.4,2.7,13.1,23.0,3.29,0.77,0,0,0,0,0,0,0.0,0.0,0.0,0.0,0.02,1,0,0.0,0.0,0
51,2015-02-20,2015,2,20,51,8,0,0.866025,0.5,0.0,0,0.0,2.7,0.0,2.7,13.1,13.1,1.87,0.77,0,0,0,0,0,0,0.0,0.0,0.0,0.0,0.1,1,1,0.29,9.2,1
52,2015-02-21,2015,2,21,52,8,0,0.866025,0.5,0.0,0,0.0,0.0,2.7,0.0,2.7,13.1,1.87,0.77,0,0,0,0,0,0,0.0,0.0,0.0,0.0,0.05,1,0,0.0,0.0,0
53,2015-02-22,2015,2,22,53,8,0,0.866025,0.5,0.0,0,0.0,0.0,0.0,0.0,2.7,13.1,1.87,0.77,0,0,0,0,0,0,0.0,0.0,0.0,0.0,0.03,1,0,0.0,0.0,0
54,2015-02-23,2015,2,23,54,9,0,0.866025,0.5,0.0,0,0.0,0.0,0.0,0.0,0.0,2.7,0.39,0.77,0,0,0,0,0,0,0.0,0.0,0.0,0.0,0.01,1,0,0.0,0.0,0
55,2015-02-24,2015,2,24,55,9,0,0.866025,0.5,0.0,0,0.0,0.0,0.0,0.0,0.0,2.7,0.39,0.77,0,0,0,0,0,0,0.0,0.0,0.0,0.0,0.0,1,0,0.0,0.0,0
56,2015-02-25,2015,2,25,56,9,0,0.866025,0.5,0.0,0,0.0,0.0,0.0,0.0,0.0,0.0,0.0,0.77,0,0,0,0,0,0,0.0,0.0,0.0,0.0,0.05,1,0,0.0,0.0,0
57,2015-02-26,2015,2,26,57,9,0,0.866025,0.5,0.4,1,0.0,0.0,0.0,0.4,0.4,0.4,0.06,0.78,0,0,1,0,0,0,0.0,0.0,0.0,0.0,0.02,1,0,0.0,0.0,0
58,2015-02-27,2015,2,27,58,9,0,0.866025,0.5,0.0,0,0.4,0.0,0.0,0.4,0.4,0.4,0.06,0.78,0,0,0,0,0,0,0.0,0.0,0.0,0.0,0.0,1,0,0.0,0.0,0
59,2015-02-28,2015,2,28,59,9,0,0.866025,0.5,0.0,0,0.0,0.4,0.0,0.4,0.4,0.4,0.06,0.78,0,0,0,0,0,0,0.0,0.0,0.0,0.0,0.0,1,0,0.0,0.0,0
60,2015-03-01,2015,3,1,60,9,0,1.0,0.0,0.0,0,0.0,0.0,0.4,0.0,0.4,0.4,0.06,0.78,0,0,0,0,0,0,0.0,0.0,0.0,0.0,0.0,1,0,0.0,0.0,0
61,2015-03-02,2015,3,2,61,10,0,1.0,0.0,0.0,0,0.0,0.0,0.0,0.0,0.4,0.4,0.06,0.78,0,0,0,0,0,0,0.0,0.0,0.0,0.0,0.04,1,0,0.0,0.0,0
62,2015-03-03,2015,3,3,62,10,0,1.0,0.0,0.0,0,0.0,0.0,0.0,0.0,0.0,0.4,0.06,0.78,0,0,0,0,0,0,0.0,0.0,0.0,0.0,0.05,1,0,0.0,0.0,0
63,2015-03-04,2015,3,4,63,10,0,1.0,0.0,0.0,0,0.0,0.0,0.0,0.0,0.0,0.4,0.06,0.78,0,0,0,0,0,0,0.0,0.0,0.0,0.0,0.0,1,0,0.0,0.0,0
64,2015-03-05,2015,3,5,64,10,0,1.0,0.0,0.0,0,0.0,0.0,0.0,0.0,0.0,0.0,0.0,0.78,0,0,0,0,0,0,0.0,0.0,0.0,0.0,0.03,1,0,0.0,0.0,0
65,2015-03-06,2015,3,6,65,10,0,1.0,0.0,0.0,0,0.0,0.0,0.0,0.0,0.0,0.0,0.0,0.78,0,0,0,0,0,0,0.0,0.0,0.0,0.0,0.23,1,0,0.0,0.0,0
66,2015-03-07,2015,3,7,66,10,0,1.0,0.0,0.0,0,0.0,0.0,0.0,0.0,0.0,0.0,0.0,0.78,0,0,0,0,0,0,0.0,0.0,0.0,0.0,0.16,1,0,0.0,0.0,0
67,2015-03-08,2015,3,8,67,10,0,1.0,0.0,0.0,0,0.0,0.0,0.0,0.0,0.0,0.0,0.0,0.78,0,0,0,0,0,0,0.0,0.0,0.0,0.0,0.0,1,0,0.0,0.0,0
68,2015-03-09,2015,3,9,68,11,0,1.0,0.0,0.0,0,0.0,0.0,0.0,0.0,0.0,0.0,0.0,0.78,0,0,0,0,0,0,0.0,0.0,0.0,0.0,0.0,1,0,0.0,0.0,0
69,2015-03-10,2015,3,10,69,11,0,1.0,0.0,0.0,0,0.0,0.0,0.0,0.0,0.0,0.0,0.0,0.78,0,0,0,0,0,0,0.0,0.0,0.0,0.0,0.0,1,0,0.0,0.0,0
70,2015-03-11,2015,3,11,70,11,0,1.0,0.0,0.0,0,0.0,0.0,0.0,0.0,0.0,0.0,0.0,0.78,0,0,0,0,0,0,0.0,0.0,0.0,0.0,0.11,1,0,0.0,0.0,0
71,2015-03-12,2015,3,12,71,11,0,1.0,0.0,0.0,0,0.0,0.0,0.0,0.0,0.0,0.0,0.0,0.78,0,0,0,0,0,0,0.0,0.0,0.0,0.0,0.2,1,0,0.0,0.0,0
72,2015-03-13,2015,3,13,72,11,0,1.0,0.0,0.0,0,0.0,0.0,0.0,0.0,0.0,0.0,0.0,0.78,0,0,0,0,0,0,0.0,0.0,0.0,0.0,0.11,1,0,0.0,0.0,0
73,2015-03-14,2015,3,14,73,11,0,1.0,0.0,8.7,3,0.0,0.0,0.0,8.7,8.7,8.7,1.24,1.07,0,0,1,0,0,0,0.0,0.0,0.0,0.0,0.14,1,0,0.0,0.0,0
74,2015-03-15,2015,3,15,74,11,0,1.0,0.0,0.0,0,8.7,0.0,0.0,8.7,8.7,8.7,1.24,0.74,0,0,0,0,0,0,0.0,0.0,0.0,0.0,0.1,1,0,0.0,0.0,0
75,2015-03-16,2015,3,16,75,12,0,1.0,0.0,0.0,0,0.0,8.7,0.0,8.7,8.7,8.7,1.24,0.74,0,0,0,0,0,0,0.0,0.0,0.0,0.0,0.0,1,0,0.0,0.0,0
76,2015-03-17,2015,3,17,76,12,0,1.0,0.0,0.0,0,0.0,0.0,8.7,0.0,8.7,8.7,1.24,0.74,0,0,0,0,0,0,0.0,0.0,0.0,0.0,0.01,1,0,0.0,0.0,0
77,2015-03-18,2015,3,18,77,12,0,1.0,0.0,0.0,0,0.0,0.0,0.0,0.0,8.7,8.7,1.24,0.39,0,0,0,0,0,0,0.0,0.0,0.0,0.0,0.04,1,0,0.0,0.0,0
78,2015-03-19,2015,3,19,78,12,0,1.0,0.0,0.0,0,0.0,0.0,0.0,0.0,0.0,8.7,1.24,0.39,0,0,0,0,0,0,0.0,0.0,0.0,0.0,0.0,1,0,0.0,0.0,0
79,2015-03-20,2015,3,20,79,12,0,1.0,0.0,0.0,0,0.0,0.0,0.0,0.0,0.0,8.7,1.24,0.3,0,0,0,0,0,0,0.0,0.0,0.0,0.0,0.02,1,0,0.0,0.0,0
80,2015-03-21,2015,3,21,80,12,0,1.0,0.0,0.0,0,0.0,0.0,0.0,0.0,0.0,0.0,0.0,0.3,0,0,0,0,0,0,0.0,0.0,0.0,0.0,0.12,1,0,0.0,0.0,0
81,2015-03-22,2015,3,22,81,12,0,1.0,0.0,0.0,0,0.0,0.0,0.0,0.0,0.0,0.0,0.0,0.3,0,0,0,0,0,0,0.0,0.0,0.0,0.0,0.0,1,0,0.0,0.0,0
82,2015-03-23,2015,3,23,82,13,0,1.0,0.0,1.6,1,0.0,0.0,0.0,1.6,1.6,1.6,0.23,0.36,0,0,1,0,0,0,0.0,0.0,0.0,0.0,0.02,1,0,0.0,0.0,0
83,2015-03-24,2015,3,24,83,13,0,1.0,0.0,0.0,0,1.6,0.0,0.0,1.6,1.6,1.6,0.23,0.36,0,0,0,0,0,0,0.0,0.0,0.0,0.0,0.09,1,0,0.0,0.0,0
84,2015-03-25,2015,3,25,84,13,0,1.0,0.0,0.0,0,0.0,1.6,0.0,1.6,1.6,1.6,0.23,0.36,0,0,0,0,0,0,0.0,0.0,0.0,0.0,0.16,1,0,0.0,0.0,0
85,2015-03-26,2015,3,26,85,13,0,1.0,0.0,0.0,0,0.0,0.0,1.6,0.0,1.6,1.6,0.23,0.36,0,0,0,0,0,0,0.0,0.0,0.0,0.0,0.03,1,0,0.0,0.0,0
86,2015-03-27,2015,3,27,86,13,0,1.0,0.0,0.0,0,0.0,0.0,0.0,0.0,1.6,1.6,0.23,0.36,0,0,0,0,0,0,0.0,0.0,0.0,0.0,0.0,1,0,0.0,0.0,0
87,2015-03-28,2015,3,28,87,13,0,1.0,0.0,0.0,0,0.0,0.0,0.0,0.0,0.0,1.6,0.23,0.34,0,0,0,0,0,0,0.0,0.0,0.0,0.0,0.0,1,0,0.0,0.0,0
88,2015-03-29,2015,3,29,88,13,0,1.0,0.0,0.0,0,0.0,0.0,0.0,0.0,0.0,1.6,0.23,0.34,0,0,0,0,0,0,0.0,0.0,0.0,0.0,0.1,1,0,0.0,0.0,0
89,2015-03-30,2015,3,30,89,14,0,1.0,0.0,0.0,0,0.0,0.0,0.0,0.0,0.0,0.0,0.0,0.34,0,0,0,0,0,0,0.0,0.0,0.0,0.0,0.26,1,0,0.0,0.0,0
90,2015-03-31,2015,3,31,90,14,0,1.0,0.0,0.0,0,0.0,0.0,0.0,0.0,0.0,0.0,0.0,0.34,0,0,0,0,0,0,0.0,0.0,0.0,0.0,0.23,1,0,0.0,0.0,0
91,2015-04-01,2015,4,1,91,14,0,0.866025,-0.5,0.0,0,0.0,0.0,0.0,0.0,0.0,0.0,0.0,0.34,0,0,0,0,0,0,0.0,0.0,0.0,0.0,0.3,1,0,0.0,0.0,0
92,2015-04-02,2015,4,2,92,14,0,0.866025,-0.5,0.0,0,0.0,0.0,0.0,0.0,0.0,0.0,0.0,0.34,0,0,0,0,0,0,0.0,0.0,0.0,0.0,0.22,1,0,0.0,0.0,0
93,2015-04-03,2015,4,3,93,14,0,0.866025,-0.5,12.2,3,0.0,0.0,0.0,12.2,12.2,12.2,1.74,0.75,0,0,1,0,0,0,0.0,0.0,0.0,0.0,0.19,1,0,0.0,0.0,0
94,2015-04-04,2015,4,4,94,14,0,0.866025,-0.5,0.0,0,12.2,0.0,0.0,12.2,12.2,12.2,1.74,0.75,0,0,0,0,0,0,0.0,0.0,0.0,0.0,0.25,1,0,0.0,0.0,0
95,2015-04-05,2015,4,5,95,14,0,0.866025,-0.5,0.0,0,0.0,12.2,0.0,12.2,12.2,12.2,1.74,0.75,0,0,0,0,0,0,0.0,0.0,0.0,0.0,0.35,1,0,0.0,0.0,0
96,2015-04-06,2015,4,6,96,15,0,0.866025,-0.5,0.0,0,0.0,0.0,12.2,0.0,12.2,12.2,1.74,0.75,0,0,0,0,0,0,0.0,0.0,0.0,0.0,0.45,1,0,0.0,0.0,0
97,2015-04-07,2015,4,7,97,15,0,0.866025,-0.5,0.0,0,0.0,0.0,0.0,0.0,12.2,12.2,1.74,0.75,0,0,0,0,0,0,0.0,0.0,0.0,0.0,0.29,1,0,0.0,0.0,0
98,2015-04-08,2015,4,8,98,15,0,0.866025,-0.5,0.0,0,0.0,0.0,0.0,0.0,0.0,12.2,1.74,0.75,0,0,0,0,0,0,0.0,0.0,0.0,0.0,0.14,1,0,0.0,0.0,0
99,2015-04-09,2015,4,9,99,15,0,0.866025,-0.5,0.0,0,0.0,0.0,0.0,0.0,0.0,12.2,1.74,0.75,0,0,0,0,0,0,0.0,0.0,0.0,0.0,0.27,1,0,0.0,0.0,0
100,2015-04-10,2015,4,10,100,15,0,0.866025,-0.5,0.0,0,0.0,0.0,0.0,0.0,0.0,0.0,0.0,0.75,0,0,0,0,0,0,0.0,0.0,0.0,0.0,0.02,1,0,0.0,0.0,0
101,2015-04-11,2015,4,11,101,15,0,0.866025,-0.5,0.0,0,0.0,0.0,0.0,0.0,0.0,0.0,0.0,0.75,0,0,0,0,0,0,0.0,0.0,0.0,0.0,0.0,1,0,0.0,0.0,0
102,2015-04-12,2015,4,12,102,15,0,0.866025,-0.5,0.0,0,0.0,0.0,0.0,0.0,0.0,0.0,0.0,0.75,0,0,0,0,0,0,0.0,0.0,0.0,0.0,0.0,1,0,0.0,0.0,0
103,2015-04-13,2015,4,13,103,16,0,0.866025,-0.5,0.0,0,0.0,0.0,0.0,0.0,0.0,0.0,0.0,0.46,0,0,0,1,1,Lulu,1.0,75.0,0.0,0.0,0.13,1,0,0.0,0.0,0
104,2015-04-14,2015,4,14,104,16,0,0.866025,-0.5,52.6,4,0.0,0.0,0.0,52.6,52.6,52.6,7.51,2.21,1,0,1,1,1,Lulu,1.0,75.0,0.0,1.0,0.29,1,0,0.0,0.0,0
105,2015-04-15,2015,4,15,105,16,0,0.866025,-0.5,39.7,3,52.6,0.0,0.0,92.3,92.3,92.3,13.19,3.54,0,0,2,1,1,Lulu,1.0,75.0,0.0,2.0,0.41,1,0,0.0,0.0,0
106,2015-04-16,2015,4,16,106,16,0,0.866025,-0.5,0.0,0,39.7,52.6,0.0,92.3,92.3,92.3,13.19,3.54,0,0,0,0,0,0,0.0,0.0,0.0,0.0,0.35,1,1,0.43,7.8,1
107,2015-04-17,2015,4,17,107,16,0,0.866025,-0.5,0.0,0,0.0,39.7,52.6,39.7,92.3,92.3,13.19,3.54,0,0,0,0,0,0,0.0,0.0,0.0,0.0,0.25,1,0,0.0,0.0,0
108,2015-04-18,2015,4,18,108,16,0,0.866025,-0.5,2.8,2,0.0,0.0,39.7,2.8,95.1,95.1,13.59,3.63,0,0,1,0,0,0,0.0,0.0,0.0,0.0,0.27,1,0,0.0,0.0,0
109,2015-04-19,2015,4,19,109,16,0,0.866025,-0.5,0.0,0,2.8,0.0,0.0,2.8,42.5,95.1,13.59,3.63,0,0,0,0,0,0,0.0,0.0,0.0,0.0,0.13,1,0,0.0,0.0,0
110,2015-04-20,2015,4,20,110,17,0,0.866025,-0.5,0.0,0,0.0,2.8,0.0,2.8,2.8,95.1,13.59,3.63,0,0,0,0,0,0,0.0,0.0,0.0,0.0,0.01,1,0,0.0,0.0,0
111,2015-04-21,2015,4,21,111,17,0,0.866025,-0.5,23.0,3,0.0,0.0,2.8,23.0,25.8,65.5,9.36,4.4,0,0,1,0,0,0,0.0,0.0,0.0,0.0,0.04,1,0,0.0,0.0,0
112,2015-04-22,2015,4,22,112,17,0,0.866025,-0.5,6.5,2,23.0,0.0,0.0,29.5,32.3,32.3,4.61,4.56,0,0,2,0,0,0,0.0,0.0,0.0,0.0,0.04,1,0,0.0,0.0,0
113,2015-04-23,2015,4,23,113,17,0,0.866025,-0.5,0.0,0,6.5,23.0,0.0,29.5,29.5,32.3,4.61,4.56,0,0,0,0,0,0,0.0,0.0,0.0,0.0,0.0,1,0,0.0,0.0,0
114,2015-04-24,2015,4,24,114,17,0,0.866025,-0.5,15.9,3,0.0,6.5,23.0,22.4,45.4,48.2,6.89,5.09,0,0,1,0,0,0,0.0,0.0,0.0,0.0,0.06,1,0,0.0,0.0,0
115,2015-04-25,2015,4,25,115,17,0,0.866025,-0.5,0.0,0,15.9,0.0,6.5,15.9,45.4,45.4,6.49,5.09,0,0,0,0,0,0,0.0,0.0,0.0,0.0,0.25,1,0,0.0,0.0,0
116,2015-04-26,2015,4,26,116,17,0,0.866025,-0.5,0.0,0,0.0,15.9,0.0,15.9,22.4,45.4,6.49,5.09,0,0,0,0,0,0,0.0,0.0,0.0,0.0,0.18,1,0,0.0,0.0,0
117,2015-04-27,2015,4,27,117,18,0,0.866025,-0.5,0.0,0,0.0,0.0,15.9,0.0,15.9,45.4,6.49,5.09,0,0,0,0,0,0,0.0,0.0,0.0,0.0,0.22,1,0,0.0,0.0,0
118,2015-04-28,2015,4,28,118,18,0,0.866025,-0.5,0.0,0,0.0,0.0,0.0,0.0,15.9,22.4,3.2,5.09,0,0,0,0,0,0,0.0,0.0,0.0,0.0,0.15,1,1,0.49,3.0,1
119,2015-04-29,2015,4,29,119,18,0,0.866025,-0.5,0.0,0,0.0,0.0,0.0,0.0,0.0,15.9,2.27,5.09,0,0,0,0,0,0,0.0,0.0,0.0,0.0,0.23,1,0,0.0,0.0,0
120,2015-04-30,2015,4,30,120,18,0,0.866025,-0.5,0.0,0,0.0,0.0,0.0,0.0,0.0,15.9,2.27,5.09,0,0,0,0,0,0,0.0,0.0,0.0,0.0,0.08,1,0,0.0,0.0,0
121,2015-05-01,2015,5,1,121,18,0,0.5,-0.866025,0.0,0,0.0,0.0,0.0,0.0,0.0,0.0,0.0,5.09,0,0,0,0,0,0,0.0,0.0,0.0,0.0,0.14,1,0,0.0,0.0,0
122,2015-05-02,2015,5,2,122,18,0,0.5,-0.866025,0.0,0,0.0,0.0,0.0,0.0,0.0,0.0,0.0,5.09,0,0,0,0,0,0,0.0,0.0,0.0,0.0,0.15,1,0,0.0,0.0,0
123,2015-05-03,2015,5,3,123,18,0,0.5,-0.866025,0.0,0,0.0,0.0,0.0,0.0,0.0,0.0,0.0,4.68,0,0,0,0,0,0,0.0,0.0,0.0,0.0,0.15,1,0,0.0,0.0,0
124,2015-05-04,2015,5,4,124,19,0,0.5,-0.866025,0.0,0,0.0,0.0,0.0,0.0,0.0,0.0,0.0,4.68,0,0,0,0,0,0,0.0,0.0,0.0,0.0,0.01,1,0,0.0,0.0,0
125,2015-05-05,2015,5,5,125,19,0,0.5,-0.866025,0.0,0,0.0,0.0,0.0,0.0,0.0,0.0,0.0,4.68,0,0,0,0,0,0,0.0,0.0,0.0,0.0,0.0,1,0,0.0,0.0,0
126,2015-05-06,2015,5,6,126,19,0,0.5,-0.866025,0.0,0,0.0,0.0,0.0,0.0,0.0,0.0,0.0,4.68,0,0,0,0,0,0,0.0,0.0,0.0,0.0,0.12,1,0,0.0,0.0,0
127,2015-05-07,2015,5,7,127,19,0,0.5,-0.866025,0.0,0,0.0,0.0,0.0,0.0,0.0,0.0,0.0,4.68,0,0,0,0,0,0,0.0,0.0,0.0,0.0,0.0,1,0,0.0,0.0,0
128,2015-05-08,2015,5,8,128,19,0,0.5,-0.866025,0.0,0,0.0,0.0,0.0,0.0,0.0,0.0,0.0,4.68,0,0,0,0,0,0,0.0,0.0,0.0,0.0,0.0,1,0,0.0,0.0,0
129,2015-05-09,2015,5,9,129,19,0,0.5,-0.866025,19.0,3,0.0,0.0,0.0,19.0,19.0,19.0,2.71,5.32,0,0,1,0,0,0,0.0,0.0,0.0,0.0,0.1,1,0,0.0,0.0,0
130,2015-05-10,2015,5,10,130,19,0,0.5,-0.866025,25.4,3,19.0,0.0,0.0,44.4,44.4,44.4,6.34,6.16,0,0,2,0,0,0,0.0,0.0,0.0,0.0,0.35,1,0,0.0,0.0,0
131,2015-05-11,2015,5,11,131,20,0,0.5,-0.866025,0.0,0,25.4,19.0,0.0,44.4,44.4,44.4,6.34,6.16,0,0,0,0,0,0,0.0,0.0,0.0,0.0,0.38,1,0,0.0,0.0,0
132,2015-05-12,2015,5,12,132,20,0,0.5,-0.866025,57.0,4,0.0,25.4,19.0,82.4,101.4,101.4,14.49,8.06,1,0,1,0,0,0,0.0,0.0,0.0,0.0,0.62,1,0,0.0,0.0,0
133,2015-05-13,2015,5,13,133,20,0,0.5,-0.866025,4.2,2,57.0,0.0,25.4,61.2,105.6,105.6,15.09,8.2,0,0,2,0,0,0,0.0,0.0,0.0,0.0,0.47,1,0,0.0,0.0,0
134,2015-05-14,2015,5,14,134,20,0,0.5,-0.866025,0.0,0,4.2,57.0,0.0,61.2,86.6,105.6,15.09,6.45,0,0,0,0,0,0,0.0,0.0,0.0,0.0,0.39,1,0,0.0,0.0,0
135,2015-05-15,2015,5,15,135,20,0,0.5,-0.866025,0.0,0,0.0,4.2,57.0,4.2,61.2,105.6,15.09,5.13,0,0,0,0,0,0,0.0,0.0,0.0,0.0,0.25,1,0,0.0,0.0,0
136,2015-05-16,2015,5,16,136,20,0,0.5,-0.866025,68.0,4,0.0,0.0,4.2,68.0,129.2,154.6,22.09,7.39,1,0,1,0,0,0,0.0,0.0,0.0,0.0,0.4,1,0,0.0,0.0,0
137,2015-05-17,2015,5,17,137,20,0,0.5,-0.866025,32.3,3,68.0,0.0,0.0,100.3,104.5,161.5,23.07,8.47,0,0,2,0,0,0,0.0,0.0,0.0,0.0,0.43,1,0,0.0,0.0,0
138,2015-05-18,2015,5,18,138,21,0,0.5,-0.866025,11.4,3,32.3,68.0,0.0,111.7,111.7,172.9,24.7,8.76,0,0,3,0,0,0,0.0,0.0,0.0,0.0,0.32,1,0,0.0,0.0,0
139,2015-05-19,2015,5,19,139,21,0,0.5,-0.866025,0.0,0,11.4,32.3,68.0,43.7,111.7,115.9,16.56,8.76,0,0,0,0,0,0,0.0,0.0,0.0,0.0,0.37,1,0,0.0,0.0,0
140,2015-05-20,2015,5,20,140,21,0,0.5,-0.866025,0.0,0,0.0,11.4,32.3,11.4,111.7,111.7,15.96,8.76,0,0,0,0,0,0,0.0,0.0,0.0,0.0,0.3,1,0,0.0,0.0,0
141,2015-05-21,2015,5,21,141,21,0,0.5,-0.866025,0.0,0,0.0,0.0,11.4,0.0,43.7,111.7,15.96,7.99,0,0,0,0,0,0,0.0,0.0,0.0,0.0,0.21,1,0,0.0,0.0,0
142,2015-05-22,2015,5,22,142,21,0,0.5,-0.866025,34.7,3,0.0,0.0,0.0,34.7,46.1,146.4,20.91,8.93,0,0,1,0,0,0,0.0,0.0,0.0,0.0,0.2,1,0,0.0,0.0,0
143,2015-05-23,2015,5,23,143,21,0,0.5,-0.866025,68.0,4,34.7,0.0,0.0,102.7,102.7,146.4,20.91,11.2,1,0,2,0,0,0,0.0,0.0,0.0,0.0,0.5,1,1,0.49,7.0,1
144,2015-05-24,2015,5,24,144,21,0,0.5,-0.866025,26.5,3,68.0,34.7,0.0,129.2,129.2,140.6,20.09,11.55,0,0,3,1,1,Gener,1.0,95.0,0.0,0.0,0.55,1,0,0.0,0.0,0
145,2015-05-25,2015,5,25,145,22,0,0.5,-0.866025,10.1,3,26.5,68.0,34.7,104.6,139.3,139.3,19.9,11.89,0,0,4,1,1,Gener,1.0,95.0,0.0,1.0,0.44,1,1,0.96,19.7,2
146,2015-05-26,2015,5,26,146,22,0,0.5,-0.866025,38.6,3,10.1,26.5,68.0,75.2,177.9,177.9,25.41,13.17,0,0,5,1,1,Gener,1.0,95.0,0.0,2.0,0.38,1,0,0.0,0.0,0
147,2015-05-27,2015,5,27,147,22,0,0.5,-0.866025,32.3,3,38.6,10.1,26.5,81.0,175.5,210.2,30.03,14.25,0,0,6,0,0,0,0.0,0.0,0.0,0.0,0.48,1,1,0.49,8.6,1
148,2015-05-28,2015,5,28,148,22,0,0.5,-0.866025,0.0,0,32.3,38.6,10.1,70.9,107.5,210.2,30.03,14.25,0,0,0,0,0,0,0.0,0.0,0.0,0.0,0.37,1,0,0.0,0.0,0
149,2015-05-29,2015,5,29,149,22,0,0.5,-0.866025,43.0,3,0.0,32.3,38.6,75.3,124.0,218.5,31.21,15.68,0,0,1,0,0,0,0.0,0.0,0.0,0.0,0.52,1,0,0.0,0.0,0
150,2015-05-30,2015,5,30,150,22,0,0.5,-0.866025,0.0,0,43.0,0.0,32.3,43.0,113.9,150.5,21.5,15.68,0,0,0,0,0,0,0.0,0.0,0.0,0.0,0.42,1,0,0.0,0.0,0
151,2015-05-31,2015,5,31,151,22,0,0.5,-0.866025,0.0,0,0.0,43.0,0.0,43.0,75.3,124.0,17.71,15.68,0,0,0,0,0,0,0.0,0.0,0.0,0.0,0.46,1,0,0.0,0.0,0
152,2015-06-01,2015,6,1,152,23,1,0.0,-1.0,46.2,3,0.0,0.0,43.0,46.2,89.2,160.1,22.87,17.22,0,0,1,0,0,0,0.0,0.0,0.0,0.0,0.52,1,0,0.0,0.0,0
153,2015-06-02,2015,6,2,153,23,1,0.0,-1.0,0.0,0,46.2,0.0,0.0,46.2,89.2,121.5,17.36,17.22,0,0,0,0,0,0,0.0,0.0,0.0,0.0,0.56,1,0,0.0,0.0,0
154,2015-06-03,2015,6,3,154,23,1,0.0,-1.0,17.4,3,0.0,46.2,0.0,63.6,63.6,106.6,15.23,17.8,0,0,1,0,0,0,0.0,0.0,0.0,0.0,0.57,1,0,0.0,0.0,0
155,2015-06-04,2015,6,4,155,23,1,0.0,-1.0,0.0,0,17.4,0.0,46.2,17.4,63.6,106.6,15.23,17.8,0,0,0,0,0,0,0.0,0.0,0.0,0.0,0.34,1,0,0.0,0.0,0
156,2015-06-05,2015,6,5,156,23,1,0.0,-1.0,58.0,4,0.0,17.4,0.0,75.4,121.6,121.6,17.37,19.74,1,0,1,0,0,0,0.0,0.0,0.0,0.0,0.44,1,1,0.43,2.8,1
157,2015-06-06,2015,6,6,157,23,1,0.0,-1.0,54.6,4,58.0,0.0,17.4,112.6,130.0,176.2,25.17,21.56,1,0,2,0,0,0,0.0,0.0,0.0,0.0,0.67,1,0,0.0,0.0,0
158,2015-06-07,2015,6,7,158,23,1,0.0,-1.0,1.5,1,54.6,58.0,0.0,114.1,131.5,177.7,25.39,21.61,0,0,3,0,0,0,0.0,0.0,0.0,0.0,0.56,1,0,0.0,0.0,0
159,2015-06-08,2015,6,8,159,24,1,0.0,-1.0,0.0,0,1.5,54.6,58.0,56.1,114.1,131.5,18.79,20.97,0,0,0,0,0,0,0.0,0.0,0.0,0.0,0.4,1,0,0.0,0.0,0
160,2015-06-09,2015,6,9,160,24,1,0.0,-1.0,0.0,0,0.0,1.5,54.6,1.5,114.1,131.5,18.79,20.13,0,0,0,0,0,0,0.0,0.0,0.0,0.0,0.33,1,0,0.0,0.0,0
161,2015-06-10,2015,6,10,161,24,1,0.0,-1.0,6.8,2,0.0,0.0,1.5,6.8,62.9,120.9,17.27,20.35,0,0,1,0,0,0,0.0,0.0,0.0,0.0,0.39,1,0,0.0,0.0,0
162,2015-06-11,2015,6,11,162,24,1,0.0,-1.0,4.0,2,6.8,0.0,0.0,10.8,12.3,124.9,17.84,18.59,0,0,2,0,0,0,0.0,0.0,0.0,0.0,0.36,1,0,0.0,0.0,0
163,2015-06-12,2015,6,12,163,24,1,0.0,-1.0,0.0,0,4.0,6.8,0.0,10.8,10.8,66.9,9.56,18.45,0,0,0,0,0,0,0.0,0.0,0.0,0.0,0.27,1,0,0.0,0.0,0
164,2015-06-13,2015,6,13,164,24,1,0.0,-1.0,0.0,0,0.0,4.0,6.8,4.0,10.8,12.3,1.76,18.45,0,0,0,0,0,0,0.0,0.0,0.0,0.0,0.06,1,0,0.0,0.0,0
165,2015-06-14,2015,6,14,165,24,1,0.0,-1.0,0.0,0,0.0,0.0,4.0,0.0,10.8,10.8,1.54,18.45,0,0,0,0,0,0,0.0,0.0,0.0,0.0,0.2,1,0,0.0,0.0,0
166,2015-06-15,2015,6,15,166,25,1,0.0,-1.0,44.2,3,0.0,0.0,0.0,44.2,48.2,55.0,7.86,17.65,0,0,1,0,0,0,0.0,0.0,0.0,0.0,0.22,1,0,0.0,0.0,0
167,2015-06-16,2015,6,16,167,25,1,0.0,-1.0,0.0,0,44.2,0.0,0.0,44.2,44.2,55.0,7.86,16.58,0,0,0,0,0,0,0.0,0.0,0.0,0.0,0.27,1,0,0.0,0.0,0
168,2015-06-17,2015,6,17,168,25,1,0.0,-1.0,28.2,3,0.0,44.2,0.0,72.4,72.4,76.4,10.91,17.14,0,0,1,0,0,0,0.0,0.0,0.0,0.0,0.17,1,0,0.0,0.0,0
169,2015-06-18,2015,6,18,169,25,1,0.0,-1.0,63.0,4,28.2,0.0,44.2,91.2,135.4,135.4,19.34,19.24,1,0,2,0,0,0,0.0,0.0,0.0,0.0,0.3,1,0,0.0,0.0,0
170,2015-06-19,2015,6,19,170,25,1,0.0,-1.0,53.9,4,63.0,28.2,0.0,145.1,189.3,189.3,27.04,21.03,1,0,3,0,0,0,0.0,0.0,0.0,0.0,0.34,1,0,0.0,0.0,0
171,2015-06-20,2015,6,20,171,25,1,0.0,-1.0,0.0,0,53.9,63.0,28.2,116.9,145.1,189.3,27.04,21.03,0,0,0,0,0,0,0.0,0.0,0.0,0.0,0.35,1,0,0.0,0.0,0
172,2015-06-21,2015,6,21,172,25,1,0.0,-1.0,44.2,3,0.0,53.9,63.0,98.1,189.3,233.5,33.36,21.35,0,0,1,0,0,0,0.0,0.0,0.0,0.0,0.37,1,0,0.0,0.0,0
173,2015-06-22,2015,6,22,173,26,1,0.0,-1.0,0.0,0,44.2,0.0,53.9,44.2,161.1,189.3,27.04,19.08,0,0,0,0,0,0,0.0,0.0,0.0,0.0,0.35,1,0,0.0,0.0,0
174,2015-06-23,2015,6,23,174,26,1,0.0,-1.0,34.6,3,0.0,44.2,0.0,78.8,132.7,223.9,31.99,19.35,0,0,1,0,0,0,0.0,0.0,0.0,0.0,0.55,1,0,0.0,0.0,0
175,2015-06-24,2015,6,24,175,26,1,0.0,-1.0,26.9,3,34.6,0.0,44.2,61.5,105.7,222.6,31.8,19.91,0,0,2,0,0,0,0.0,0.0,0.0,0.0,0.54,1,0,0.0,0.0,0
176,2015-06-25,2015,6,25,176,26,1,0.0,-1.0,36.6,3,26.9,34.6,0.0,98.1,142.3,196.2,28.03,19.85,0,0,3,0,0,0,0.0,0.0,0.0,0.0,0.48,1,1,0.37,20.1,2
177,2015-06-26,2015,6,26,177,26,1,0.0,-1.0,63.3,4,36.6,26.9,34.6,126.8,161.4,205.6,29.37,20.88,1,0,4,0,0,0,0.0,0.0,0.0,0.0,0.56,1,0,0.0,0.0,0
178,2015-06-27,2015,6,27,178,26,1,0.0,-1.0,0.0,0,63.3,36.6,26.9,99.9,161.4,205.6,29.37,20.88,0,0,0,0,0,0,0.0,0.0,0.0,0.0,0.36,1,0,0.0,0.0,0
179,2015-06-28,2015,6,28,179,26,1,0.0,-1.0,44.0,3,0.0,63.3,36.6,107.3,170.8,205.4,29.34,20.91,0,0,1,0,0,0,0.0,0.0,0.0,0.0,0.51,1,0,0.0,0.0,0
180,2015-06-29,2015,6,29,180,27,1,0.0,-1.0,58.0,4,44.0,0.0,63.3,102.0,201.9,263.4,37.63,22.85,1,0,2,0,0,0,0.0,0.0,0.0,0.0,0.66,1,1,0.42,11.8,2
181,2015-06-30,2015,6,30,181,27,1,0.0,-1.0,1.5,1,58.0,44.0,0.0,103.5,166.8,230.3,32.9,22.9,0,0,3,0,0,0,0.0,0.0,0.0,0.0,0.56,1,0,0.0,0.0,0
182,2015-07-01,2015,7,1,182,27,1,-0.5,-0.866025,0.0,0,1.5,58.0,44.0,59.5,103.5,203.4,29.06,21.36,0,0,0,0,0,0,0.0,0.0,0.0,0.0,0.36,1,0,0.0,0.0,0
183,2015-07-02,2015,7,2,183,27,1,-0.5,-0.866025,0.0,0,0.0,1.5,58.0,1.5,103.5,166.8,23.83,21.36,0,0,0,0,0,0,0.0,0.0,0.0,0.0,0.09,1,0,0.0,0.0,0
184,2015-07-03,2015,7,3,184,27,1,-0.5,-0.866025,14.4,3,0.0,0.0,1.5,14.4,73.9,117.9,16.84,21.26,0,0,1,0,0,0,0.0,0.0,0.0,0.0,0.08,1,0,0.0,0.0,0
185,2015-07-04,2015,7,4,185,27,1,-0.5,-0.866025,0.0,0,14.4,0.0,0.0,14.4,15.9,117.9,16.84,21.26,0,0,0,0,0,0,0.0,0.0,0.0,0.0,0.04,1,0,0.0,0.0,0
186,2015-07-05,2015,7,5,186,27,1,-0.5,-0.866025,0.0,0,0.0,14.4,0.0,14.4,14.4,73.9,10.56,19.32,0,0,0,0,0,0,0.0,0.0,0.0,0.0,0.0,1,0,0.0,0.0,0
187,2015-07-06,2015,7,6,187,28,1,-0.5,-0.866025,0.0,0,0.0,0.0,14.4,0.0,14.4,15.9,2.27,17.5,0,0,0,0,0,0,0.0,0.0,0.0,0.0,0.0,1,0,0.0,0.0,0
188,2015-07-07,2015,7,7,188,28,1,-0.5,-0.866025,95.1,4,0.0,0.0,0.0,95.1,109.5,109.5,15.64,20.62,1,0,1,0,0,0,0.0,0.0,0.0,0.0,0.28,1,1,0.31,3.6,1
189,2015-07-08,2015,7,8,189,28,1,-0.5,-0.866025,0.0,0,95.1,0.0,0.0,95.1,95.1,109.5,15.64,20.62,0,0,0,0,0,0,0.0,0.0,0.0,0.0,0.3,1,0,0.0,0.0,0
190,2015-07-09,2015,7,9,190,28,1,-0.5,-0.866025,71.7,4,0.0,95.1,0.0,166.8,166.8,181.2,25.89,23.01,1,0,1,0,0,0,0.0,0.0,0.0,0.0,0.29,1,0,0.0,0.0,0
191,2015-07-10,2015,7,10,191,28,1,-0.5,-0.866025,14.4,3,71.7,0.0,95.1,86.1,181.2,181.2,25.89,23.27,0,0,2,0,0,0,0.0,0.0,0.0,0.0,0.23,1,0,0.0,0.0,0
192,2015-07-11,2015,7,11,192,28,1,-0.5,-0.866025,0.0,0,14.4,71.7,0.0,86.1,181.2,181.2,25.89,23.13,0,0,0,0,0,0,0.0,0.0,0.0,0.0,0.27,1,0,0.0,0.0,0
193,2015-07-12,2015,7,12,193,28,1,-0.5,-0.866025,37.2,3,0.0,14.4,71.7,51.6,123.3,218.4,31.2,24.37,0,0,1,0,0,0,0.0,0.0,0.0,0.0,0.14,1,0,0.0,0.0,0
194,2015-07-13,2015,7,13,194,29,1,-0.5,-0.866025,0.0,0,37.2,0.0,14.4,37.2,123.3,218.4,31.2,24.37,0,0,0,0,0,0,0.0,0.0,0.0,0.0,0.1,1,0,0.0,0.0,0
195,2015-07-14,2015,7,14,195,29,1,-0.5,-0.866025,0.0,0,0.0,37.2,0.0,37.2,51.6,123.3,17.61,24.37,0,0,0,0,0,0,0.0,0.0,0.0,0.0,0.08,1,0,0.0,0.0,0
196,2015-07-15,2015,7,15,196,29,1,-0.5,-0.866025,89.2,4,0.0,0.0,37.2,89.2,126.4,212.5,30.36,25.87,1,0,1,0,0,0,0.0,0.0,0.0,0.0,0.37,1,0,0.0,0.0,0
197,2015-07-16,2015,7,16,197,29,1,-0.5,-0.866025,0.0,0,89.2,0.0,0.0,89.2,126.4,140.8,20.11,25.87,0,0,0,0,0,0,0.0,0.0,0.0,0.0,0.46,1,0,0.0,0.0,0
198,2015-07-17,2015,7,17,198,29,1,-0.5,-0.866025,24.9,3,0.0,89.2,0.0,114.1,114.1,151.3,21.61,25.76,0,0,1,0,0,0,0.0,0.0,0.0,0.0,0.45,1,0,0.0,0.0,0
199,2015-07-18,2015,7,18,199,29,1,-0.5,-0.866025,15.8,3,24.9,0.0,89.2,40.7,129.9,167.1,23.87,24.19,0,0,2,0,0,0,0.0,0.0,0.0,0.0,0.35,1,0,0.0,0.0,0
200,2015-07-19,2015,7,19,200,29,1,-0.5,-0.866025,100.3,4,15.8,24.9,0.0,141.0,230.2,230.2,32.89,25.74,1,1,3,0,0,0,0.0,0.0,0.0,0.0,0.57,1,0,0.0,0.0,0
201,2015-07-20,2015,7,20,201,30,1,-0.5,-0.866025,0.0,0,100.3,15.8,24.9,116.1,141.0,230.2,32.89,25.74,0,0,0,0,0,0,0.0,0.0,0.0,0.0,0.46,1,0,0.0,0.0,0
202,2015-07-21,2015,7,21,202,30,1,-0.5,-0.866025,3.4,2,0.0,100.3,15.8,103.7,144.4,233.6,33.37,24.38,0,0,1,0,0,0,0.0,0.0,0.0,0.0,0.3,1,0,0.0,0.0,0
203,2015-07-22,2015,7,22,203,30,1,-0.5,-0.866025,0.0,0,3.4,0.0,100.3,3.4,119.5,144.4,20.63,24.38,0,0,0,0,0,0,0.0,0.0,0.0,0.0,0.1,1,0,0.0,0.0,0
204,2015-07-23,2015,7,23,204,30,1,-0.5,-0.866025,33.4,3,0.0,3.4,0.0,36.8,137.1,177.8,25.4,24.34,0,0,1,0,0,0,0.0,0.0,0.0,0.0,0.12,1,0,0.0,0.0,0
205,2015-07-24,2015,7,24,205,30,1,-0.5,-0.866025,49.5,3,33.4,0.0,3.4,82.9,86.3,202.4,28.91,25.09,0,0,2,0,0,0,0.0,0.0,0.0,0.0,0.23,1,0,0.0,0.0,0
206,2015-07-25,2015,7,25,206,30,1,-0.5,-0.866025,0.0,0,49.5,33.4,0.0,82.9,86.3,186.6,26.66,23.87,0,0,0,0,0,0,0.0,0.0,0.0,0.0,0.34,1,0,0.0,0.0,0
207,2015-07-26,2015,7,26,207,30,1,-0.5,-0.866025,45.9,3,0.0,49.5,33.4,95.4,128.8,132.2,18.89,23.29,0,0,1,0,0,0,0.0,0.0,0.0,0.0,0.36,1,1,0.4,7.0,1
208,2015-07-27,2015,7,27,208,31,1,-0.5,-0.866025,94.1,4,45.9,0.0,49.5,140.0,222.9,226.3,32.33,26.43,1,0,2,0,0,0,0.0,0.0,0.0,0.0,0.55,1,1,0.49,8.6,2
209,2015-07-28,2015,7,28,209,31,1,-0.5,-0.866025,23.0,3,94.1,45.9,0.0,163.0,212.5,245.9,35.13,25.73,0,0,3,0,0,0,0.0,0.0,0.0,0.0,0.39,1,0,0.0,0.0,0
210,2015-07-29,2015,7,29,210,31,1,-0.5,-0.866025,0.0,0,23.0,94.1,45.9,117.1,163.0,245.9,35.13,23.79,0,0,0,0,0,0,0.0,0.0,0.0,0.0,0.43,1,1,0.33,8.4,1
211,2015-07-30,2015,7,30,211,31,1,-0.5,-0.866025,94.1,4,0.0,23.0,94.1,117.1,257.1,306.6,43.8,26.88,1,0,1,0,0,0,0.0,0.0,0.0,0.0,0.69,1,1,1.43,37.3,3
212,2015-07-31,2015,7,31,212,31,1,-0.5,-0.866025,45.9,3,94.1,0.0,23.0,140.0,257.1,303.0,43.29,28.41,0,0,2,0,0,0,0.0,0.0,0.0,0.0,0.78,1,1,1.26,19.1,3
213,2015-08-01,2015,8,1,213,31,1,-0.866025,-0.5,38.6,3,45.9,94.1,0.0,178.6,201.6,341.6,48.8,29.7,0,0,3,0,0,0,0.0,0.0,0.0,0.0,0.8,1,1,1.43,28.2,3
214,2015-08-02,2015,8,2,214,31,1,-0.866025,-0.5,18.2,3,38.6,45.9,94.1,102.7,196.8,313.9,44.84,29.82,0,0,4,0,0,0,0.0,0.0,0.0,0.0,0.63,1,1,0.32,10.2,1
215,2015-08-03,2015,8,3,215,32,1,-0.866025,-0.5,84.4,4,18.2,38.6,45.9,141.2,281.2,304.2,43.46,32.64,1,0,5,0,0,0,0.0,0.0,0.0,0.0,0.81,1,0,0.0,0.0,0
216,2015-08-04,2015,8,4,216,32,1,-0.866025,-0.5,113.1,4,84.4,18.2,38.6,215.7,300.2,394.3,56.33,36.41,1,1,6,0,0,0,0.0,0.0,0.0,0.0,0.93,1,1,1.16,18.4,3
217,2015-08-05,2015,8,5,217,32,1,-0.866025,-0.5,2.3,1,113.1,84.4,18.2,199.8,256.6,396.6,56.66,36.48,0,0,7,0,0,0,0.0,0.0,0.0,0.0,0.8,1,0,0.0,0.0,0
218,2015-08-06,2015,8,6,218,32,1,-0.866025,-0.5,13.1,3,2.3,113.1,84.4,128.5,231.1,315.6,45.09,33.75,0,0,8,0,0,0,0.0,0.0,0.0,0.0,0.79,1,0,0.0,0.0,0
219,2015-08-07,2015,8,7,219,32,1,-0.866025,-0.5,52.8,4,13.1,2.3,113.1,68.2,265.7,322.5,46.07,35.51,1,0,9,0,0,0,0.0,0.0,0.0,0.0,1.0,1,1,0.94,45.4,2
220,2015-08-08,2015,8,8,220,32,1,-0.866025,-0.5,29.6,3,52.8,13.1,2.3,95.5,210.9,313.5,44.79,34.11,0,0,10,0,0,0,0.0,0.0,0.0,0.0,0.82,1,0,0.0,0.0,0
221,2015-08-09,2015,8,9,221,32,1,-0.866025,-0.5,0.0,0,29.6,52.8,13.1,82.4,97.8,295.3,42.19,33.63,0,0,0,0,0,0,0.0,0.0,0.0,0.0,0.77,1,0,0.0,0.0,0
222,2015-08-10,2015,8,10,222,33,1,-0.866025,-0.5,41.1,3,0.0,29.6,52.8,70.7,136.6,252.0,36.0,35.0,0,0,1,0,0,0,0.0,0.0,0.0,0.0,0.83,1,0,0.0,0.0,0
223,2015-08-11,2015,8,11,223,33,1,-0.866025,-0.5,15.4,3,41.1,0.0,29.6,56.5,138.9,154.3,22.04,34.27,0,0,2,0,0,0,0.0,0.0,0.0,0.0,0.61,1,1,0.51,10.5,1
224,2015-08-12,2015,8,12,224,33,1,-0.866025,-0.5,58.8,4,15.4,41.1,0.0,115.3,144.9,210.8,30.11,36.23,1,0,3,0,0,0,0.0,0.0,0.0,0.0,0.71,1,0,0.0,0.0,0
225,2015-08-13,2015,8,13,225,33,1,-0.866025,-0.5,134.0,4,58.8,15.4,41.1,208.2,249.3,331.7,47.39,40.7,1,1,4,0,0,0,0.0,0.0,0.0,0.0,1.0,1,1,1.04,39.1,3
226,2015-08-14,2015,8,14,226,33,1,-0.866025,-0.5,14.2,3,134.0,58.8,15.4,207.0,263.5,293.1,41.87,38.2,0,0,5,0,0,0,0.0,0.0,0.0,0.0,0.79,1,0,0.0,0.0,0
227,2015-08-15,2015,8,15,227,33,1,-0.866025,-0.5,0.0,0,14.2,134.0,58.8,148.2,222.4,263.5,37.64,38.2,0,0,0,0,0,0,0.0,0.0,0.0,0.0,0.67,1,0,0.0,0.0,0
228,2015-08-16,2015,8,16,228,33,1,-0.866025,-0.5,22.6,3,0.0,14.2,134.0,36.8,229.6,286.1,40.87,38.12,0,0,1,0,0,0,0.0,0.0,0.0,0.0,0.6,1,1,0.49,5.7,1
229,2015-08-17,2015,8,17,229,34,1,-0.866025,-0.5,47.0,3,22.6,0.0,14.2,69.6,217.8,292.0,41.71,39.16,0,0,2,0,0,0,0.0,0.0,0.0,0.0,0.67,1,1,0.19,7.2,1
230,2015-08-18,2015,8,18,230,34,1,-0.866025,-0.5,0.0,0,47.0,22.6,0.0,69.6,83.8,276.6,39.51,35.82,0,0,0,0,0,0,0.0,0.0,0.0,0.0,0.47,1,0,0.0,0.0,0
231,2015-08-19,2015,8,19,231,34,1,-0.866025,-0.5,25.7,3,0.0,47.0,22.6,72.7,95.3,243.5,34.79,36.67,0,0,1,0,0,0,0.0,0.0,0.0,0.0,0.47,1,0,0.0,0.0,0
232,2015-08-20,2015,8,20,232,34,1,-0.866025,-0.5,0.0,0,25.7,0.0,47.0,25.7,95.3,109.5,15.64,36.56,0,0,0,0,0,0,0.0,0.0,0.0,0.0,0.42,1,0,0.0,0.0,0
233,2015-08-21,2015,8,21,233,34,1,-0.866025,-0.5,85.9,4,0.0,25.7,0.0,111.6,158.6,181.2,25.89,39.42,1,0,1,0,0,0,0.0,0.0,0.0,0.0,0.57,1,0,0.0,0.0,0
234,2015-08-22,2015,8,22,234,34,1,-0.866025,-0.5,39.6,3,85.9,0.0,25.7,125.5,151.2,220.8,31.54,39.63,0,0,2,0,0,0,0.0,0.0,0.0,0.0,0.52,1,0,0.0,0.0,0
235,2015-08-23,2015,8,23,235,34,1,-0.866025,-0.5,33.2,3,39.6,85.9,0.0,158.7,184.4,231.4,33.06,39.09,0,0,3,0,0,0,0.0,0.0,0.0,0.0,0.52,1,1,0.5,10.7,1
236,2015-08-24,2015,8,24,236,35,1,-0.866025,-0.5,0.0,0,33.2,39.6,85.9,72.8,158.7,184.4,26.34,39.09,0,0,0,0,0,0,0.0,0.0,0.0,0.0,0.37,1,0,0.0,0.0,0
237,2015-08-25,2015,8,25,237,35,1,-0.866025,-0.5,43.9,3,0.0,33.2,39.6,77.1,202.6,228.3,32.61,39.02,0,0,1,0,0,0,0.0,0.0,0.0,0.0,0.44,1,0,0.0,0.0,0
238,2015-08-26,2015,8,26,238,35,1,-0.866025,-0.5,41.1,3,43.9,0.0,33.2,85.0,157.8,243.7,34.81,37.25,0,0,2,0,0,0,0.0,0.0,0.0,0.0,0.42,1,0,0.0,0.0,0
239,2015-08-27,2015,8,27,239,35,1,-0.866025,-0.5,85.9,4,41.1,43.9,0.0,170.9,204.1,329.6,47.09,39.35,1,0,3,0,0,0,0.0,0.0,0.0,0.0,0.71,1,0,0.0,0.0,0
240,2015-08-28,2015,8,28,240,35,1,-0.866025,-0.5,0.0,0,85.9,41.1,43.9,127.0,170.9,243.7,34.81,39.35,0,0,0,0,0,0,0.0,0.0,0.0,0.0,0.59,1,0,0.0,0.0,0
241,2015-08-29,2015,8,29,241,35,1,-0.866025,-0.5,141.5,4,0.0,85.9,41.1,227.4,312.4,345.6,49.37,40.93,1,1,1,0,0,0,0.0,0.0,0.0,0.0,0.82,1,0,0.0,0.0,0
242,2015-08-30,2015,8,30,242,35,1,-0.866025,-0.5,0.0,0,141.5,0.0,85.9,141.5,268.5,312.4,44.63,39.4,0,0,0,0,0,0,0.0,0.0,0.0,0.0,0.78,1,1,0.49,10.4,1
243,2015-08-31,2015,8,31,243,36,1,-0.866025,-0.5,0.0,0,0.0,141.5,0.0,141.5,227.4,312.4,44.63,38.11,0,0,0,0,0,0,0.0,0.0,0.0,0.0,0.55,1,0,0.0,0.0,0
244,2015-09-01,2015,9,1,244,36,1,-1.0,-0.0,0.0,0,0.0,0.0,141.5,0.0,141.5,268.5,38.36,37.51,0,0,0,0,0,0,0.0,0.0,0.0,0.0,0.41,1,0,0.0,0.0,0
245,2015-09-02,2015,9,2,245,36,1,-1.0,-0.0,31.3,3,0.0,0.0,0.0,31.3,172.8,258.7,36.96,35.74,0,0,1,0,0,0,0.0,0.0,0.0,0.0,0.54,1,0,0.0,0.0,0
246,2015-09-03,2015,9,3,246,36,1,-1.0,-0.0,79.6,4,31.3,0.0,0.0,110.9,110.9,252.4,36.06,34.62,1,0,2,0,0,0,0.0,0.0,0.0,0.0,0.62,1,1,0.5,15.1,2
247,2015-09-04,2015,9,4,247,36,1,-1.0,-0.0,0.6,1,79.6,31.3,0.0,111.5,111.5,253.0,36.14,34.56,0,0,3,0,0,0,0.0,0.0,0.0,0.0,0.69,1,0,0.0,0.0,0
248,2015-09-05,2015,9,5,248,36,1,-1.0,-0.0,0.0,0,0.6,79.6,31.3,80.2,111.5,111.5,15.93,34.13,0,0,0,0,0,0,0.0,0.0,0.0,0.0,0.34,1,0,0.0,0.0,0
249,2015-09-06,2015,9,6,249,36,1,-1.0,-0.0,81.6,4,0.0,0.6,79.6,82.2,193.1,193.1,27.59,35.09,1,0,1,0,0,0,0.0,0.0,0.0,0.0,0.28,1,0,0.0,0.0,0
250,2015-09-07,2015,9,7,250,37,1,-1.0,-0.0,10.1,3,81.6,0.0,0.6,91.7,171.9,203.2,29.03,34.44,0,0,2,0,0,0,0.0,0.0,0.0,0.0,0.28,1,0,0.0,0.0,0
251,2015-09-08,2015,9,8,251,37,1,-1.0,-0.0,99.1,4,10.1,81.6,0.0,190.8,191.4,302.3,43.19,37.74,1,0,3,0,0,0,0.0,0.0,0.0,0.0,0.43,1,1,0.31,11.3,1
252,2015-09-09,2015,9,9,252,37,1,-1.0,-0.0,0.0,0,99.1,10.1,81.6,109.2,190.8,271.0,38.71,36.37,0,0,0,0,0,0,0.0,0.0,0.0,0.0,0.35,1,0,0.0,0.0,0
253,2015-09-10,2015,9,10,253,37,1,-1.0,-0.0,0.0,0,0.0,99.1,10.1,99.1,190.8,191.4,27.34,35.86,0,0,0,0,0,0,0.0,0.0,0.0,0.0,0.2,1,0,0.0,0.0,0
254,2015-09-11,2015,9,11,254,37,1,-1.0,-0.0,0.0,0,0.0,0.0,99.1,0.0,109.2,190.8,27.26,33.9,0,0,0,0,0,0,0.0,0.0,0.0,0.0,0.13,1,0,0.0,0.0,0
255,2015-09-12,2015,9,12,255,37,1,-1.0,-0.0,0.0,0,0.0,0.0,0.0,0.0,99.1,190.8,27.26,29.43,0,0,0,0,0,0,0.0,0.0,0.0,0.0,0.13,1,0,0.0,0.0,0
256,2015-09-13,2015,9,13,256,37,1,-1.0,-0.0,0.0,0,0.0,0.0,0.0,0.0,0.0,109.2,15.6,28.96,0,0,0,0,0,0,0.0,0.0,0.0,0.0,0.12,1,0,0.0,0.0,0
257,2015-09-14,2015,9,14,257,38,1,-1.0,-0.0,24.9,3,0.0,0.0,0.0,24.9,24.9,124.0,17.71,29.79,0,0,1,0,0,0,0.0,0.0,0.0,0.0,0.15,1,0,0.0,0.0,0
258,2015-09-15,2015,9,15,258,38,1,-1.0,-0.0,91.2,4,24.9,0.0,0.0,116.1,116.1,116.1,16.59,32.07,1,0,2,0,0,0,0.0,0.0,0.0,0.0,0.38,1,0,0.0,0.0,0
259,2015-09-16,2015,9,16,259,38,1,-1.0,-0.0,0.0,0,91.2,24.9,0.0,116.1,116.1,116.1,16.59,30.51,0,0,0,0,0,0,0.0,0.0,0.0,0.0,0.29,1,0,0.0,0.0,0
260,2015-09-17,2015,9,17,260,38,1,-1.0,-0.0,0.0,0,0.0,91.2,24.9,91.2,116.1,116.1,16.59,30.51,0,0,0,0,0,0,0.0,0.0,0.0,0.0,0.17,1,0,0.0,0.0,0
261,2015-09-18,2015,9,18,261,38,1,-1.0,-0.0,13.2,3,0.0,0.0,91.2,13.2,129.3,129.3,18.47,30.09,0,0,1,0,0,0,0.0,0.0,0.0,0.0,0.29,1,0,0.0,0.0,0
262,2015-09-19,2015,9,19,262,38,1,-1.0,-0.0,23.4,3,13.2,0.0,0.0,36.6,127.8,152.7,21.81,30.87,0,0,2,0,0,0,0.0,0.0,0.0,0.0,0.21,1,0,0.0,0.0,0
263,2015-09-20,2015,9,20,263,38,1,-1.0,-0.0,112.1,4,23.4,13.2,0.0,148.7,148.7,264.8,37.83,31.74,1,1,3,0,0,0,0.0,0.0,0.0,0.0,0.57,1,1,1.13,21.8,3
264,2015-09-21,2015,9,21,264,39,1,-1.0,-0.0,96.6,4,112.1,23.4,13.2,232.1,245.3,336.5,48.07,33.64,1,0,4,0,0,0,0.0,0.0,0.0,0.0,0.81,1,0,0.0,0.0,0
265,2015-09-22,2015,9,22,265,39,1,-1.0,-0.0,14.8,3,96.6,112.1,23.4,223.5,260.1,260.1,37.16,33.03,0,0,5,0,0,0,0.0,0.0,0.0,0.0,0.53,1,1,0.19,9.6,1
266,2015-09-23,2015,9,23,266,39,1,-1.0,-0.0,0.0,0,14.8,96.6,112.1,111.4,246.9,260.1,37.16,33.03,0,0,0,0,0,0,0.0,0.0,0.0,0.0,0.46,1,0,0.0,0.0,0
267,2015-09-24,2015,9,24,267,39,1,-1.0,-0.0,0.0,0,0.0,14.8,96.6,14.8,223.5,260.1,37.16,31.57,0,0,0,0,0,0,0.0,0.0,0.0,0.0,0.47,1,0,0.0,0.0,0
268,2015-09-25,2015,9,25,268,39,1,-1.0,-0.0,151.5,4,0.0,0.0,14.8,151.5,262.9,398.4,56.91,35.25,1,1,1,0,0,0,0.0,0.0,0.0,0.0,0.86,1,1,0.86,16.1,3
269,2015-09-26,2015,9,26,269,39,1,-1.0,-0.0,83.3,4,151.5,0.0,0.0,234.8,249.6,458.3,65.47,35.16,1,0,2,0,0,0,0.0,0.0,0.0,0.0,1.0,1,1,1.05,20.3,3
270,2015-09-27,2015,9,27,270,39,1,-1.0,-0.0,0.0,0,83.3,151.5,0.0,234.8,234.8,346.2,49.46,35.16,0,0,0,0,0,0,0.0,0.0,0.0,0.0,0.79,1,0,0.0,0.0,0
271,2015-09-28,2015,9,28,271,40,1,-1.0,-0.0,0.0,0,0.0,83.3,151.5,83.3,234.8,249.6,35.66,30.44,0,0,0,0,0,0,0.0,0.0,0.0,0.0,0.65,1,0,0.0,0.0,0
272,2015-09-29,2015,9,29,272,40,1,-1.0,-0.0,13.3,3,0.0,0.0,83.3,13.3,248.1,248.1,35.44,30.89,0,0,1,0,0,0,0.0,0.0,0.0,0.0,0.64,1,0,0.0,0.0,0
273,2015-09-30,2015,9,30,273,40,1,-1.0,-0.0,0.0,0,13.3,0.0,0.0,13.3,96.6,248.1,35.44,30.89,0,0,0,0,0,0,0.0,0.0,0.0,0.0,0.5,1,0,0.0,0.0,0
274,2015-10-01,2015,10,1,274,40,1,-0.866025,0.5,90.7,4,0.0,13.3,0.0,104.0,104.0,338.8,48.4,33.91,1,0,1,0,0,0,0.0,0.0,0.0,0.0,0.75,1,1,0.75,13.7,2
275,2015-10-02,2015,10,2,275,40,1,-0.866025,0.5,0.0,0,90.7,0.0,13.3,90.7,104.0,187.3,26.76,32.87,0,0,0,0,0,0,0.0,0.0,0.0,0.0,0.46,1,0,0.0,0.0,0
276,2015-10-03,2015,10,3,276,40,1,-0.866025,0.5,0.0,0,0.0,90.7,0.0,90.7,104.0,104.0,14.86,30.21,0,0,0,0,0,0,0.0,0.0,0.0,0.0,0.38,1,0,0.0,0.0,0
277,2015-10-04,2015,10,4,277,40,1,-0.866025,0.5,0.0,0,0.0,0.0,90.7,0.0,90.7,104.0,14.86,30.19,0,0,0,0,0,0,0.0,0.0,0.0,0.0,0.14,1,0,0.0,0.0,0
278,2015-10-05,2015,10,5,278,41,1,-0.866025,0.5,61.6,4,0.0,0.0,0.0,61.6,152.3,165.6,23.66,32.25,1,0,1,0,0,0,0.0,0.0,0.0,0.0,0.28,1,0,0.0,0.0,0
279,2015-10-06,2015,10,6,279,41,1,-0.866025,0.5,124.3,4,61.6,0.0,0.0,185.9,185.9,276.6,39.51,33.67,1,1,2,0,0,0,0.0,0.0,0.0,0.0,0.58,1,1,1.05,30.2,3
280,2015-10-07,2015,10,7,280,41,1,-0.866025,0.5,25.5,3,124.3,61.6,0.0,211.4,211.4,302.1,43.16,34.18,0,0,3,0,0,0,0.0,0.0,0.0,0.0,0.59,1,0,0.0,0.0,0
281,2015-10-08,2015,10,8,281,41,1,-0.866025,0.5,18.5,3,25.5,124.3,61.6,168.3,229.9,229.9,32.84,31.5,0,0,4,0,0,0,0.0,0.0,0.0,0.0,0.49,1,1,0.39,4.6,1
282,2015-10-09,2015,10,9,282,41,1,-0.866025,0.5,83.6,4,18.5,25.5,124.3,127.6,313.5,313.5,44.79,34.28,1,0,5,0,0,0,0.0,0.0,0.0,0.0,0.84,1,1,0.36,8.2,2
283,2015-10-10,2015,10,10,283,41,1,-0.866025,0.5,0.0,0,83.6,18.5,25.5,102.1,251.9,313.5,44.79,34.28,0,0,0,0,0,0,0.0,0.0,0.0,0.0,0.64,1,0,0.0,0.0,0
284,2015-10-11,2015,10,11,284,41,1,-0.866025,0.5,28.7,3,0.0,83.6,18.5,112.3,156.3,342.2,48.89,35.24,0,0,1,0,0,0,0.0,0.0,0.0,0.0,0.51,1,0,0.0,0.0,0
285,2015-10-12,2015,10,12,285,42,1,-0.866025,0.5,88.9,4,28.7,0.0,83.6,117.6,219.7,369.5,52.79,38.2,1,0,2,0,0,0,0.0,0.0,0.0,0.0,0.52,1,1,0.41,17.6,2
286,2015-10-13,2015,10,13,286,42,1,-0.866025,0.5,83.6,4,88.9,28.7,0.0,201.2,284.8,328.8,46.97,40.99,1,0,3,0,0,0,0.0,0.0,0.0,0.0,0.69,1,1,0.88,19.7,2
287,2015-10-14,2015,10,14,287,42,1,-0.866025,0.5,12.5,3,83.6,88.9,28.7,185.0,213.7,315.8,45.11,40.58,0,0,4,0,0,0,0.0,0.0,0.0,0.0,0.56,1,0,0.0,0.0,0
288,2015-10-15,2015,10,15,288,42,1,-0.866025,0.5,0.0,0,12.5,83.6,88.9,96.1,213.7,297.3,42.47,37.54,0,0,0,0,0,0,0.0,0.0,0.0,0.0,0.52,1,0,0.0,0.0,0
289,2015-10-16,2015,10,16,289,42,1,-0.866025,0.5,53.8,4,0.0,12.5,83.6,66.3,238.8,267.5,38.21,39.33,1,0,1,0,0,0,0.0,0.0,0.0,0.0,0.67,1,0,0.0,0.0,0
290,2015-10-17,2015,10,17,290,42,1,-0.866025,0.5,0.0,0,53.8,0.0,12.5,53.8,149.9,267.5,38.21,39.33,0,0,0,0,0,0,0.0,0.0,0.0,0.0,0.61,1,0,0.0,0.0,0
291,2015-10-18,2015,10,18,291,42,1,-0.866025,0.5,0.0,0,0.0,53.8,0.0,53.8,66.3,238.8,34.11,38.89,0,0,0,0,0,0,0.0,0.0,0.0,0.0,0.4,1,0,0.0,0.0,0
292,2015-10-19,2015,10,19,292,43,1,-0.866025,0.5,37.4,3,0.0,0.0,53.8,37.4,91.2,187.3,26.76,39.36,0,0,1,0,0,0,0.0,0.0,0.0,0.0,0.34,1,0,0.0,0.0,0
293,2015-10-20,2015,10,20,293,43,1,-0.866025,0.5,85.0,4,37.4,0.0,0.0,122.4,176.2,188.7,26.96,38.45,1,0,2,0,0,0,0.0,0.0,0.0,0.0,0.51,1,0,0.0,0.0,0
294,2015-10-21,2015,10,21,294,43,1,-0.866025,0.5,0.0,0,85.0,37.4,0.0,122.4,122.4,176.2,25.17,35.23,0,0,0,0,0,0,0.0,0.0,0.0,0.0,0.33,1,0,0.0,0.0,0
295,2015-10-22,2015,10,22,295,43,1,-0.866025,0.5,117.5,4,0.0,85.0,37.4,202.5,239.9,293.7,41.96,38.66,1,1,1,0,0,0,0.0,0.0,0.0,0.0,0.67,1,1,0.73,44.2,3
296,2015-10-23,2015,10,23,296,43,1,-0.866025,0.5,103.4,4,117.5,0.0,85.0,220.9,343.3,343.3,49.04,42.1,1,1,2,0,0,0,0.0,0.0,0.0,0.0,0.85,1,1,0.97,12.9,2
297,2015-10-24,2015,10,24,297,43,1,-0.866025,0.5,52.5,4,103.4,117.5,0.0,273.4,358.4,395.8,56.54,43.85,1,0,3,0,0,0,0.0,0.0,0.0,0.0,0.92,1,1,0.56,15.2,2
298,2015-10-25,2015,10,25,298,43,1,-0.866025,0.5,13.8,3,52.5,103.4,117.5,169.7,287.2,409.6,58.51,39.26,0,0,4,0,0,0,0.0,0.0,0.0,0.0,0.73,1,1,0.39,12.1,2
299,2015-10-26,2015,10,26,299,44,1,-0.866025,0.5,0.0,0,13.8,52.5,103.4,66.3,287.2,372.2,53.17,36.49,0,0,0,0,0,0,0.0,0.0,0.0,0.0,0.42,1,0,0.0,0.0,0
300,2015-10-27,2015,10,27,300,44,1,-0.866025,0.5,0.0,0,0.0,13.8,52.5,13.8,169.7,287.2,41.03,36.49,0,0,0,0,0,0,0.0,0.0,0.0,0.0,0.4,1,1,0.31,7.5,1
301,2015-10-28,2015,10,28,301,44,1,-0.866025,0.5,149.2,4,0.0,0.0,13.8,149.2,215.5,436.4,62.34,41.46,1,1,1,0,0,0,0.0,0.0,0.0,0.0,1.0,1,0,0.0,0.0,0
302,2015-10-29,2015,10,29,302,44,1,-0.866025,0.5,0.0,0,149.2,0.0,0.0,149.2,163.0,318.9,45.56,41.02,0,0,0,0,0,0,0.0,0.0,0.0,0.0,0.86,1,0,0.0,0.0,0
303,2015-10-30,2015,10,30,303,44,1,-0.866025,0.5,0.0,0,0.0,149.2,0.0,149.2,149.2,215.5,30.79,41.02,0,0,0,0,0,0,0.0,0.0,0.0,0.0,0.55,1,0,0.0,0.0,0
304,2015-10-31,2015,10,31,304,44,1,-0.866025,0.5,9.8,3,0.0,0.0,149.2,9.8,159.0,172.8,24.69,38.32,0,0,1,0,0,0,0.0,0.0,0.0,0.0,0.34,1,0,0.0,0.0,0
305,2015-11-01,2015,11,1,305,44,1,-0.5,0.866025,61.3,4,9.8,0.0,0.0,71.1,220.3,220.3,31.47,40.36,1,0,2,0,0,0,0.0,0.0,0.0,0.0,0.62,1,0,0.0,0.0,0
306,2015-11-02,2015,11,2,306,45,1,-0.5,0.866025,0.0,0,61.3,9.8,0.0,71.1,71.1,220.3,31.47,40.36,0,0,0,0,0,0,0.0,0.0,0.0,0.0,0.48,1,0,0.0,0.0,0
307,2015-11-03,2015,11,3,307,45,1,-0.5,0.866025,32.4,3,0.0,61.3,9.8,93.7,103.5,252.7,36.1,41.44,0,0,1,0,0,0,0.0,0.0,0.0,0.0,0.49,1,0,0.0,0.0,0
308,2015-11-04,2015,11,4,308,45,1,-0.5,0.866025,97.2,4,32.4,0.0,61.3,129.6,200.7,200.7,28.67,42.63,1,0,2,0,0,0,0.0,0.0,0.0,0.0,0.67,1,1,0.64,7.8,2
309,2015-11-05,2015,11,5,309,45,1,-0.5,0.866025,0.0,0,97.2,32.4,0.0,129.6,190.9,200.7,28.67,38.49,0,0,0,0,0,0,0.0,0.0,0.0,0.0,0.62,1,0,0.0,0.0,0
310,2015-11-06,2015,11,6,310,45,1,-0.5,0.866025,12.2,3,0.0,97.2,32.4,109.4,141.8,212.9,30.41,38.04,0,0,1,0,0,0,0.0,0.0,0.0,0.0,0.56,1,0,0.0,0.0,0
311,2015-11-07,2015,11,7,311,45,1,-0.5,0.866025,68.8,4,12.2,0.0,97.2,81.0,210.6,271.9,38.84,39.72,1,0,2,0,0,0,0.0,0.0,0.0,0.0,0.57,1,0,0.0,0.0,0
312,2015-11-08,2015,11,8,312,45,1,-0.5,0.866025,39.5,3,68.8,12.2,0.0,120.5,217.7,250.1,35.73,38.25,0,0,3,0,0,0,0.0,0.0,0.0,0.0,0.54,1,0,0.0,0.0,0
313,2015-11-09,2015,11,9,313,46,1,-0.5,0.866025,13.8,3,39.5,68.8,12.2,122.1,134.3,263.9,37.7,38.71,0,0,4,0,0,0,0.0,0.0,0.0,0.0,0.45,1,0,0.0,0.0,0
314,2015-11-10,2015,11,10,314,46,1,-0.5,0.866025,0.0,0,13.8,39.5,68.8,53.3,134.3,231.5,33.07,37.75,0,0,0,0,0,0,0.0,0.0,0.0,0.0,0.32,1,0,0.0,0.0,0
315,2015-11-11,2015,11,11,315,46,1,-0.5,0.866025,53.6,4,0.0,13.8,39.5,67.4,175.7,187.9,26.84,36.58,1,0,1,0,0,0,0.0,0.0,0.0,0.0,0.5,1,0,0.0,0.0,0
316,2015-11-12,2015,11,12,316,46,1,-0.5,0.866025,0.0,0,53.6,0.0,13.8,53.6,106.9,187.9,26.84,33.79,0,0,0,0,0,0,0.0,0.0,0.0,0.0,0.32,1,0,0.0,0.0,0
317,2015-11-13,2015,11,13,317,46,1,-0.5,0.866025,0.0,0,0.0,53.6,0.0,53.6,67.4,175.7,25.1,33.37,0,0,0,0,0,0,0.0,0.0,0.0,0.0,0.22,1,0,0.0,0.0,0
318,2015-11-14,2015,11,14,318,46,1,-0.5,0.866025,0.0,0,0.0,0.0,53.6,0.0,53.6,106.9,15.27,33.37,0,0,0,0,0,0,0.0,0.0,0.0,0.0,0.32,1,0,0.0,0.0,0
319,2015-11-15,2015,11,15,319,46,1,-0.5,0.866025,31.5,3,0.0,0.0,0.0,31.5,85.1,98.9,14.13,32.63,0,0,1,0,0,0,0.0,0.0,0.0,0.0,0.52,1,0,0.0,0.0,0
320,2015-11-16,2015,11,16,320,47,1,-0.5,0.866025,0.0,0,31.5,0.0,0.0,31.5,31.5,85.1,12.16,32.63,0,0,0,0,0,0,0.0,0.0,0.0,0.0,0.59,1,0,0.0,0.0,0
321,2015-11-17,2015,11,17,321,47,1,-0.5,0.866025,0.0,0,0.0,31.5,0.0,31.5,31.5,85.1,12.16,32.63,0,0,0,0,0,0,0.0,0.0,0.0,0.0,0.51,1,0,0.0,0.0,0
322,2015-11-18,2015,11,18,322,47,1,-0.5,0.866025,0.0,0,0.0,0.0,31.5,0.0,31.5,31.5,4.5,31.38,0,0,0,0,0,0,0.0,0.0,0.0,0.0,0.48,1,0,0.0,0.0,0
323,2015-11-19,2015,11,19,323,47,1,-0.5,0.866025,41.8,3,0.0,0.0,0.0,41.8,73.3,73.3,10.47,29.94,0,0,1,0,0,0,0.0,0.0,0.0,0.0,0.45,1,0,0.0,0.0,0
324,2015-11-20,2015,11,20,324,47,1,-0.5,0.866025,0.0,0,41.8,0.0,0.0,41.8,41.8,73.3,10.47,29.94,0,0,0,0,0,0,0.0,0.0,0.0,0.0,0.3,1,0,0.0,0.0,0
325,2015-11-21,2015,11,21,325,47,1,-0.5,0.866025,0.0,0,0.0,41.8,0.0,41.8,41.8,73.3,10.47,26.03,0,0,0,0,0,0,0.0,0.0,0.0,0.0,0.11,1,0,0.0,0.0,0
326,2015-11-22,2015,11,22,326,47,1,-0.5,0.866025,72.0,4,0.0,0.0,41.8,72.0,113.8,113.8,16.26,24.98,1,0,1,0,0,0,0.0,0.0,0.0,0.0,0.37,1,1,0.69,8.6,2
327,2015-11-23,2015,11,23,327,48,1,-0.5,0.866025,69.0,4,72.0,0.0,0.0,141.0,182.8,182.8,26.11,25.53,1,0,2,0,0,0,0.0,0.0,0.0,0.0,0.59,1,1,0.52,9.8,2
328,2015-11-24,2015,11,24,328,48,1,-0.5,0.866025,0.0,0,69.0,72.0,0.0,141.0,141.0,182.8,26.11,25.07,0,0,0,0,0,0,0.0,0.0,0.0,0.0,0.53,1,1,0.32,7.7,1
329,2015-11-25,2015,11,25,329,48,1,-0.5,0.866025,0.0,0,0.0,69.0,72.0,69.0,141.0,182.8,26.11,25.07,0,0,0,0,0,0,0.0,0.0,0.0,0.0,0.39,1,1,0.42,9.9,1
330,2015-11-26,2015,11,26,330,48,1,-0.5,0.866025,0.0,0,0.0,0.0,69.0,0.0,141.0,141.0,20.14,25.07,0,0,0,0,0,0,0.0,0.0,0.0,0.0,0.28,1,0,0.0,0.0,0
331,2015-11-27,2015,11,27,331,48,1,-0.5,0.866025,0.0,0,0.0,0.0,0.0,0.0,69.0,141.0,20.14,20.1,0,0,0,0,0,0,0.0,0.0,0.0,0.0,0.31,1,0,0.0,0.0,0
332,2015-11-28,2015,11,28,332,48,1,-0.5,0.866025,64.5,4,0.0,0.0,0.0,64.5,64.5,205.5,29.36,22.25,1,0,1,0,0,0,0.0,0.0,0.0,0.0,0.37,1,1,0.4,4.0,1
333,2015-11-29,2015,11,29,333,48,1,-0.5,0.866025,9.6,3,64.5,0.0,0.0,74.1,74.1,143.1,20.44,22.57,0,0,2,0,0,0,0.0,0.0,0.0,0.0,0.35,1,0,0.0,0.0,0
334,2015-11-30,2015,11,30,334,49,1,-0.5,0.866025,1.1,1,9.6,64.5,0.0,75.2,75.2,75.2,10.74,22.28,0,0,3,0,0,0,0.0,0.0,0.0,0.0,0.39,1,0,0.0,0.0,0
335,2015-12-01,2015,12,1,335,49,0,-0.0,1.0,10.0,3,1.1,9.6,64.5,20.7,85.2,85.2,12.17,20.57,0,0,4,0,0,0,0.0,0.0,0.0,0.0,0.4,1,0,0.0,0.0,0
336,2015-12-02,2015,12,2,336,49,0,-0.0,1.0,0.0,0,10.0,1.1,9.6,11.1,85.2,85.2,12.17,20.57,0,0,0,0,0,0,0.0,0.0,0.0,0.0,0.35,1,0,0.0,0.0,0
337,2015-12-03,2015,12,3,337,49,0,-0.0,1.0,0.0,0,0.0,10.0,1.1,10.0,20.7,85.2,12.17,19.49,0,0,0,0,0,0,0.0,0.0,0.0,0.0,0.33,1,0,0.0,0.0,0
338,2015-12-04,2015,12,4,338,49,0,-0.0,1.0,0.0,0,0.0,0.0,10.0,0.0,11.1,85.2,12.17,16.25,0,0,0,0,0,0,0.0,0.0,0.0,0.0,0.31,1,0,0.0,0.0,0
339,2015-12-05,2015,12,5,339,49,0,-0.0,1.0,0.0,0,0.0,0.0,0.0,0.0,10.0,20.7,2.96,16.25,0,0,0,0,0,0,0.0,0.0,0.0,0.0,0.23,1,0,0.0,0.0,0
340,2015-12-06,2015,12,6,340,49,0,-0.0,1.0,32.4,3,0.0,0.0,0.0,32.4,32.4,43.5,6.21,16.92,0,0,1,0,0,0,0.0,0.0,0.0,0.0,0.14,1,0,0.0,0.0,0
341,2015-12-07,2015,12,7,341,50,0,-0.0,1.0,0.0,0,32.4,0.0,0.0,32.4,32.4,42.4,6.06,14.63,0,0,0,0,0,0,0.0,0.0,0.0,0.0,0.0,1,0,0.0,0.0,0
342,2015-12-08,2015,12,8,342,50,0,-0.0,1.0,0.0,0,0.0,32.4,0.0,32.4,32.4,32.4,4.63,13.31,0,0,0,0,0,0,0.0,0.0,0.0,0.0,0.02,1,0,0.0,0.0,0
343,2015-12-09,2015,12,9,343,50,0,-0.0,1.0,0.0,0,0.0,0.0,32.4,0.0,32.4,32.4,4.63,12.85,0,0,0,0,0,0,0.0,0.0,0.0,0.0,0.0,1,0,0.0,0.0,0
344,2015-12-10,2015,12,10,344,50,0,-0.0,1.0,0.0,0,0.0,0.0,0.0,0.0,32.4,32.4,4.63,12.85,0,0,0,0,0,0,0.0,0.0,0.0,0.0,0.16,1,0,0.0,0.0,0
345,2015-12-11,2015,12,11,345,50,0,-0.0,1.0,0.0,0,0.0,0.0,0.0,0.0,0.0,32.4,4.63,11.06,0,0,0,0,0,0,0.0,0.0,0.0,0.0,0.14,1,0,0.0,0.0,0
346,2015-12-12,2015,12,12,346,50,0,-0.0,1.0,80.1,4,0.0,0.0,0.0,80.1,80.1,112.5,16.07,13.73,1,0,1,1,3,Ising,3.0,185.0,0.0,0.0,0.58,1,0,0.0,0.0,0
347,2015-12-13,2015,12,13,347,50,0,-0.0,1.0,88.5,4,80.1,0.0,0.0,168.6,168.6,168.6,24.09,16.68,1,0,2,1,3,Ising,3.0,185.0,0.0,1.0,0.68,1,1,0.86,27.0,3
348,2015-12-14,2015,12,14,348,51,0,-0.0,1.0,2.7,2,88.5,80.1,0.0,171.3,171.3,171.3,24.47,16.77,0,0,3,1,3,Ising,3.0,185.0,0.0,2.0,0.69,1,1,0.73,17.1,2
349,2015-12-15,2015,12,15,349,51,0,-0.0,1.0,81.3,4,2.7,88.5,80.1,172.5,252.6,252.6,36.09,18.43,1,0,4,1,3,Ising,3.0,185.0,0.0,3.0,0.87,1,1,0.98,34.4,3
350,2015-12-16,2015,12,16,350,51,0,-0.0,1.0,38.6,3,81.3,2.7,88.5,122.6,291.2,291.2,41.6,19.72,0,0,5,0,0,0,0.0,0.0,0.0,0.0,0.95,1,0,0.0,0.0,0
351,2015-12-17,2015,12,17,351,51,0,-0.0,1.0,0.0,0,38.6,81.3,2.7,119.9,211.1,291.2,41.6,19.72,0,0,0,0,0,0,0.0,0.0,0.0,0.0,0.68,1,0,0.0,0.0,0
352,2015-12-18,2015,12,18,352,51,0,-0.0,1.0,0.0,0,0.0,38.6,81.3,38.6,122.6,291.2,41.6,19.72,0,0,0,0,0,0,0.0,0.0,0.0,0.0,0.48,1,0,0.0,0.0,0
353,2015-12-19,2015,12,19,353,51,0,-0.0,1.0,24.3,3,0.0,0.0,38.6,24.3,144.2,235.4,33.63,19.14,0,0,1,0,0,0,0.0,0.0,0.0,0.0,0.42,1,0,0.0,0.0,0
354,2015-12-20,2015,12,20,354,51,0,-0.0,1.0,0.0,0,24.3,0.0,0.0,24.3,62.9,146.9,20.99,19.14,0,0,0,0,0,0,0.0,0.0,0.0,0.0,0.47,1,0,0.0,0.0,0
355,2015-12-21,2015,12,21,355,52,0,-0.0,1.0,6.5,2,0.0,24.3,0.0,30.8,30.8,150.7,21.53,19.35,0,0,1,0,0,0,0.0,0.0,0.0,0.0,0.45,1,0,0.0,0.0,0
356,2015-12-22,2015,12,22,356,52,0,-0.0,1.0,24.3,3,6.5,0.0,24.3,30.8,55.1,93.7,13.39,17.76,0,0,2,0,0,0,0.0,0.0,0.0,0.0,0.55,1,0,0.0,0.0,0
357,2015-12-23,2015,12,23,357,52,0,-0.0,1.0,0.0,0,24.3,6.5,0.0,30.8,55.1,55.1,7.87,15.46,0,0,0,0,0,0,0.0,0.0,0.0,0.0,0.35,1,0,0.0,0.0,0
358,2015-12-24,2015,12,24,358,52,0,-0.0,1.0,0.0,0,0.0,24.3,6.5,24.3,30.8,55.1,7.87,15.46,0,0,0,0,0,0,0.0,0.0,0.0,0.0,0.43,1,0,0.0,0.0,0
359,2015-12-25,2015,12,25,359,52,0,-0.0,1.0,0.0,0,0.0,0.0,24.3,0.0,30.8,55.1,7.87,15.46,0,0,0,0,0,0,0.0,0.0,0.0,0.0,0.46,1,0,0.0,0.0,0
360,2015-12-26,2015,12,26,360,52,0,-0.0,1.0,44.0,3,0.0,0.0,0.0,44.0,68.3,74.8,10.69,16.93,0,0,1,0,0,0,0.0,0.0,0.0,0.0,0.46,1,0,0.0,0.0,0
361,2015-12-27,2015,12,27,361,52,0,-0.0,1.0,0.0,0,44.0,0.0,0.0,44.0,44.0,74.8,10.69,16.93,0,0,0,0,0,0,0.0,0.0,0.0,0.0,0.3,1,0,0.0,0.0,0
362,2015-12-28,2015,12,28,362,53,0,-0.0,1.0,0.0,0,0.0,44.0,0.0,44.0,44.0,68.3,9.76,14.78,0,0,0,0,0,0,0.0,0.0,0.0,0.0,0.24,1,0,0.0,0.0,0
363,2015-12-29,2015,12,29,363,53,0,-0.0,1.0,21.2,3,0.0,0.0,44.0,21.2,65.2,65.2,9.31,15.17,0,0,1,0,0,0,0.0,0.0,0.0,0.0,0.32,1,0,0.0,0.0,0
364,2015-12-30,2015,12,30,364,53,0,-0.0,1.0,88.0,4,21.2,0.0,0.0,109.2,153.2,153.2,21.89,18.06,1,0,2,0,0,0,0.0,0.0,0.0,0.0,0.53,1,0,0.0,0.0,0
365,2015-12-31,2015,12,31,365,53,0,-0.0,1.0,0.0,0,88.0,21.2,0.0,109.2,109.2,153.2,21.89,17.73,0,0,0,0,0,0,0.0,0.0,0.0,0.0,0.48,1,0,0.0,0.0,0
366,2016-01-01,2016,1,1,1,53,0,0.5,0.866025,0.0,0,0.0,88.0,21.2,88.0,109.2,153.2,21.89,17.73,0,0,0,0,0,0,0.0,0.0,0.0,0.0,0.28,1,0,0.0,0.0,0
367,2016-01-02,2016,1,2,2,53,0,0.5,0.866025,0.0,0,0.0,0.0,88.0,0.0,109.2,109.2,15.6,17.73,0,0,0,0,0,0,0.0,0.0,0.0,0.0,0.35,1,0,0.0,0.0,0
368,2016-01-03,2016,1,3,3,53,0,0.5,0.866025,0.0,0,0.0,0.0,0.0,0.0,88.0,109.2,15.6,17.73,0,0,0,0,0,0,0.0,0.0,0.0,0.0,0.39,1,0,0.0,0.0,0
369,2016-01-04,2016,1,4,4,1,0,0.5,0.866025,0.0,0,0.0,0.0,0.0,0.0,0.0,109.2,15.6,17.73,0,0,0,0,0,0,0.0,0.0,0.0,0.0,0.39,1,0,0.0,0.0,0
370,2016-01-05,2016,1,5,5,1,0,0.5,0.866025,0.0,0,0.0,0.0,0.0,0.0,0.0,88.0,12.57,16.65,0,0,0,0,0,0,0.0,0.0,0.0,0.0,0.22,1,0,0.0,0.0,0
371,2016-01-06,2016,1,6,6,1,0,0.5,0.866025,29.5,3,0.0,0.0,0.0,29.5,29.5,29.5,4.21,17.63,0,0,1,0,0,0,0.0,0.0,0.0,0.0,0.36,1,0,0.0,0.0,0
372,2016-01-07,2016,1,7,7,1,0,0.5,0.866025,0.0,0,29.5,0.0,0.0,29.5,29.5,29.5,4.21,17.63,0,0,0,0,0,0,0.0,0.0,0.0,0.0,0.19,1,0,0.0,0.0,0
373,2016-01-08,2016,1,8,8,1,0,0.5,0.866025,0.0,0,0.0,29.5,0.0,29.5,29.5,29.5,4.21,17.63,0,0,0,0,0,0,0.0,0.0,0.0,0.0,0.28,1,0,0.0,0.0,0
374,2016-01-09,2016,1,9,9,1,0,0.5,0.866025,0.0,0,0.0,0.0,29.5,0.0,29.5,29.5,4.21,17.63,0,0,0,0,0,0,0.0,0.0,0.0,0.0,0.11,1,0,0.0,0.0,0
375,2016-01-10,2016,1,10,10,1,0,0.5,0.866025,0.0,0,0.0,0.0,0.0,0.0,29.5,29.5,4.21,17.63,0,0,0,0,0,0,0.0,0.0,0.0,0.0,0.07,1,0,0.0,0.0,0
376,2016-01-11,2016,1,11,11,2,0,0.5,0.866025,0.0,0,0.0,0.0,0.0,0.0,0.0,29.5,4.21,14.96,0,0,0,0,0,0,0.0,0.0,0.0,0.0,0.13,1,0,0.0,0.0,0
377,2016-01-12,2016,1,12,12,2,0,0.5,0.866025,0.0,0,0.0,0.0,0.0,0.0,0.0,29.5,4.21,12.01,0,0,0,0,0,0,0.0,0.0,0.0,0.0,0.01,1,0,0.0,0.0,0
378,2016-01-13,2016,1,13,13,2,0,0.5,0.866025,0.0,0,0.0,0.0,0.0,0.0,0.0,0.0,0.0,11.92,0,0,0,0,0,0,0.0,0.0,0.0,0.0,0.0,1,0,0.0,0.0,0
379,2016-01-14,2016,1,14,14,2,0,0.5,0.866025,5.0,2,0.0,0.0,0.0,5.0,5.0,5.0,0.71,9.38,0,0,1,0,0,0,0.0,0.0,0.0,0.0,0.0,1,0,0.0,0.0,0
380,2016-01-15,2016,1,15,15,2,0,0.5,0.866025,0.0,0,5.0,0.0,0.0,5.0,5.0,5.0,0.71,8.09,0,0,0,0,0,0,0.0,0.0,0.0,0.0,0.0,1,0,0.0,0.0,0
381,2016-01-16,2016,1,16,16,2,0,0.5,0.866025,19.1,3,0.0,5.0,0.0,24.1,24.1,24.1,3.44,8.73,0,0,1,0,0,0,0.0,0.0,0.0,0.0,0.02,1,0,0.0,0.0,0
382,2016-01-17,2016,1,17,17,2,0,0.5,0.866025,0.0,0,19.1,0.0,5.0,19.1,24.1,24.1,3.44,8.73,0,0,0,0,0,0,0.0,0.0,0.0,0.0,0.03,1,0,0.0,0.0,0
383,2016-01-18,2016,1,18,18,3,0,0.5,0.866025,0.0,0,0.0,19.1,0.0,19.1,24.1,24.1,3.44,7.92,0,0,0,0,0,0,0.0,0.0,0.0,0.0,0.02,1,0,0.0,0.0,0
384,2016-01-19,2016,1,19,19,3,0,0.5,0.866025,15.8,3,0.0,0.0,19.1,15.8,34.9,39.9,5.7,8.45,0,0,1,0,0,0,0.0,0.0,0.0,0.0,0.07,1,0,0.0,0.0,0
385,2016-01-20,2016,1,20,20,3,0,0.5,0.866025,0.0,0,15.8,0.0,0.0,15.8,34.9,39.9,5.7,8.23,0,0,0,0,0,0,0.0,0.0,0.0,0.0,0.0,1,0,0.0,0.0,0
386,2016-01-21,2016,1,21,21,3,0,0.5,0.866025,5.0,2,0.0,15.8,0.0,20.8,20.8,39.9,5.7,7.59,0,0,1,0,0,0,0.0,0.0,0.0,0.0,0.0,1,0,0.0,0.0,0
387,2016-01-22,2016,1,22,22,3,0,0.5,0.866025,37.0,3,5.0,0.0,15.8,42.0,57.8,76.9,10.99,8.82,0,0,2,0,0,0,0.0,0.0,0.0,0.0,0.16,1,0,0.0,0.0,0
388,2016-01-23,2016,1,23,23,3,0,0.5,0.866025,19.5,3,37.0,5.0,0.0,61.5,77.3,77.3,11.04,9.47,0,0,3,0,0,0,0.0,0.0,0.0,0.0,0.11,1,0,0.0,0.0,0
389,2016-01-24,2016,1,24,24,3,0,0.5,0.866025,0.0,0,19.5,37.0,5.0,56.5,61.5,77.3,11.04,9.47,0,0,0,0,0,0,0.0,0.0,0.0,0.0,0.0,1,0,0.0,0.0,0
390,2016-01-25,2016,1,25,25,4,0,0.5,0.866025,21.7,3,0.0,19.5,37.0,41.2,83.2,99.0,14.14,8.73,0,0,1,0,0,0,0.0,0.0,0.0,0.0,0.07,1,0,0.0,0.0,0
391,2016-01-26,2016,1,26,26,4,0,0.5,0.866025,3.0,2,21.7,0.0,19.5,24.7,81.2,86.2,12.31,8.83,0,0,2,0,0,0,0.0,0.0,0.0,0.0,0.26,1,0,0.0,0.0,0
392,2016-01-27,2016,1,27,27,4,0,0.5,0.866025,0.0,0,3.0,21.7,0.0,24.7,44.2,86.2,12.31,8.83,0,0,0,0,0,0,0.0,0.0,0.0,0.0,0.4,1,0,0.0,0.0,0
393,2016-01-28,2016,1,28,28,4,0,0.5,0.866025,0.0,0,0.0,3.0,21.7,3.0,24.7,81.2,11.6,8.12,0,0,0,0,0,0,0.0,0.0,0.0,0.0,0.11,1,0,0.0,0.0,0
394,2016-01-29,2016,1,29,29,4,0,0.5,0.866025,0.0,0,0.0,0.0,3.0,0.0,24.7,44.2,6.31,5.19,0,0,0,0,0,0,0.0,0.0,0.0,0.0,0.04,1,0,0.0,0.0,0
395,2016-01-30,2016,1,30,30,4,0,0.5,0.866025,0.0,0,0.0,0.0,0.0,0.0,3.0,24.7,3.53,5.19,0,0,0,0,0,0,0.0,0.0,0.0,0.0,0.02,1,0,0.0,0.0,0
396,2016-01-31,2016,1,31,31,4,0,0.5,0.866025,19.1,3,0.0,0.0,0.0,19.1,19.1,43.8,6.26,5.82,0,0,1,0,0,0,0.0,0.0,0.0,0.0,0.06,1,0,0.0,0.0,0
397,2016-02-01,2016,2,1,32,5,0,0.866025,0.5,8.3,3,19.1,0.0,0.0,27.4,27.4,30.4,4.34,6.1,0,0,2,0,0,0,0.0,0.0,0.0,0.0,0.07,1,0,0.0,0.0,0
398,2016-02-02,2016,2,2,33,5,0,0.866025,0.5,0.0,0,8.3,19.1,0.0,27.4,27.4,27.4,3.91,6.1,0,0,0,0,0,0,0.0,0.0,0.0,0.0,0.0,1,0,0.0,0.0,0
399,2016-02-03,2016,2,3,34,5,0,0.866025,0.5,2.4,1,0.0,8.3,19.1,10.7,29.8,29.8,4.26,6.18,0,0,1,0,0,0,0.0,0.0,0.0,0.0,0.0,1,0,0.0,0.0,0
400,2016-02-04,2016,2,4,35,5,0,0.866025,0.5,0.0,0,2.4,0.0,8.3,2.4,29.8,29.8,4.26,6.18,0,0,0,0,0,0,0.0,0.0,0.0,0.0,0.0,1,0,0.0,0.0,0
401,2016-02-05,2016,2,5,36,5,0,0.866025,0.5,0.0,0,0.0,2.4,0.0,2.4,10.7,29.8,4.26,5.2,0,0,0,0,0,0,0.0,0.0,0.0,0.0,0.0,1,0,0.0,0.0,0
402,2016-02-06,2016,2,6,37,5,0,0.866025,0.5,0.0,0,0.0,0.0,2.4,0.0,2.4,29.8,4.26,5.2,0,0,0,0,0,0,0.0,0.0,0.0,0.0,0.0,1,0,0.0,0.0,0
403,2016-02-07,2016,2,7,38,5,0,0.866025,0.5,1.8,1,0.0,0.0,0.0,1.8,4.2,12.5,1.79,5.26,0,0,1,0,0,0,0.0,0.0,0.0,0.0,0.0,1,0,0.0,0.0,0
404,2016-02-08,2016,2,8,39,6,0,0.866025,0.5,0.0,0,1.8,0.0,0.0,1.8,1.8,4.2,0.6,5.26,0,0,0,0,0,0,0.0,0.0,0.0,0.0,0.06,1,0,0.0,0.0,0
405,2016-02-09,2016,2,9,40,6,0,0.866025,0.5,28.8,3,0.0,1.8,0.0,30.6,30.6,33.0,4.71,6.22,0,0,1,0,0,0,0.0,0.0,0.0,0.0,0.35,1,1,0.48,4.4,1
406,2016-02-10,2016,2,10,41,6,0,0.866025,0.5,0.0,0,28.8,0.0,1.8,28.8,30.6,30.6,4.37,6.22,0,0,0,0,0,0,0.0,0.0,0.0,0.0,0.22,1,0,0.0,0.0,0
407,2016-02-11,2016,2,11,42,6,0,0.866025,0.5,0.0,0,0.0,28.8,0.0,28.8,30.6,30.6,4.37,6.22,0,0,0,0,0,0,0.0,0.0,0.0,0.0,0.26,1,0,0.0,0.0,0
408,2016-02-12,2016,2,12,43,6,0,0.866025,0.5,0.0,0,0.0,0.0,28.8,0.0,28.8,30.6,4.37,6.22,0,0,0,0,0,0,0.0,0.0,0.0,0.0,0.2,1,0,0.0,0.0,0
409,2016-02-13,2016,2,13,44,6,0,0.866025,0.5,0.0,0,0.0,0.0,0.0,0.0,28.8,30.6,4.37,6.05,0,0,0,0,0,0,0.0,0.0,0.0,0.0,0.12,1,0,0.0,0.0,0
410,2016-02-14,2016,2,14,45,6,0,0.866025,0.5,0.4,1,0.0,0.0,0.0,0.4,0.4,29.2,4.17,6.06,0,0,1,0,0,0,0.0,0.0,0.0,0.0,0.16,1,0,0.0,0.0,0
411,2016-02-15,2016,2,15,46,7,0,0.866025,0.5,0.0,0,0.4,0.0,0.0,0.4,0.4,29.2,4.17,5.43,0,0,0,0,0,0,0.0,0.0,0.0,0.0,0.11,1,0,0.0,0.0,0
412,2016-02-16,2016,2,16,47,7,0,0.866025,0.5,0.0,0,0.0,0.4,0.0,0.4,0.4,0.4,0.06,5.43,0,0,0,0,0,0,0.0,0.0,0.0,0.0,0.02,1,1,0.38,9.0,1
413,2016-02-17,2016,2,17,48,7,0,0.866025,0.5,2.4,1,0.0,0.0,0.4,2.4,2.8,2.8,0.4,5.51,0,0,1,0,0,0,0.0,0.0,0.0,0.0,0.0,1,0,0.0,0.0,0
414,2016-02-18,2016,2,18,49,7,0,0.866025,0.5,0.0,0,2.4,0.0,0.0,2.4,2.8,2.8,0.4,4.98,0,0,0,0,0,0,0.0,0.0,0.0,0.0,0.0,1,0,0.0,0.0,0
415,2016-02-19,2016,2,19,50,7,0,0.866025,0.5,11.1,3,0.0,2.4,0.0,13.5,13.5,13.9,1.99,5.35,0,0,1,0,0,0,0.0,0.0,0.0,0.0,0.0,1,0,0.0,0.0,0
416,2016-02-20,2016,2,20,51,7,0,0.866025,0.5,0.0,0,11.1,0.0,2.4,11.1,13.5,13.9,1.99,5.18,0,0,0,0,0,0,0.0,0.0,0.0,0.0,0.04,1,0,0.0,0.0,0
417,2016-02-21,2016,2,21,52,7,0,0.866025,0.5,0.0,0,0.0,11.1,0.0,11.1,13.5,13.5,1.93,3.95,0,0,0,0,0,0,0.0,0.0,0.0,0.0,0.05,1,0,0.0,0.0,0
418,2016-02-22,2016,2,22,53,8,0,0.866025,0.5,0.0,0,0.0,0.0,11.1,0.0,11.1,13.5,1.93,3.3,0,0,0,0,0,0,0.0,0.0,0.0,0.0,0.0,1,0,0.0,0.0,0
419,2016-02-23,2016,2,23,54,8,0,0.866025,0.5,0.0,0,0.0,0.0,0.0,0.0,11.1,13.5,1.93,3.3,0,0,0,0,0,0,0.0,0.0,0.0,0.0,0.0,1,0,0.0,0.0,0
420,2016-02-24,2016,2,24,55,8,0,0.866025,0.5,0.0,0,0.0,0.0,0.0,0.0,0.0,11.1,1.59,2.58,0,0,0,0,0,0,0.0,0.0,0.0,0.0,0.08,1,0,0.0,0.0,0
421,2016-02-25,2016,2,25,56,8,0,0.866025,0.5,0.0,0,0.0,0.0,0.0,0.0,0.0,11.1,1.59,2.48,0,0,0,0,0,0,0.0,0.0,0.0,0.0,0.05,1,0,0.0,0.0,0
422,2016-02-26,2016,2,26,57,8,0,0.866025,0.5,0.0,0,0.0,0.0,0.0,0.0,0.0,0.0,0.0,2.48,0,0,0,0,0,0,0.0,0.0,0.0,0.0,0.02,1,0,0.0,0.0,0
423,2016-02-27,2016,2,27,58,8,0,0.866025,0.5,0.0,0,0.0,0.0,0.0,0.0,0.0,0.0,0.0,2.48,0,0,0,0,0,0,0.0,0.0,0.0,0.0,0.0,1,0,0.0,0.0,0
424,2016-02-28,2016,2,28,59,8,0,0.866025,0.5,0.0,0,0.0,0.0,0.0,0.0,0.0,0.0,0.0,2.48,0,0,0,0,0,0,0.0,0.0,0.0,0.0,0.0,1,0,0.0,0.0,0
425,2016-02-29,2016,2,29,60,9,0,0.866025,0.5,0.0,0,0.0,0.0,0.0,0.0,0.0,0.0,0.0,2.48,0,0,0,0,0,0,0.0,0.0,0.0,0.0,0.0,1,0,0.0,0.0,0
426,2016-03-01,2016,3,1,61,9,0,1.0,0.0,0.0,0,0.0,0.0,0.0,0.0,0.0,0.0,0.0,1.84,0,0,0,0,0,0,0.0,0.0,0.0,0.0,0.1,1,0,0.0,0.0,0
427,2016-03-02,2016,3,2,62,9,0,1.0,0.0,0.0,0,0.0,0.0,0.0,0.0,0.0,0.0,0.0,1.56,0,0,0,0,0,0,0.0,0.0,0.0,0.0,0.18,1,0,0.0,0.0,0
428,2016-03-03,2016,3,3,63,9,0,1.0,0.0,0.0,0,0.0,0.0,0.0,0.0,0.0,0.0,0.0,1.56,0,0,0,0,0,0,0.0,0.0,0.0,0.0,0.15,1,0,0.0,0.0,0
429,2016-03-04,2016,3,4,64,9,0,1.0,0.0,0.0,0,0.0,0.0,0.0,0.0,0.0,0.0,0.0,1.48,0,0,0,0,0,0,0.0,0.0,0.0,0.0,0.0,1,0,0.0,0.0,0
430,2016-03-05,2016,3,5,65,9,0,1.0,0.0,0.0,0,0.0,0.0,0.0,0.0,0.0,0.0,0.0,1.48,0,0,0,0,0,0,0.0,0.0,0.0,0.0,0.0,1,0,0.0,0.0,0
431,2016-03-06,2016,3,6,66,9,0,1.0,0.0,0.0,0,0.0,0.0,0.0,0.0,0.0,0.0,0.0,1.48,0,0,0,0,0,0,0.0,0.0,0.0,0.0,0.0,1,0,0.0,0.0,0
432,2016-03-07,2016,3,7,67,10,0,1.0,0.0,0.0,0,0.0,0.0,0.0,0.0,0.0,0.0,0.0,1.48,0,0,0,0,0,0,0.0,0.0,0.0,0.0,0.06,1,0,0.0,0.0,0
433,2016-03-08,2016,3,8,68,10,0,1.0,0.0,0.0,0,0.0,0.0,0.0,0.0,0.0,0.0,0.0,1.42,0,0,0,0,0,0,0.0,0.0,0.0,0.0,0.09,1,0,0.0,0.0,0
434,2016-03-09,2016,3,9,69,10,0,1.0,0.0,2.7,2,0.0,0.0,0.0,2.7,2.7,2.7,0.39,1.51,0,0,1,0,0,0,0.0,0.0,0.0,0.0,0.19,1,0,0.0,0.0,0
435,2016-03-10,2016,3,10,70,10,0,1.0,0.0,0.0,0,2.7,0.0,0.0,2.7,2.7,2.7,0.39,0.55,0,0,0,0,0,0,0.0,0.0,0.0,0.0,0.13,1,0,0.0,0.0,0
436,2016-03-11,2016,3,11,71,10,0,1.0,0.0,6.5,2,0.0,2.7,0.0,9.2,9.2,9.2,1.31,0.77,0,0,1,0,0,0,0.0,0.0,0.0,0.0,0.0,1,0,0.0,0.0,0
437,2016-03-12,2016,3,12,72,10,0,1.0,0.0,0.0,0,6.5,0.0,2.7,6.5,9.2,9.2,1.31,0.77,0,0,0,0,0,0,0.0,0.0,0.0,0.0,0.16,1,0,0.0,0.0,0
438,2016-03-13,2016,3,13,73,10,0,1.0,0.0,0.0,0,0.0,6.5,0.0,6.5,9.2,9.2,1.31,0.77,0,0,0,0,0,0,0.0,0.0,0.0,0.0,0.31,1,0,0.0,0.0,0
439,2016-03-14,2016,3,14,74,11,0,1.0,0.0,0.0,0,0.0,0.0,6.5,0.0,6.5,9.2,1.31,0.77,0,0,0,0,0,0,0.0,0.0,0.0,0.0,0.3,1,0,0.0,0.0,0
440,2016-03-15,2016,3,15,75,11,0,1.0,0.0,0.0,0,0.0,0.0,0.0,0.0,6.5,9.2,1.31,0.76,0,0,0,0,0,0,0.0,0.0,0.0,0.0,0.09,1,0,0.0,0.0,0
441,2016-03-16,2016,3,16,76,11,0,1.0,0.0,0.0,0,0.0,0.0,0.0,0.0,0.0,6.5,0.93,0.76,0,0,0,0,0,0,0.0,0.0,0.0,0.0,0.15,1,0,0.0,0.0,0
442,2016-03-17,2016,3,17,77,11,0,1.0,0.0,0.0,0,0.0,0.0,0.0,0.0,0.0,6.5,0.93,0.76,0,0,0,0,0,0,0.0,0.0,0.0,0.0,0.11,1,0,0.0,0.0,0
443,2016-03-18,2016,3,18,78,11,0,1.0,0.0,0.0,0,0.0,0.0,0.0,0.0,0.0,0.0,0.0,0.68,0,0,0,0,0,0,0.0,0.0,0.0,0.0,0.0,1,0,0.0,0.0,0
444,2016-03-19,2016,3,19,79,11,0,1.0,0.0,7.2,2,0.0,0.0,0.0,7.2,7.2,7.2,1.03,0.92,0,0,1,0,0,0,0.0,0.0,0.0,0.0,0.09,1,0,0.0,0.0,0
445,2016-03-20,2016,3,20,80,11,0,1.0,0.0,0.0,0,7.2,0.0,0.0,7.2,7.2,7.2,1.03,0.55,0,0,0,0,0,0,0.0,0.0,0.0,0.0,0.31,1,0,0.0,0.0,0
446,2016-03-21,2016,3,21,81,12,0,1.0,0.0,0.0,0,0.0,7.2,0.0,7.2,7.2,7.2,1.03,0.55,0,0,0,0,0,0,0.0,0.0,0.0,0.0,0.26,1,0,0.0,0.0,0
447,2016-03-22,2016,3,22,82,12,0,1.0,0.0,0.0,0,0.0,0.0,7.2,0.0,7.2,7.2,1.03,0.55,0,0,0,0,0,0,0.0,0.0,0.0,0.0,0.21,1,0,0.0,0.0,0
448,2016-03-23,2016,3,23,83,12,0,1.0,0.0,0.0,0,0.0,0.0,0.0,0.0,7.2,7.2,1.03,0.55,0,0,0,0,0,0,0.0,0.0,0.0,0.0,0.07,1,0,0.0,0.0,0
449,2016-03-24,2016,3,24,84,12,0,1.0,0.0,0.0,0,0.0,0.0,0.0,0.0,0.0,7.2,1.03,0.55,0,0,0,0,0,0,0.0,0.0,0.0,0.0,0.02,1,0,0.0,0.0,0
450,2016-03-25,2016,3,25,85,12,0,1.0,0.0,0.0,0,0.0,0.0,0.0,0.0,0.0,7.2,1.03,0.55,0,0,0,0,0,0,0.0,0.0,0.0,0.0,0.18,1,0,0.0,0.0,0
451,2016-03-26,2016,3,26,86,12,0,1.0,0.0,7.4,2,0.0,0.0,0.0,7.4,7.4,7.4,1.06,0.79,0,0,1,0,0,0,0.0,0.0,0.0,0.0,0.14,1,0,0.0,0.0,0
452,2016-03-27,2016,3,27,87,12,0,1.0,0.0,0.0,0,7.4,0.0,0.0,7.4,7.4,7.4,1.06,0.79,0,0,0,0,0,0,0.0,0.0,0.0,0.0,0.07,1,0,0.0,0.0,0
453,2016-03-28,2016,3,28,88,13,0,1.0,0.0,0.0,0,0.0,7.4,0.0,7.4,7.4,7.4,1.06,0.79,0,0,0,0,0,0,0.0,0.0,0.0,0.0,0.01,1,0,0.0,0.0,0
454,2016-03-29,2016,3,29,89,13,0,1.0,0.0,0.0,0,0.0,0.0,7.4,0.0,7.4,7.4,1.06,0.79,0,0,0,0,0,0,0.0,0.0,0.0,0.0,0.03,1,0,0.0,0.0,0
455,2016-03-30,2016,3,30,90,13,0,1.0,0.0,0.0,0,0.0,0.0,0.0,0.0,7.4,7.4,1.06,0.79,0,0,0,0,0,0,0.0,0.0,0.0,0.0,0.0,1,0,0.0,0.0,0
456,2016-03-31,2016,3,31,91,13,0,1.0,0.0,13.6,3,0.0,0.0,0.0,13.6,13.6,21.0,3.0,1.25,0,0,1,0,0,0,0.0,0.0,0.0,0.0,0.09,1,0,0.0,0.0,0
457,2016-04-01,2016,4,1,92,13,0,0.866025,-0.5,0.0,0,13.6,0.0,0.0,13.6,13.6,21.0,3.0,1.25,0,0,0,0,0,0,0.0,0.0,0.0,0.0,0.0,1,0,0.0,0.0,0
458,2016-04-02,2016,4,2,93,13,0,0.866025,-0.5,0.0,0,0.0,13.6,0.0,13.6,13.6,13.6,1.94,1.25,0,0,0,0,0,0,0.0,0.0,0.0,0.0,0.06,1,0,0.0,0.0,0
459,2016-04-03,2016,4,3,94,13,0,0.866025,-0.5,16.2,3,0.0,0.0,13.6,16.2,29.8,29.8,4.26,1.79,0,0,1,0,0,0,0.0,0.0,0.0,0.0,0.26,1,0,0.0,0.0,0
460,2016-04-04,2016,4,4,95,14,0,0.866025,-0.5,0.0,0,16.2,0.0,0.0,16.2,29.8,29.8,4.26,1.79,0,0,0,0,0,0,0.0,0.0,0.0,0.0,0.16,1,0,0.0,0.0,0
461,2016-04-05,2016,4,5,96,14,0,0.866025,-0.5,19.3,3,0.0,16.2,0.0,35.5,35.5,49.1,7.01,2.43,0,0,1,0,0,0,0.0,0.0,0.0,0.0,0.22,1,0,0.0,0.0,0
462,2016-04-06,2016,4,6,97,14,0,0.866025,-0.5,2.8,2,19.3,0.0,16.2,22.1,38.3,51.9,7.41,2.52,0,0,2,0,0,0,0.0,0.0,0.0,0.0,0.26,1,0,0.0,0.0,0
463,2016-04-07,2016,4,7,98,14,0,0.866025,-0.5,0.0,0,2.8,19.3,0.0,22.1,38.3,38.3,5.47,2.52,0,0,0,0,0,0,0.0,0.0,0.0,0.0,0.27,1,0,0.0,0.0,0
464,2016-04-08,2016,4,8,99,14,0,0.866025,-0.5,23.7,3,0.0,2.8,19.3,26.5,45.8,62.0,8.86,3.22,0,0,1,0,0,0,0.0,0.0,0.0,0.0,0.35,1,0,0.0,0.0,0
465,2016-04-09,2016,4,9,100,14,0,0.866025,-0.5,14.3,3,23.7,0.0,2.8,38.0,60.1,76.3,10.9,3.7,0,0,2,0,0,0,0.0,0.0,0.0,0.0,0.44,1,0,0.0,0.0,0
466,2016-04-10,2016,4,10,101,14,0,0.866025,-0.5,0.0,0,14.3,23.7,0.0,38.0,40.8,60.1,8.59,3.48,0,0,0,0,0,0,0.0,0.0,0.0,0.0,0.14,1,0,0.0,0.0,0
467,2016-04-11,2016,4,11,102,15,0,0.866025,-0.5,0.0,0,0.0,14.3,23.7,14.3,38.0,60.1,8.59,3.48,0,0,0,0,0,0,0.0,0.0,0.0,0.0,0.1,1,0,0.0,0.0,0
468,2016-04-12,2016,4,12,103,15,0,0.866025,-0.5,0.0,0,0.0,0.0,14.3,0.0,38.0,40.8,5.83,3.48,0,0,0,0,0,0,0.0,0.0,0.0,0.0,0.0,1,0,0.0,0.0,0
469,2016-04-13,2016,4,13,104,15,0,0.866025,-0.5,0.0,0,0.0,0.0,0.0,0.0,14.3,38.0,5.43,3.48,0,0,0,0,0,0,0.0,0.0,0.0,0.0,0.04,1,0,0.0,0.0,0
470,2016-04-14,2016,4,14,105,15,0,0.866025,-0.5,12.2,3,0.0,0.0,0.0,12.2,12.2,50.2,7.17,3.89,0,0,1,0,0,0,0.0,0.0,0.0,0.0,0.19,1,0,0.0,0.0,0
471,2016-04-15,2016,4,15,106,15,0,0.866025,-0.5,0.0,0,12.2,0.0,0.0,12.2,12.2,26.5,3.79,3.89,0,0,0,0,0,0,0.0,0.0,0.0,0.0,0.18,1,0,0.0,0.0,0
472,2016-04-16,2016,4,16,107,15,0,0.866025,-0.5,0.0,0,0.0,12.2,0.0,12.2,12.2,12.2,1.74,3.89,0,0,0,0,0,0,0.0,0.0,0.0,0.0,0.1,1,0,0.0,0.0,0
473,2016-04-17,2016,4,17,108,15,0,0.866025,-0.5,0.0,0,0.0,0.0,12.2,0.0,12.2,12.2,1.74,3.89,0,0,0,0,0,0,0.0,0.0,0.0,0.0,0.13,1,0,0.0,0.0,0
474,2016-04-18,2016,4,18,109,16,0,0.866025,-0.5,0.0,0,0.0,0.0,0.0,0.0,12.2,12.2,1.74,3.65,0,0,0,0,0,0,0.0,0.0,0.0,0.0,0.32,1,0,0.0,0.0,0
475,2016-04-19,2016,4,19,110,16,0,0.866025,-0.5,0.0,0,0.0,0.0,0.0,0.0,0.0,12.2,1.74,3.65,0,0,0,0,0,0,0.0,0.0,0.0,0.0,0.24,1,0,0.0,0.0,0
476,2016-04-20,2016,4,20,111,16,0,0.866025,-0.5,0.0,0,0.0,0.0,0.0,0.0,0.0,12.2,1.74,3.65,0,0,0,0,0,0,0.0,0.0,0.0,0.0,0.18,1,0,0.0,0.0,0
477,2016-04-21,2016,4,21,112,16,0,0.866025,-0.5,0.0,0,0.0,0.0,0.0,0.0,0.0,0.0,0.0,3.65,0,0,0,0,0,0,0.0,0.0,0.0,0.0,0.19,1,0,0.0,0.0,0
478,2016-04-22,2016,4,22,113,16,0,0.866025,-0.5,0.0,0,0.0,0.0,0.0,0.0,0.0,0.0,0.0,3.65,0,0,0,0,0,0,0.0,0.0,0.0,0.0,0.14,1,0,0.0,0.0,0
479,2016-04-23,2016,4,23,114,16,0,0.866025,-0.5,16.7,3,0.0,0.0,0.0,16.7,16.7,16.7,2.39,4.21,0,0,1,0,0,0,0.0,0.0,0.0,0.0,0.26,1,0,0.0,0.0,0
480,2016-04-24,2016,4,24,115,16,0,0.866025,-0.5,0.0,0,16.7,0.0,0.0,16.7,16.7,16.7,2.39,4.21,0,0,0,0,0,0,0.0,0.0,0.0,0.0,0.1,1,0,0.0,0.0,0
481,2016-04-25,2016,4,25,116,17,0,0.866025,-0.5,0.0,0,0.0,16.7,0.0,16.7,16.7,16.7,2.39,3.96,0,0,0,0,0,0,0.0,0.0,0.0,0.0,0.03,1,0,0.0,0.0,0
482,2016-04-26,2016,4,26,117,17,0,0.866025,-0.5,0.0,0,0.0,0.0,16.7,0.0,16.7,16.7,2.39,3.96,0,0,0,0,0,0,0.0,0.0,0.0,0.0,0.0,1,0,0.0,0.0,0
483,2016-04-27,2016,4,27,118,17,0,0.866025,-0.5,0.0,0,0.0,0.0,0.0,0.0,16.7,16.7,2.39,3.96,0,0,0,0,0,0,0.0,0.0,0.0,0.0,0.01,1,0,0.0,0.0,0
484,2016-04-28,2016,4,28,119,17,0,0.866025,-0.5,0.0,0,0.0,0.0,0.0,0.0,0.0,16.7,2.39,3.96,0,0,0,0,0,0,0.0,0.0,0.0,0.0,0.03,1,0,0.0,0.0,0
485,2016-04-29,2016,4,29,120,17,0,0.866025,-0.5,0.0,0,0.0,0.0,0.0,0.0,0.0,16.7,2.39,3.96,0,0,0,0,0,0,0.0,0.0,0.0,0.0,0.0,1,0,0.0,0.0,0
486,2016-04-30,2016,4,30,121,17,0,0.866025,-0.5,0.0,0,0.0,0.0,0.0,0.0,0.0,0.0,0.0,3.51,0,0,0,0,0,0,0.0,0.0,0.0,0.0,0.0,1,0,0.0,0.0,0
487,2016-05-01,2016,5,1,122,17,0,0.5,-0.866025,0.0,0,0.0,0.0,0.0,0.0,0.0,0.0,0.0,3.51,0,0,0,0,0,0,0.0,0.0,0.0,0.0,0.03,1,0,0.0,0.0,0
488,2016-05-02,2016,5,2,123,18,0,0.5,-0.866025,29.3,3,0.0,0.0,0.0,29.3,29.3,29.3,4.19,4.48,0,0,1,0,0,0,0.0,0.0,0.0,0.0,0.36,1,1,0.31,3.6,1
489,2016-05-03,2016,5,3,124,18,0,0.5,-0.866025,0.0,0,29.3,0.0,0.0,29.3,29.3,29.3,4.19,3.94,0,0,0,0,0,0,0.0,0.0,0.0,0.0,0.18,1,0,0.0,0.0,0
490,2016-05-04,2016,5,4,125,18,0,0.5,-0.866025,33.1,3,0.0,29.3,0.0,62.4,62.4,62.4,8.91,5.05,0,0,1,0,0,0,0.0,0.0,0.0,0.0,0.29,1,0,0.0,0.0,0
491,2016-05-05,2016,5,5,126,18,0,0.5,-0.866025,0.0,0,33.1,0.0,29.3,33.1,62.4,62.4,8.91,4.4,0,0,0,0,0,0,0.0,0.0,0.0,0.0,0.22,1,0,0.0,0.0,0
492,2016-05-06,2016,5,6,127,18,0,0.5,-0.866025,0.0,0,0.0,33.1,0.0,33.1,62.4,62.4,8.91,4.31,0,0,0,0,0,0,0.0,0.0,0.0,0.0,0.0,1,0,0.0,0.0,0
493,2016-05-07,2016,5,7,128,18,0,0.5,-0.866025,0.0,0,0.0,0.0,33.1,0.0,33.1,62.4,8.91,4.31,0,0,0,0,0,0,0.0,0.0,0.0,0.0,0.08,1,0,0.0,0.0,0
494,2016-05-08,2016,5,8,129,18,0,0.5,-0.866025,0.0,0,0.0,0.0,0.0,0.0,33.1,62.4,8.91,3.52,0,0,0,0,0,0,0.0,0.0,0.0,0.0,0.08,1,0,0.0,0.0,0
495,2016-05-09,2016,5,9,130,19,0,0.5,-0.866025,34.2,3,0.0,0.0,0.0,34.2,34.2,67.3,9.61,4.18,0,0,1,0,0,0,0.0,0.0,0.0,0.0,0.11,1,0,0.0,0.0,0
496,2016-05-10,2016,5,10,131,19,0,0.5,-0.866025,0.0,0,34.2,0.0,0.0,34.2,34.2,67.3,9.61,4.18,0,0,0,0,0,0,0.0,0.0,0.0,0.0,0.08,1,0,0.0,0.0,0
497,2016-05-11,2016,5,11,132,19,0,0.5,-0.866025,0.0,0,0.0,34.2,0.0,34.2,34.2,34.2,4.89,4.18,0,0,0,0,0,0,0.0,0.0,0.0,0.0,0.01,1,0,0.0,0.0,0
498,2016-05-12,2016,5,12,133,19,0,0.5,-0.866025,0.0,0,0.0,0.0,34.2,0.0,34.2,34.2,4.89,4.18,0,0,0,0,0,0,0.0,0.0,0.0,0.0,0.13,1,0,0.0,0.0,0
499,2016-05-13,2016,5,13,134,19,0,0.5,-0.866025,11.1,3,0.0,0.0,0.0,11.1,45.3,45.3,6.47,4.55,0,0,1,0,0,0,0.0,0.0,0.0,0.0,0.07,1,0,0.0,0.0,0
500,2016-05-14,2016,5,14,135,19,0,0.5,-0.866025,0.0,0,11.1,0.0,0.0,11.1,11.1,45.3,6.47,4.15,0,0,0,0,0,0,0.0,0.0,0.0,0.0,0.0,1,0,0.0,0.0,0
501,2016-05-15,2016,5,15,136,19,0,0.5,-0.866025,0.0,0,0.0,11.1,0.0,11.1,11.1,45.3,6.47,4.15,0,0,0,0,0,0,0.0,0.0,0.0,0.0,0.0,1,0,0.0,0.0,0
502,2016-05-16,2016,5,16,137,20,0,0.5,-0.866025,8.1,3,0.0,0.0,11.1,8.1,19.2,19.2,2.74,4.42,0,0,1,0,0,0,0.0,0.0,0.0,0.0,0.0,1,0,0.0,0.0,0
503,2016-05-17,2016,5,17,138,20,0,0.5,-0.866025,0.0,0,8.1,0.0,0.0,8.1,19.2,19.2,2.74,4.42,0,0,0,0,0,0,0.0,0.0,0.0,0.0,0.16,1,0,0.0,0.0,0
504,2016-05-18,2016,5,18,139,20,0,0.5,-0.866025,0.0,0,0.0,8.1,0.0,8.1,8.1,19.2,2.74,4.42,0,0,0,0,0,0,0.0,0.0,0.0,0.0,0.11,1,0,0.0,0.0,0
505,2016-05-19,2016,5,19,140,20,0,0.5,-0.866025,31.9,3,0.0,0.0,8.1,31.9,40.0,51.1,7.3,5.48,0,0,1,0,0,0,0.0,0.0,0.0,0.0,0.31,1,0,0.0,0.0,0
506,2016-05-20,2016,5,20,141,20,0,0.5,-0.866025,0.0,0,31.9,0.0,0.0,31.9,40.0,40.0,5.71,5.48,0,0,0,0,0,0,0.0,0.0,0.0,0.0,0.24,1,0,0.0,0.0,0
507,2016-05-21,2016,5,21,142,20,0,0.5,-0.866025,4.8,2,0.0,31.9,0.0,36.7,36.7,44.8,6.4,5.64,0,0,1,0,0,0,0.0,0.0,0.0,0.0,0.08,1,1,0.47,10.3,1
508,2016-05-22,2016,5,22,143,20,0,0.5,-0.866025,0.0,0,4.8,0.0,31.9,4.8,36.7,44.8,6.4,5.64,0,0,0,0,0,0,0.0,0.0,0.0,0.0,0.27,1,0,0.0,0.0,0
509,2016-05-23,2016,5,23,144,21,0,0.5,-0.866025,0.0,0,0.0,4.8,0.0,4.8,36.7,36.7,5.24,5.08,0,0,0,0,0,0,0.0,0.0,0.0,0.0,0.16,1,0,0.0,0.0,0
510,2016-05-24,2016,5,24,145,21,0,0.5,-0.866025,0.0,0,0.0,0.0,4.8,0.0,4.8,36.7,5.24,5.08,0,0,0,0,0,0,0.0,0.0,0.0,0.0,0.09,1,0,0.0,0.0,0
511,2016-05-25,2016,5,25,146,21,0,0.5,-0.866025,0.0,0,0.0,0.0,0.0,0.0,4.8,36.7,5.24,5.08,0,0,0,0,0,0,0.0,0.0,0.0,0.0,0.19,1,0,0.0,0.0,0
512,2016-05-26,2016,5,26,147,21,0,0.5,-0.866025,2.2,1,0.0,0.0,0.0,2.2,2.2,7.0,1.0,5.16,0,0,1,0,0,0,0.0,0.0,0.0,0.0,0.27,1,0,0.0,0.0,0
513,2016-05-27,2016,5,27,148,21,0,0.5,-0.866025,0.0,0,2.2,0.0,0.0,2.2,2.2,7.0,1.0,5.16,0,0,0,0,0,0,0.0,0.0,0.0,0.0,0.27,1,0,0.0,0.0,0
514,2016-05-28,2016,5,28,149,21,0,0.5,-0.866025,21.8,3,0.0,2.2,0.0,24.0,24.0,24.0,3.43,5.88,0,0,1,0,0,0,0.0,0.0,0.0,0.0,0.34,1,0,0.0,0.0,0
515,2016-05-29,2016,5,29,150,21,0,0.5,-0.866025,0.0,0,21.8,0.0,2.2,21.8,24.0,24.0,3.43,5.88,0,0,0,0,0,0,0.0,0.0,0.0,0.0,0.45,1,0,0.0,0.0,0
516,2016-05-30,2016,5,30,151,22,0,0.5,-0.866025,0.0,0,0.0,21.8,0.0,21.8,24.0,24.0,3.43,5.88,0,0,0,0,0,0,0.0,0.0,0.0,0.0,0.51,1,1,0.3,10.0,1
517,2016-05-31,2016,5,31,152,22,0,0.5,-0.866025,0.0,0,0.0,0.0,21.8,0.0,21.8,24.0,3.43,5.88,0,0,0,0,0,0,0.0,0.0,0.0,0.0,0.5,1,0,0.0,0.0,0
518,2016-06-01,2016,6,1,153,22,1,0.0,-1.0,63.3,4,0.0,0.0,0.0,63.3,85.1,87.3,12.47,7.02,1,0,1,0,0,0,0.0,0.0,0.0,0.0,0.63,1,0,0.0,0.0,0
519,2016-06-02,2016,6,2,154,22,1,0.0,-1.0,6.8,2,63.3,0.0,0.0,70.1,70.1,91.9,13.13,7.24,0,0,2,0,0,0,0.0,0.0,0.0,0.0,0.33,1,0,0.0,0.0,0
520,2016-06-03,2016,6,3,155,22,1,0.0,-1.0,0.0,0,6.8,63.3,0.0,70.1,70.1,91.9,13.13,6.14,0,0,0,0,0,0,0.0,0.0,0.0,0.0,0.3,1,1,0.53,17.4,2
521,2016-06-04,2016,6,4,156,22,1,0.0,-1.0,0.0,0,0.0,6.8,63.3,6.8,70.1,70.1,10.01,6.14,0,0,0,0,0,0,0.0,0.0,0.0,0.0,0.2,1,0,0.0,0.0,0
522,2016-06-05,2016,6,5,157,22,1,0.0,-1.0,0.0,0,0.0,0.0,6.8,0.0,70.1,70.1,10.01,6.14,0,0,0,0,0,0,0.0,0.0,0.0,0.0,0.33,1,0,0.0,0.0,0
523,2016-06-06,2016,6,6,158,23,1,0.0,-1.0,39.1,3,0.0,0.0,0.0,39.1,45.9,109.2,15.6,7.44,0,0,1,0,0,0,0.0,0.0,0.0,0.0,0.39,1,0,0.0,0.0,0
524,2016-06-07,2016,6,7,159,23,1,0.0,-1.0,21.8,3,39.1,0.0,0.0,60.9,60.9,131.0,18.71,8.17,0,0,2,0,0,0,0.0,0.0,0.0,0.0,0.37,1,0,0.0,0.0,0
525,2016-06-08,2016,6,8,160,23,1,0.0,-1.0,0.0,0,21.8,39.1,0.0,60.9,60.9,67.7,9.67,7.03,0,0,0,0,0,0,0.0,0.0,0.0,0.0,0.27,1,0,0.0,0.0,0
526,2016-06-09,2016,6,9,161,23,1,0.0,-1.0,0.0,0,0.0,21.8,39.1,21.8,60.9,60.9,8.7,7.03,0,0,0,0,0,0,0.0,0.0,0.0,0.0,0.28,1,0,0.0,0.0,0
527,2016-06-10,2016,6,10,162,23,1,0.0,-1.0,4.5,2,0.0,0.0,21.8,4.5,65.4,65.4,9.34,7.18,0,0,1,0,0,0,0.0,0.0,0.0,0.0,0.21,1,0,0.0,0.0,0
528,2016-06-11,2016,6,11,163,23,1,0.0,-1.0,0.0,0,4.5,0.0,0.0,4.5,26.3,65.4,9.34,7.18,0,0,0,0,0,0,0.0,0.0,0.0,0.0,0.24,1,0,0.0,0.0,0
529,2016-06-12,2016,6,12,164,23,1,0.0,-1.0,0.0,0,0.0,4.5,0.0,4.5,4.5,65.4,9.34,6.81,0,0,0,0,0,0,0.0,0.0,0.0,0.0,0.32,1,0,0.0,0.0,0
530,2016-06-13,2016,6,13,165,24,1,0.0,-1.0,66.9,4,0.0,0.0,4.5,66.9,71.4,93.2,13.31,9.04,1,0,1,0,0,0,0.0,0.0,0.0,0.0,0.5,1,0,0.0,0.0,0
531,2016-06-14,2016,6,14,166,24,1,0.0,-1.0,0.0,0,66.9,0.0,0.0,66.9,71.4,71.4,10.2,9.04,0,0,0,0,0,0,0.0,0.0,0.0,0.0,0.48,1,0,0.0,0.0,0
532,2016-06-15,2016,6,15,167,24,1,0.0,-1.0,0.0,0,0.0,66.9,0.0,66.9,66.9,71.4,10.2,8.77,0,0,0,0,0,0,0.0,0.0,0.0,0.0,0.45,1,0,0.0,0.0,0
533,2016-06-16,2016,6,16,168,24,1,0.0,-1.0,0.0,0,0.0,0.0,66.9,0.0,66.9,71.4,10.2,8.77,0,0,0,0,0,0,0.0,0.0,0.0,0.0,0.43,1,0,0.0,0.0,0
534,2016-06-17,2016,6,17,169,24,1,0.0,-1.0,0.0,0,0.0,0.0,0.0,0.0,66.9,66.9,9.56,8.77,0,0,0,0,0,0,0.0,0.0,0.0,0.0,0.22,1,0,0.0,0.0,0
535,2016-06-18,2016,6,18,170,24,1,0.0,-1.0,48.9,3,0.0,0.0,0.0,48.9,48.9,115.8,16.54,9.34,0,0,1,0,0,0,0.0,0.0,0.0,0.0,0.28,1,0,0.0,0.0,0
536,2016-06-19,2016,6,19,171,24,1,0.0,-1.0,31.1,3,48.9,0.0,0.0,80.0,80.0,146.9,20.99,10.37,0,0,2,0,0,0,0.0,0.0,0.0,0.0,0.37,1,0,0.0,0.0,0
537,2016-06-20,2016,6,20,172,25,1,0.0,-1.0,0.0,0,31.1,48.9,0.0,80.0,80.0,80.0,11.43,10.21,0,0,0,0,0,0,0.0,0.0,0.0,0.0,0.34,1,0,0.0,0.0,0
538,2016-06-21,2016,6,21,173,25,1,0.0,-1.0,82.7,4,0.0,31.1,48.9,113.8,162.7,162.7,23.24,12.97,1,0,1,0,0,0,0.0,0.0,0.0,0.0,0.57,1,1,0.43,6.4,2
539,2016-06-22,2016,6,22,174,25,1,0.0,-1.0,0.0,0,82.7,0.0,31.1,82.7,162.7,162.7,23.24,12.97,0,0,0,0,0,0,0.0,0.0,0.0,0.0,0.24,1,0,0.0,0.0,0
540,2016-06-23,2016,6,23,175,25,1,0.0,-1.0,0.0,0,0.0,82.7,0.0,82.7,113.8,162.7,23.24,12.97,0,0,0,0,0,0,0.0,0.0,0.0,0.0,0.11,1,0,0.0,0.0,0
541,2016-06-24,2016,6,24,176,25,1,0.0,-1.0,23.4,3,0.0,0.0,82.7,23.4,106.1,186.1,26.59,13.75,0,0,1,0,0,0,0.0,0.0,0.0,0.0,0.0,1,0,0.0,0.0,0
542,2016-06-25,2016,6,25,177,25,1,0.0,-1.0,0.0,0,23.4,0.0,0.0,23.4,106.1,137.2,19.6,13.68,0,0,0,0,0,0,0.0,0.0,0.0,0.0,0.16,1,0,0.0,0.0,0
543,2016-06-26,2016,6,26,178,25,1,0.0,-1.0,0.0,0,0.0,23.4,0.0,23.4,23.4,106.1,15.16,13.68,0,0,0,0,0,0,0.0,0.0,0.0,0.0,0.0,1,0,0.0,0.0,0
544,2016-06-27,2016,6,27,179,26,1,0.0,-1.0,4.5,2,0.0,0.0,23.4,4.5,27.9,110.6,15.8,13.1,0,0,1,0,0,0,0.0,0.0,0.0,0.0,0.03,1,0,0.0,0.0,0
545,2016-06-28,2016,6,28,180,26,1,0.0,-1.0,0.0,0,4.5,0.0,0.0,4.5,27.9,27.9,3.99,13.1,0,0,0,0,0,0,0.0,0.0,0.0,0.0,0.1,1,0,0.0,0.0,0
546,2016-06-29,2016,6,29,181,26,1,0.0,-1.0,0.0,0,0.0,4.5,0.0,4.5,4.5,27.9,3.99,13.1,0,0,0,0,0,0,0.0,0.0,0.0,0.0,0.0,1,0,0.0,0.0,0
547,2016-06-30,2016,6,30,182,26,1,0.0,-1.0,0.0,0,0.0,0.0,4.5,0.0,4.5,27.9,3.99,13.1,0,0,0,0,0,0,0.0,0.0,0.0,0.0,0.0,1,0,0.0,0.0,0
548,2016-07-01,2016,7,1,183,26,1,-0.5,-0.866025,15.0,3,0.0,0.0,0.0,15.0,19.5,19.5,2.79,11.49,0,0,1,1,1,Quiel,1.0,75.0,0.0,0.0,0.04,1,0,0.0,0.0,0
549,2016-07-02,2016,7,2,184,26,1,-0.5,-0.866025,178.7,4,15.0,0.0,0.0,193.7,193.7,198.2,28.31,17.22,1,1,2,1,1,Quiel,1.0,75.0,0.0,1.0,0.43,1,1,1.83,57.0,4
550,2016-07-03,2016,7,3,185,26,1,-0.5,-0.866025,86.6,4,178.7,15.0,0.0,280.3,280.3,284.8,40.69,20.11,1,0,3,1,1,Quiel,1.0,75.0,0.0,2.0,0.62,1,1,0.6,9.1,2
551,2016-07-04,2016,7,4,186,27,1,-0.5,-0.866025,0.0,0,86.6,178.7,15.0,265.3,280.3,280.3,40.04,20.11,0,0,0,0,0,0,0.0,0.0,0.0,0.0,0.44,1,0,0.0,0.0,0
552,2016-07-05,2016,7,5,187,27,1,-0.5,-0.866025,36.2,3,0.0,86.6,178.7,122.8,316.5,316.5,45.21,21.31,0,0,1,0,0,0,0.0,0.0,0.0,0.0,0.51,1,0,0.0,0.0,0
553,2016-07-06,2016,7,6,188,27,1,-0.5,-0.866025,98.7,4,36.2,0.0,86.6,134.9,400.2,415.2,59.31,23.3,1,0,2,0,0,0,0.0,0.0,0.0,0.0,0.55,1,0,0.0,0.0,0
554,2016-07-07,2016,7,7,189,27,1,-0.5,-0.866025,0.0,0,98.7,36.2,0.0,134.9,221.5,415.2,59.31,22.57,0,0,0,0,0,0,0.0,0.0,0.0,0.0,0.5,1,0,0.0,0.0,0
555,2016-07-08,2016,7,8,190,27,1,-0.5,-0.866025,64.0,4,0.0,98.7,36.2,162.7,198.9,464.2,66.31,24.71,1,0,1,0,0,0,0.0,0.0,0.0,0.0,0.7,1,0,0.0,0.0,0
556,2016-07-09,2016,7,9,191,27,1,-0.5,-0.866025,52.8,4,64.0,0.0,98.7,116.8,251.7,338.3,48.33,26.47,1,0,2,0,0,0,0.0,0.0,0.0,0.0,0.66,1,1,0.29,11.2,1
557,2016-07-10,2016,7,10,192,27,1,-0.5,-0.866025,27.6,3,52.8,64.0,0.0,144.4,243.1,279.3,39.9,27.24,0,0,3,0,0,0,0.0,0.0,0.0,0.0,0.66,1,0,0.0,0.0,0
558,2016-07-11,2016,7,11,193,28,1,-0.5,-0.866025,0.0,0,27.6,52.8,64.0,80.4,144.4,279.3,39.9,27.24,0,0,0,0,0,0,0.0,0.0,0.0,0.0,0.52,1,0,0.0,0.0,0
559,2016-07-12,2016,7,12,194,28,1,-0.5,-0.866025,17.6,3,0.0,27.6,52.8,45.2,162.0,260.7,37.24,27.82,0,0,1,0,0,0,0.0,0.0,0.0,0.0,0.62,1,0,0.0,0.0,0
560,2016-07-13,2016,7,13,195,28,1,-0.5,-0.866025,89.2,4,17.6,0.0,27.6,106.8,187.2,251.2,35.89,28.57,1,0,2,0,0,0,0.0,0.0,0.0,0.0,0.86,1,1,0.76,8.0,2
561,2016-07-14,2016,7,14,196,28,1,-0.5,-0.866025,0.0,0,89.2,17.6,0.0,106.8,134.4,251.2,35.89,28.57,0,0,0,0,0,0,0.0,0.0,0.0,0.0,0.68,1,0,0.0,0.0,0
562,2016-07-15,2016,7,15,197,28,1,-0.5,-0.866025,0.0,0,0.0,89.2,17.6,89.2,106.8,187.2,26.74,28.57,0,0,0,0,0,0,0.0,0.0,0.0,0.0,0.39,1,0,0.0,0.0,0
563,2016-07-16,2016,7,16,198,28,1,-0.5,-0.866025,0.0,0,0.0,0.0,89.2,0.0,106.8,134.4,19.2,28.57,0,0,0,0,0,0,0.0,0.0,0.0,0.0,0.19,1,0,0.0,0.0,0
564,2016-07-17,2016,7,17,199,28,1,-0.5,-0.866025,36.2,3,0.0,0.0,0.0,36.2,125.4,143.0,20.43,29.77,0,0,1,0,0,0,0.0,0.0,0.0,0.0,0.23,1,0,0.0,0.0,0
565,2016-07-18,2016,7,18,200,29,1,-0.5,-0.866025,0.0,0,36.2,0.0,0.0,36.2,36.2,143.0,20.43,28.14,0,0,0,0,0,0,0.0,0.0,0.0,0.0,0.11,1,0,0.0,0.0,0
566,2016-07-19,2016,7,19,201,29,1,-0.5,-0.866025,44.0,3,0.0,36.2,0.0,80.2,80.2,169.4,24.2,28.57,0,0,1,0,0,0,0.0,0.0,0.0,0.0,0.18,1,0,0.0,0.0,0
567,2016-07-20,2016,7,20,202,29,1,-0.5,-0.866025,0.0,0,44.0,0.0,36.2,44.0,80.2,80.2,11.46,28.57,0,0,0,0,0,0,0.0,0.0,0.0,0.0,0.24,1,0,0.0,0.0,0
568,2016-07-21,2016,7,21,203,29,1,-0.5,-0.866025,0.0,0,0.0,44.0,0.0,44.0,80.2,80.2,11.46,25.82,0,0,0,0,0,0,0.0,0.0,0.0,0.0,0.21,1,0,0.0,0.0,0
569,2016-07-22,2016,7,22,204,29,1,-0.5,-0.866025,27.6,3,0.0,0.0,44.0,27.6,71.6,107.8,15.4,26.74,0,0,1,0,0,0,0.0,0.0,0.0,0.0,0.35,1,0,0.0,0.0,0
570,2016-07-23,2016,7,23,205,29,1,-0.5,-0.866025,0.0,0,27.6,0.0,0.0,27.6,71.6,107.8,15.4,26.74,0,0,0,0,0,0,0.0,0.0,0.0,0.0,0.28,1,0,0.0,0.0,0
571,2016-07-24,2016,7,24,206,29,1,-0.5,-0.866025,0.0,0,0.0,27.6,0.0,27.6,27.6,71.6,10.23,25.96,0,0,0,0,0,0,0.0,0.0,0.0,0.0,0.22,1,0,0.0,0.0,0
572,2016-07-25,2016,7,25,207,30,1,-0.5,-0.866025,9.2,3,0.0,0.0,27.6,9.2,36.8,80.8,11.54,26.26,0,0,1,0,0,0,0.0,0.0,0.0,0.0,0.14,1,0,0.0,0.0,0
573,2016-07-26,2016,7,26,208,30,1,-0.5,-0.866025,0.0,0,9.2,0.0,0.0,9.2,36.8,36.8,5.26,26.26,0,0,0,0,0,0,0.0,0.0,0.0,0.0,0.01,1,0,0.0,0.0,0
574,2016-07-27,2016,7,27,209,30,1,-0.5,-0.866025,0.0,0,0.0,9.2,0.0,9.2,9.2,36.8,5.26,26.11,0,0,0,0,0,0,0.0,0.0,0.0,0.0,0.02,1,0,0.0,0.0,0
575,2016-07-28,2016,7,28,210,30,1,-0.5,-0.866025,0.0,0,0.0,0.0,9.2,0.0,9.2,36.8,5.26,26.11,0,0,0,0,0,0,0.0,0.0,0.0,0.0,0.14,1,0,0.0,0.0,0
576,2016-07-29,2016,7,29,211,30,1,-0.5,-0.866025,110.3,4,0.0,0.0,0.0,110.3,119.5,119.5,17.07,29.79,1,1,1,0,0,0,0.0,0.0,0.0,0.0,0.48,1,1,0.44,9.5,1
577,2016-07-30,2016,7,30,212,30,1,-0.5,-0.866025,0.0,0,110.3,0.0,0.0,110.3,110.3,119.5,17.07,29.79,0,0,0,0,0,0,0.0,0.0,0.0,0.0,0.45,1,0,0.0,0.0,0
578,2016-07-31,2016,7,31,213,30,1,-0.5,-0.866025,14.4,3,0.0,110.3,0.0,124.7,124.7,133.9,19.13,29.77,0,0,1,0,0,0,0.0,0.0,0.0,0.0,0.32,1,0,0.0,0.0,0
579,2016-08-01,2016,8,1,214,31,1,-0.866025,-0.5,0.0,0,14.4,0.0,110.3,14.4,124.7,124.7,17.81,23.81,0,0,0,0,0,0,0.0,0.0,0.0,0.0,0.23,1,0,0.0,0.0,0
580,2016-08-02,2016,8,2,215,31,1,-0.866025,-0.5,0.0,0,0.0,14.4,0.0,14.4,124.7,124.7,17.81,20.93,0,0,0,0,0,0,0.0,0.0,0.0,0.0,0.18,1,0,0.0,0.0,0
581,2016-08-03,2016,8,3,216,31,1,-0.866025,-0.5,141.5,4,0.0,0.0,14.4,141.5,155.9,266.2,38.03,25.64,1,1,1,0,0,0,0.0,0.0,0.0,0.0,0.64,1,1,0.8,33.1,3
582,2016-08-04,2016,8,4,217,31,1,-0.866025,-0.5,0.0,0,141.5,0.0,0.0,141.5,155.9,266.2,38.03,24.44,0,0,0,0,0,0,0.0,0.0,0.0,0.0,0.5,1,0,0.0,0.0,0
583,2016-08-05,2016,8,5,218,31,1,-0.866025,-0.5,27.4,3,0.0,141.5,0.0,168.9,168.9,183.3,26.19,22.06,0,0,1,0,0,0,0.0,0.0,0.0,0.0,0.49,1,0,0.0,0.0,0
584,2016-08-06,2016,8,6,219,31,1,-0.866025,-0.5,0.0,0,27.4,0.0,141.5,27.4,168.9,183.3,26.19,22.06,0,0,0,0,0,0,0.0,0.0,0.0,0.0,0.37,1,0,0.0,0.0,0
585,2016-08-07,2016,8,7,220,31,1,-0.866025,-0.5,0.0,0,0.0,27.4,0.0,27.4,168.9,168.9,24.13,19.93,0,0,0,0,0,0,0.0,0.0,0.0,0.0,0.35,1,0,0.0,0.0,0
586,2016-08-08,2016,8,8,221,32,1,-0.866025,-0.5,0.0,0,0.0,0.0,27.4,0.0,27.4,168.9,24.13,18.17,0,0,0,0,0,0,0.0,0.0,0.0,0.0,0.31,1,0,0.0,0.0,0
587,2016-08-09,2016,8,9,222,32,1,-0.866025,-0.5,85.9,4,0.0,0.0,0.0,85.9,113.3,254.8,36.4,20.11,1,0,1,0,0,0,0.0,0.0,0.0,0.0,0.5,1,0,0.0,0.0,0
588,2016-08-10,2016,8,10,223,32,1,-0.866025,-0.5,0.0,0,85.9,0.0,0.0,85.9,85.9,113.3,16.19,20.11,0,0,0,0,0,0,0.0,0.0,0.0,0.0,0.33,1,0,0.0,0.0,0
589,2016-08-11,2016,8,11,224,32,1,-0.866025,-0.5,0.0,0,0.0,85.9,0.0,85.9,85.9,113.3,16.19,19.52,0,0,0,0,0,0,0.0,0.0,0.0,0.0,0.19,1,0,0.0,0.0,0
590,2016-08-12,2016,8,12,225,32,1,-0.866025,-0.5,35.6,3,0.0,0.0,85.9,35.6,121.5,121.5,17.36,17.74,0,0,1,0,0,0,0.0,0.0,0.0,0.0,0.43,1,0,0.0,0.0,0
591,2016-08-13,2016,8,13,226,32,1,-0.866025,-0.5,36.9,3,35.6,0.0,0.0,72.5,158.4,158.4,22.63,18.97,0,0,2,0,0,0,0.0,0.0,0.0,0.0,0.49,1,0,0.0,0.0,0
592,2016-08-14,2016,8,14,227,32,1,-0.866025,-0.5,19.1,3,36.9,35.6,0.0,91.6,91.6,177.5,25.36,19.6,0,0,3,0,0,0,0.0,0.0,0.0,0.0,0.54,1,0,0.0,0.0,0
593,2016-08-15,2016,8,15,228,33,1,-0.866025,-0.5,0.0,0,19.1,36.9,35.6,56.0,91.6,177.5,25.36,19.6,0,0,0,0,0,0,0.0,0.0,0.0,0.0,0.51,1,0,0.0,0.0,0
594,2016-08-16,2016,8,16,229,33,1,-0.866025,-0.5,0.0,0,0.0,19.1,36.9,19.1,91.6,91.6,13.09,18.4,0,0,0,0,0,0,0.0,0.0,0.0,0.0,0.41,1,0,0.0,0.0,0
595,2016-08-17,2016,8,17,230,33,1,-0.866025,-0.5,0.0,0,0.0,0.0,19.1,0.0,56.0,91.6,13.09,18.4,0,0,0,0,0,0,0.0,0.0,0.0,0.0,0.36,1,0,0.0,0.0,0
596,2016-08-18,2016,8,18,231,33,1,-0.866025,-0.5,0.0,0,0.0,0.0,0.0,0.0,19.1,91.6,13.09,16.93,0,0,0,0,0,0,0.0,0.0,0.0,0.0,0.33,1,0,0.0,0.0,0
597,2016-08-19,2016,8,19,232,33,1,-0.866025,-0.5,52.8,4,0.0,0.0,0.0,52.8,52.8,108.8,15.54,18.69,1,0,1,0,0,0,0.0,0.0,0.0,0.0,0.3,1,0,0.0,0.0,0
598,2016-08-20,2016,8,20,233,33,1,-0.866025,-0.5,0.0,0,52.8,0.0,0.0,52.8,52.8,71.9,10.27,18.69,0,0,0,0,0,0,0.0,0.0,0.0,0.0,0.28,1,0,0.0,0.0,0
599,2016-08-21,2016,8,21,234,33,1,-0.866025,-0.5,0.0,0,0.0,52.8,0.0,52.8,52.8,52.8,7.54,17.77,0,0,0,0,0,0,0.0,0.0,0.0,0.0,0.16,1,0,0.0,0.0,0
600,2016-08-22,2016,8,22,235,34,1,-0.866025,-0.5,72.1,4,0.0,0.0,52.8,72.1,124.9,124.9,17.84,20.17,1,0,1,0,0,0,0.0,0.0,0.0,0.0,0.31,1,0,0.0,0.0,0
601,2016-08-23,2016,8,23,236,34,1,-0.866025,-0.5,14.5,3,72.1,0.0,0.0,86.6,139.4,139.4,19.91,20.66,0,0,2,0,0,0,0.0,0.0,0.0,0.0,0.32,1,0,0.0,0.0,0
602,2016-08-24,2016,8,24,237,34,1,-0.866025,-0.5,0.0,0,14.5,72.1,0.0,86.6,86.6,139.4,19.91,20.35,0,0,0,0,0,0,0.0,0.0,0.0,0.0,0.51,1,0,0.0,0.0,0
603,2016-08-25,2016,8,25,238,34,1,-0.866025,-0.5,14.7,3,0.0,14.5,72.1,29.2,101.3,154.1,22.01,20.84,0,0,1,0,0,0,0.0,0.0,0.0,0.0,0.3,1,0,0.0,0.0,0
604,2016-08-26,2016,8,26,239,34,1,-0.866025,-0.5,101.4,4,14.7,0.0,14.5,116.1,202.7,202.7,28.96,24.22,1,1,2,0,0,0,0.0,0.0,0.0,0.0,0.4,1,1,1.29,17.3,3
605,2016-08-27,2016,8,27,240,34,1,-0.866025,-0.5,56.2,4,101.4,14.7,0.0,172.3,186.8,258.9,36.99,26.09,1,0,3,0,0,0,0.0,0.0,0.0,0.0,0.51,1,0,0.0,0.0,0
606,2016-08-28,2016,8,28,241,34,1,-0.866025,-0.5,0.0,0,56.2,101.4,14.7,157.6,172.3,258.9,36.99,22.42,0,0,0,0,0,0,0.0,0.0,0.0,0.0,0.23,1,0,0.0,0.0,0
607,2016-08-29,2016,8,29,242,35,1,-0.866025,-0.5,113.1,4,0.0,56.2,101.4,169.3,285.4,299.9,42.84,26.19,1,1,1,0,0,0,0.0,0.0,0.0,0.0,0.55,1,1,0.4,11.7,2
608,2016-08-30,2016,8,30,243,35,1,-0.866025,-0.5,0.0,0,113.1,0.0,56.2,113.1,270.7,285.4,40.77,25.71,0,0,0,0,0,0,0.0,0.0,0.0,0.0,0.25,1,0,0.0,0.0,0
609,2016-08-31,2016,8,31,244,35,1,-0.866025,-0.5,38.5,3,0.0,113.1,0.0,151.6,207.8,323.9,46.27,26.99,0,0,1,0,0,0,0.0,0.0,0.0,0.0,0.37,1,0,0.0,0.0,0
610,2016-09-01,2016,9,1,245,35,1,-1.0,-0.0,0.6,1,38.5,0.0,113.1,39.1,152.2,309.8,44.26,27.01,0,0,2,0,0,0,0.0,0.0,0.0,0.0,0.29,1,0,0.0,0.0,0
611,2016-09-02,2016,9,2,246,35,1,-1.0,-0.0,0.0,0,0.6,38.5,0.0,39.1,152.2,208.4,29.77,22.29,0,0,0,0,0,0,0.0,0.0,0.0,0.0,0.15,1,0,0.0,0.0,0
612,2016-09-03,2016,9,3,247,35,1,-1.0,-0.0,0.0,0,0.0,0.6,38.5,0.6,39.1,152.2,21.74,22.29,0,0,0,0,0,0,0.0,0.0,0.0,0.0,0.23,1,0,0.0,0.0,0
613,2016-09-04,2016,9,4,248,35,1,-1.0,-0.0,10.8,3,0.0,0.0,0.6,10.8,49.9,163.0,23.29,21.74,0,0,1,0,0,0,0.0,0.0,0.0,0.0,0.24,1,0,0.0,0.0,0
614,2016-09-05,2016,9,5,249,36,1,-1.0,-0.0,0.0,0,10.8,0.0,0.0,10.8,11.4,49.9,7.13,21.74,0,0,0,0,0,0,0.0,0.0,0.0,0.0,0.25,1,0,0.0,0.0,0
615,2016-09-06,2016,9,6,250,36,1,-1.0,-0.0,0.0,0,0.0,10.8,0.0,10.8,10.8,49.9,7.13,21.74,0,0,0,0,0,0,0.0,0.0,0.0,0.0,0.09,1,0,0.0,0.0,0
616,2016-09-07,2016,9,7,251,36,1,-1.0,-0.0,0.0,0,0.0,0.0,10.8,0.0,10.8,11.4,1.63,21.74,0,0,0,0,0,0,0.0,0.0,0.0,0.0,0.11,1,0,0.0,0.0,0
617,2016-09-08,2016,9,8,252,36,1,-1.0,-0.0,0.0,0,0.0,0.0,0.0,0.0,10.8,10.8,1.54,18.88,0,0,0,0,0,0,0.0,0.0,0.0,0.0,0.0,1,0,0.0,0.0,0
618,2016-09-09,2016,9,9,253,36,1,-1.0,-0.0,0.0,0,0.0,0.0,0.0,0.0,0.0,10.8,1.54,18.88,0,0,0,0,0,0,0.0,0.0,0.0,0.0,0.21,1,0,0.0,0.0,0
619,2016-09-10,2016,9,10,254,36,1,-1.0,-0.0,10.1,3,0.0,0.0,0.0,10.1,10.1,20.9,2.99,19.21,0,0,1,0,0,0,0.0,0.0,0.0,0.0,0.29,1,0,0.0,0.0,0
620,2016-09-11,2016,9,11,255,36,1,-1.0,-0.0,47.0,3,10.1,0.0,0.0,57.1,57.1,57.1,8.16,19.59,0,0,2,0,0,0,0.0,0.0,0.0,0.0,0.4,1,0,0.0,0.0,0
621,2016-09-12,2016,9,12,256,37,1,-1.0,-0.0,66.6,4,47.0,10.1,0.0,123.7,123.7,123.7,17.67,20.58,1,0,3,0,0,0,0.0,0.0,0.0,0.0,0.64,1,1,0.32,3.0,1
622,2016-09-13,2016,9,13,257,37,1,-1.0,-0.0,105.9,4,66.6,47.0,10.1,219.5,229.6,229.6,32.8,23.48,1,1,4,0,0,0,0.0,0.0,0.0,0.0,0.88,1,1,1.36,31.3,3
623,2016-09-14,2016,9,14,258,37,1,-1.0,-0.0,57.4,4,105.9,66.6,47.0,229.9,287.0,287.0,41.0,25.39,1,0,5,0,0,0,0.0,0.0,0.0,0.0,0.88,1,0,0.0,0.0,0
624,2016-09-15,2016,9,15,259,37,1,-1.0,-0.0,17.3,3,57.4,105.9,66.6,180.6,294.2,304.3,43.47,25.97,0,0,6,0,0,0,0.0,0.0,0.0,0.0,0.78,1,0,0.0,0.0,0
625,2016-09-16,2016,9,16,260,37,1,-1.0,-0.0,23.4,3,17.3,57.4,105.9,98.1,270.6,327.7,46.81,26.75,0,0,7,0,0,0,0.0,0.0,0.0,0.0,0.54,1,0,0.0,0.0,0
626,2016-09-17,2016,9,17,261,37,1,-1.0,-0.0,0.0,0,23.4,17.3,57.4,40.7,204.0,317.6,45.37,26.75,0,0,0,0,0,0,0.0,0.0,0.0,0.0,0.39,1,1,0.52,4.0,1
627,2016-09-18,2016,9,18,262,37,1,-1.0,-0.0,34.8,3,0.0,23.4,17.3,58.2,132.9,305.4,43.63,26.15,0,0,1,0,0,0,0.0,0.0,0.0,0.0,0.45,1,0,0.0,0.0,0
628,2016-09-19,2016,9,19,263,38,1,-1.0,-0.0,110.3,4,34.8,0.0,23.4,145.1,185.8,349.1,49.87,29.82,1,1,2,0,0,0,0.0,0.0,0.0,0.0,0.66,1,1,0.4,17.9,2
629,2016-09-20,2016,9,20,264,38,1,-1.0,-0.0,0.0,0,110.3,34.8,0.0,145.1,168.5,243.2,34.74,29.82,0,0,0,0,0,0,0.0,0.0,0.0,0.0,0.72,1,0,0.0,0.0,0
630,2016-09-21,2016,9,21,265,38,1,-1.0,-0.0,57.4,4,0.0,110.3,34.8,167.7,202.5,243.2,34.74,29.33,1,0,1,0,0,0,0.0,0.0,0.0,0.0,0.73,1,1,0.47,8.0,2
631,2016-09-22,2016,9,22,266,38,1,-1.0,-0.0,165.2,4,57.4,0.0,110.3,222.6,367.7,391.1,55.87,34.36,1,1,2,0,0,0,0.0,0.0,0.0,0.0,1.0,1,1,1.41,36.9,3
632,2016-09-23,2016,9,23,267,38,1,-1.0,-0.0,0.0,0,165.2,57.4,0.0,222.6,332.9,367.7,52.53,34.36,0,0,0,0,0,0,0.0,0.0,0.0,0.0,0.98,1,0,0.0,0.0,0
633,2016-09-24,2016,9,24,268,38,1,-1.0,-0.0,72.5,4,0.0,165.2,57.4,237.7,295.1,440.2,62.89,36.28,1,0,1,0,0,0,0.0,0.0,0.0,0.0,1.0,1,1,1.49,25.7,3
634,2016-09-25,2016,9,25,269,38,1,-1.0,-0.0,3.1,2,72.5,0.0,165.2,75.6,298.2,408.5,58.36,33.01,0,0,2,0,0,0,0.0,0.0,0.0,0.0,1.0,1,1,1.1,20.2,3
635,2016-09-26,2016,9,26,270,39,1,-1.0,-0.0,105.9,4,3.1,72.5,0.0,181.5,346.7,404.1,57.73,34.66,1,1,3,0,0,0,0.0,0.0,0.0,0.0,1.0,1,1,1.36,37.9,3
636,2016-09-27,2016,9,27,271,39,1,-1.0,-0.0,41.0,3,105.9,3.1,72.5,150.0,222.5,445.1,63.59,36.03,0,0,4,0,0,0,0.0,0.0,0.0,0.0,0.8,1,1,0.39,14.0,2
637,2016-09-28,2016,9,28,272,39,1,-1.0,-0.0,0.0,0,41.0,105.9,3.1,146.9,222.5,387.7,55.39,32.26,0,0,0,0,0,0,0.0,0.0,0.0,0.0,0.42,1,0,0.0,0.0,0
638,2016-09-29,2016,9,29,273,39,1,-1.0,-0.0,0.0,0,0.0,41.0,105.9,41.0,150.0,222.5,31.79,32.26,0,0,0,0,0,0,0.0,0.0,0.0,0.0,0.22,1,0,0.0,0.0,0
639,2016-09-30,2016,9,30,274,39,1,-1.0,-0.0,195.9,4,0.0,0.0,41.0,195.9,342.8,418.4,59.77,37.51,1,1,1,0,0,0,0.0,0.0,0.0,0.0,0.85,1,1,1.46,17.1,3
640,2016-10-01,2016,10,1,275,39,1,-0.866025,0.5,119.3,4,195.9,0.0,0.0,315.2,356.2,465.2,66.46,41.46,1,1,2,0,0,0,0.0,0.0,0.0,0.0,1.0,1,1,1.36,29.5,3
641,2016-10-02,2016,10,2,276,39,1,-0.866025,0.5,162.6,4,119.3,195.9,0.0,477.8,477.8,624.7,89.24,46.88,1,1,3,0,0,0,0.0,0.0,0.0,0.0,1.0,1,1,0.7,5.8,2
642,2016-10-03,2016,10,3,277,40,1,-0.866025,0.5,103.6,4,162.6,119.3,195.9,385.5,581.4,622.4,88.91,50.34,1,1,4,0,0,0,0.0,0.0,0.0,0.0,1.0,1,1,0.97,16.7,3
643,2016-10-04,2016,10,4,278,40,1,-0.866025,0.5,0.0,0,103.6,162.6,119.3,266.2,581.4,581.4,83.06,49.98,0,0,0,0,0,0,0.0,0.0,0.0,0.0,0.74,1,1,0.47,13.2,2
644,2016-10-05,2016,10,5,279,40,1,-0.866025,0.5,53.8,4,0.0,103.6,162.6,157.4,439.3,635.2,90.74,51.77,1,0,1,0,0,0,0.0,0.0,0.0,0.0,0.81,1,1,0.83,40.8,3
645,2016-10-06,2016,10,6,280,40,1,-0.866025,0.5,0.0,0,53.8,0.0,103.6,53.8,320.0,635.2,90.74,51.77,0,0,0,0,0,0,0.0,0.0,0.0,0.0,0.45,1,0,0.0,0.0,0
646,2016-10-07,2016,10,7,281,40,1,-0.866025,0.5,11.2,3,0.0,53.8,0.0,65.0,168.6,450.5,64.36,52.14,0,0,1,0,0,0,0.0,0.0,0.0,0.0,0.31,1,0,0.0,0.0,0
647,2016-10-08,2016,10,8,282,40,1,-0.866025,0.5,0.0,0,11.2,0.0,53.8,11.2,65.0,331.2,47.31,52.14,0,0,0,0,0,0,0.0,0.0,0.0,0.0,0.27,1,1,0.19,8.4,1
648,2016-10-09,2016,10,9,283,40,1,-0.866025,0.5,26.3,3,0.0,11.2,0.0,37.5,91.3,194.9,27.84,53.02,0,0,1,0,0,0,0.0,0.0,0.0,0.0,0.32,1,0,0.0,0.0,0
649,2016-10-10,2016,10,10,284,41,1,-0.866025,0.5,0.0,0,26.3,0.0,11.2,26.3,37.5,91.3,13.04,52.68,0,0,0,0,0,0,0.0,0.0,0.0,0.0,0.34,1,0,0.0,0.0,0
650,2016-10-11,2016,10,11,285,41,1,-0.866025,0.5,136.8,4,0.0,26.3,0.0,163.1,174.3,228.1,32.59,55.68,1,1,1,0,0,0,0.0,0.0,0.0,0.0,0.73,1,1,1.21,38.7,3
651,2016-10-12,2016,10,12,286,41,1,-0.866025,0.5,0.0,0,136.8,0.0,26.3,136.8,163.1,174.3,24.9,53.46,0,0,0,0,0,0,0.0,0.0,0.0,0.0,0.56,1,0,0.0,0.0,0
652,2016-10-13,2016,10,13,287,41,1,-0.866025,0.5,0.0,0,0.0,136.8,0.0,136.8,163.1,174.3,24.9,49.93,0,0,0,0,0,0,0.0,0.0,0.0,0.0,0.36,1,0,0.0,0.0,0
653,2016-10-14,2016,10,14,288,41,1,-0.866025,0.5,63.6,4,0.0,0.0,136.8,63.6,200.4,226.7,32.39,50.13,1,0,1,0,0,0,0.0,0.0,0.0,0.0,0.53,1,0,0.0,0.0,0
654,2016-10-15,2016,10,15,289,41,1,-0.866025,0.5,61.6,4,63.6,0.0,0.0,125.2,262.0,288.3,41.19,51.61,1,0,2,0,0,0,0.0,0.0,0.0,0.0,0.6,1,0,0.0,0.0,0
655,2016-10-16,2016,10,16,290,41,1,-0.866025,0.5,36.6,3,61.6,63.6,0.0,161.8,161.8,298.6,42.66,52.05,0,0,3,0,0,0,0.0,0.0,0.0,0.0,0.67,1,0,0.0,0.0,0
656,2016-10-17,2016,10,17,291,42,1,-0.866025,0.5,85.4,4,36.6,61.6,63.6,183.6,247.2,384.0,54.86,54.9,1,0,4,0,0,0,0.0,0.0,0.0,0.0,0.7,1,1,1.4,27.7,3
657,2016-10-18,2016,10,18,292,42,1,-0.866025,0.5,37.4,3,85.4,36.6,61.6,159.4,284.6,284.6,40.66,54.98,0,0,5,0,0,0,0.0,0.0,0.0,0.0,0.84,1,0,0.0,0.0,0
658,2016-10-19,2016,10,19,293,42,1,-0.866025,0.5,90.7,4,37.4,85.4,36.6,213.5,311.7,375.3,53.61,54.33,1,0,6,0,0,0,0.0,0.0,0.0,0.0,0.91,1,1,1.38,36.3,3
659,2016-10-20,2016,10,20,294,42,1,-0.866025,0.5,0.0,0,90.7,37.4,85.4,128.1,250.1,375.3,53.61,54.33,0,0,0,0,0,0,0.0,0.0,0.0,0.0,0.69,1,0,0.0,0.0,0
660,2016-10-21,2016,10,21,295,42,1,-0.866025,0.5,126.4,4,0.0,90.7,37.4,217.1,339.9,438.1,62.59,56.63,1,1,1,0,0,0,0.0,0.0,0.0,0.0,1.0,1,1,1.0,31.1,3
661,2016-10-22,2016,10,22,296,42,1,-0.866025,0.5,0.0,0,126.4,0.0,90.7,126.4,254.5,376.5,53.79,51.12,0,0,0,0,0,0,0.0,0.0,0.0,0.0,0.86,1,0,0.0,0.0,0
662,2016-10-23,2016,10,23,297,42,1,-0.866025,0.5,28.7,3,0.0,126.4,0.0,155.1,245.8,368.6,52.66,52.08,0,0,1,0,0,0,0.0,0.0,0.0,0.0,0.83,1,1,2.58,36.3,4
663,2016-10-24,2016,10,24,298,43,1,-0.866025,0.5,28.7,3,28.7,0.0,126.4,57.4,183.8,311.9,44.56,50.62,0,0,2,0,0,0,0.0,0.0,0.0,0.0,0.7,1,0,0.0,0.0,0
664,2016-10-25,2016,10,25,299,43,1,-0.866025,0.5,0.0,0,28.7,28.7,0.0,57.4,183.8,274.5,39.21,50.52,0,0,0,0,0,0,0.0,0.0,0.0,0.0,0.37,1,0,0.0,0.0,0
665,2016-10-26,2016,10,26,300,43,1,-0.866025,0.5,300.0,4,0.0,28.7,28.7,328.7,357.4,483.8,69.11,56.99,1,1,1,1,4,Feliz,4.0,195.0,0.0,0.0,1.0,1,1,1.54,36.8,4
666,2016-10-27,2016,10,27,301,43,1,-0.866025,0.5,300.0,4,300.0,0.0,28.7,600.0,657.4,783.8,111.97,65.62,1,1,2,1,4,Feliz,4.0,195.0,0.0,1.0,1.0,1,1,2.85,56.2,4
667,2016-10-28,2016,10,28,302,43,1,-0.866025,0.5,205.4,4,300.0,300.0,0.0,805.4,834.1,862.8,123.26,72.47,1,1,3,1,3,Feliz,3.0,195.0,1.0,0.0,1.0,1,1,1.36,40.7,3
668,2016-10-29,2016,10,29,303,43,1,-0.866025,0.5,232.1,4,205.4,300.0,300.0,737.5,1037.5,1094.9,156.41,80.2,1,1,4,1,4,Feliz,4.0,195.0,0.0,1.0,1.0,1,1,1.67,60.1,4
669,2016-10-30,2016,10,30,304,43,1,-0.866025,0.5,49.7,3,232.1,205.4,300.0,487.2,1087.2,1115.9,159.41,75.33,0,0,5,1,2,Feliz,3.0,165.0,0.0,2.0,0.93,1,1,0.66,13.4,2
670,2016-10-31,2016,10,31,305,44,1,-0.866025,0.5,100.9,4,49.7,232.1,205.4,382.7,888.1,1188.1,169.73,74.72,1,1,6,0,0,0,0.0,0.0,0.0,0.0,1.0,1,1,0.61,5.8,2
671,2016-11-01,2016,11,1,306,44,1,-0.5,0.866025,0.0,0,100.9,49.7,232.1,150.6,588.1,1188.1,169.73,69.3,0,0,0,0,0,0,0.0,0.0,0.0,0.0,0.69,1,1,0.87,18.9,2
672,2016-11-02,2016,11,2,307,44,1,-0.5,0.866025,11.1,3,0.0,100.9,49.7,112.0,393.8,899.2,128.46,66.21,0,0,1,0,0,0,0.0,0.0,0.0,0.0,0.64,1,0,0.0,0.0,0
673,2016-11-03,2016,11,3,308,44,1,-0.5,0.866025,0.0,0,11.1,0.0,100.9,11.1,161.7,599.2,85.6,66.21,0,0,0,0,0,0,0.0,0.0,0.0,0.0,0.53,1,0,0.0,0.0,0
674,2016-11-04,2016,11,4,309,44,1,-0.5,0.866025,97.2,4,0.0,11.1,0.0,108.3,209.2,491.0,70.14,67.66,1,0,1,0,0,0,0.0,0.0,0.0,0.0,0.74,1,0,0.0,0.0,0
675,2016-11-05,2016,11,5,310,44,1,-0.5,0.866025,101.4,4,97.2,0.0,11.1,198.6,209.7,360.3,51.47,71.04,1,1,2,0,0,0,0.0,0.0,0.0,0.0,0.93,1,0,0.0,0.0,0
676,2016-11-06,2016,11,6,311,44,1,-0.5,0.866025,27.8,3,101.4,97.2,0.0,226.4,237.5,338.4,48.34,71.59,0,0,3,0,0,0,0.0,0.0,0.0,0.0,0.81,1,0,0.0,0.0,0
677,2016-11-07,2016,11,7,312,45,1,-0.5,0.866025,34.2,3,27.8,101.4,97.2,163.4,260.6,271.7,38.81,72.73,0,0,4,0,0,0,0.0,0.0,0.0,0.0,0.72,1,0,0.0,0.0,0
678,2016-11-08,2016,11,8,313,45,1,-0.5,0.866025,46.0,3,34.2,27.8,101.4,108.0,306.6,317.7,45.39,73.39,0,0,5,0,0,0,0.0,0.0,0.0,0.0,0.79,1,0,0.0,0.0,0
679,2016-11-09,2016,11,9,314,45,1,-0.5,0.866025,72.2,4,46.0,34.2,27.8,152.4,281.6,378.8,54.11,75.8,1,0,6,0,0,0,0.0,0.0,0.0,0.0,0.8,1,0,0.0,0.0,0
680,2016-11-10,2016,11,10,315,45,1,-0.5,0.866025,46.0,3,72.2,46.0,34.2,164.2,226.2,424.8,60.69,72.77,0,0,7,0,0,0,0.0,0.0,0.0,0.0,0.93,1,0,0.0,0.0,0
681,2016-11-11,2016,11,11,316,45,1,-0.5,0.866025,10.5,3,46.0,72.2,46.0,128.7,208.9,338.1,48.3,73.12,0,0,8,0,0,0,0.0,0.0,0.0,0.0,0.92,1,0,0.0,0.0,0
682,2016-11-12,2016,11,12,317,45,1,-0.5,0.866025,60.7,4,10.5,46.0,72.2,117.2,235.4,297.4,42.49,75.14,1,0,9,0,0,0,0.0,0.0,0.0,0.0,1.0,1,0,0.0,0.0,0
683,2016-11-13,2016,11,13,318,45,1,-0.5,0.866025,0.0,0,60.7,10.5,46.0,71.2,189.4,269.6,38.51,73.02,0,0,0,0,0,0,0.0,0.0,0.0,0.0,0.91,1,0,0.0,0.0,0
684,2016-11-14,2016,11,14,319,46,1,-0.5,0.866025,0.0,0,0.0,60.7,10.5,60.7,117.2,235.4,33.63,70.97,0,0,0,0,0,0,0.0,0.0,0.0,0.0,0.68,1,0,0.0,0.0,0
685,2016-11-15,2016,11,15,320,46,1,-0.5,0.866025,0.0,0,0.0,0.0,60.7,0.0,71.2,189.4,27.06,69.75,0,0,0,0,0,0,0.0,0.0,0.0,0.0,0.63,1,0,0.0,0.0,0
686,2016-11-16,2016,11,16,321,46,1,-0.5,0.866025,0.0,0,0.0,0.0,0.0,0.0,60.7,117.2,16.74,66.9,0,0,0,0,0,0,0.0,0.0,0.0,0.0,0.49,1,0,0.0,0.0,0
687,2016-11-17,2016,11,17,322,46,1,-0.5,0.866025,0.0,0,0.0,0.0,0.0,0.0,0.0,71.2,10.17,65.66,0,0,0,0,0,0,0.0,0.0,0.0,0.0,0.4,1,0,0.0,0.0,0
688,2016-11-18,2016,11,18,323,46,1,-0.5,0.866025,58.4,4,0.0,0.0,0.0,58.4,58.4,119.1,17.01,64.58,1,0,1,0,0,0,0.0,0.0,0.0,0.0,0.56,1,1,0.55,16.8,2
689,2016-11-19,2016,11,19,324,46,1,-0.5,0.866025,8.1,3,58.4,0.0,0.0,66.5,66.5,66.5,9.5,64.85,0,0,2,0,0,0,0.0,0.0,0.0,0.0,0.45,1,0,0.0,0.0,0
690,2016-11-20,2016,11,20,325,46,1,-0.5,0.866025,0.0,0,8.1,58.4,0.0,66.5,66.5,66.5,9.5,60.64,0,0,0,0,0,0,0.0,0.0,0.0,0.0,0.36,1,0,0.0,0.0,0
691,2016-11-21,2016,11,21,326,47,1,-0.5,0.866025,148.7,4,0.0,8.1,58.4,156.8,215.2,215.2,30.74,65.59,1,1,1,0,0,0,0.0,0.0,0.0,0.0,0.85,1,1,1.64,31.6,3
692,2016-11-22,2016,11,22,327,47,1,-0.5,0.866025,0.0,0,148.7,0.0,8.1,148.7,215.2,215.2,30.74,64.64,0,0,0,0,0,0,0.0,0.0,0.0,0.0,0.77,1,0,0.0,0.0,0
693,2016-11-23,2016,11,23,328,47,1,-0.5,0.866025,0.0,0,0.0,148.7,0.0,148.7,156.8,215.2,30.74,63.68,0,0,0,0,0,0,0.0,0.0,0.0,0.0,0.69,1,0,0.0,0.0,0
694,2016-11-24,2016,11,24,329,47,1,-0.5,0.866025,34.2,3,0.0,0.0,148.7,34.2,182.9,249.4,35.63,64.82,0,0,1,0,0,0,0.0,0.0,0.0,0.0,0.89,1,0,0.0,0.0,0
695,2016-11-25,2016,11,25,330,47,1,-0.5,0.866025,0.0,0,34.2,0.0,0.0,34.2,182.9,191.0,27.29,54.82,0,0,0,0,0,0,0.0,0.0,0.0,0.0,0.9,1,0,0.0,0.0,0
696,2016-11-26,2016,11,26,331,47,1,-0.5,0.866025,0.0,0,0.0,34.2,0.0,34.2,34.2,182.9,26.13,44.82,0,0,0,0,0,0,0.0,0.0,0.0,0.0,0.73,1,0,0.0,0.0,0
697,2016-11-27,2016,11,27,332,47,1,-0.5,0.866025,24.2,3,0.0,0.0,34.2,24.2,58.4,207.1,29.59,38.78,0,0,1,0,0,0,0.0,0.0,0.0,0.0,0.68,1,0,0.0,0.0,0
698,2016-11-28,2016,11,28,333,48,1,-0.5,0.866025,0.0,0,24.2,0.0,0.0,24.2,58.4,58.4,8.34,31.04,0,0,0,0,0,0,0.0,0.0,0.0,0.0,0.58,1,0,0.0,0.0,0
699,2016-11-29,2016,11,29,334,48,1,-0.5,0.866025,0.0,0,0.0,24.2,0.0,24.2,24.2,58.4,8.34,29.39,0,0,0,0,0,0,0.0,0.0,0.0,0.0,0.52,1,0,0.0,0.0,0
700,2016-11-30,2016,11,30,335,48,1,-0.5,0.866025,11.5,3,0.0,0.0,24.2,11.5,35.7,69.9,9.99,26.41,0,0,1,0,0,0,0.0,0.0,0.0,0.0,0.6,1,0,0.0,0.0,0
701,2016-12-01,2016,12,1,336,48,0,-0.0,1.0,0.0,0,11.5,0.0,0.0,11.5,35.7,35.7,5.1,26.41,0,0,0,0,0,0,0.0,0.0,0.0,0.0,0.42,1,0,0.0,0.0,0
702,2016-12-02,2016,12,2,337,48,0,-0.0,1.0,0.0,0,0.0,11.5,0.0,11.5,11.5,35.7,5.1,26.04,0,0,0,0,0,0,0.0,0.0,0.0,0.0,0.28,1,0,0.0,0.0,0
703,2016-12-03,2016,12,3,338,48,0,-0.0,1.0,0.0,0,0.0,0.0,11.5,0.0,11.5,35.7,5.1,26.04,0,0,0,0,0,0,0.0,0.0,0.0,0.0,0.22,1,0,0.0,0.0,0
704,2016-12-04,2016,12,4,339,48,0,-0.0,1.0,10.0,3,0.0,0.0,0.0,10.0,21.5,21.5,3.07,23.13,0,0,1,0,0,0,0.0,0.0,0.0,0.0,0.48,1,0,0.0,0.0,0
705,2016-12-05,2016,12,5,340,49,0,-0.0,1.0,0.0,0,10.0,0.0,0.0,10.0,10.0,21.5,3.07,19.75,0,0,0,0,0,0,0.0,0.0,0.0,0.0,0.5,1,0,0.0,0.0,0
706,2016-12-06,2016,12,6,341,49,0,-0.0,1.0,0.0,0,0.0,10.0,0.0,10.0,10.0,21.5,3.07,18.82,0,0,0,0,0,0,0.0,0.0,0.0,0.0,0.26,1,0,0.0,0.0,0
707,2016-12-07,2016,12,7,342,49,0,-0.0,1.0,73.8,4,0.0,0.0,10.0,73.8,83.8,83.8,11.97,20.14,1,0,1,0,0,0,0.0,0.0,0.0,0.0,0.47,1,0,0.0,0.0,0
708,2016-12-08,2016,12,8,343,49,0,-0.0,1.0,0.0,0,73.8,0.0,0.0,73.8,83.8,83.8,11.97,18.61,0,0,0,0,0,0,0.0,0.0,0.0,0.0,0.21,1,0,0.0,0.0,0
709,2016-12-09,2016,12,9,344,49,0,-0.0,1.0,35.6,3,0.0,73.8,0.0,109.4,109.4,119.4,17.06,17.39,0,0,1,0,0,0,0.0,0.0,0.0,0.0,0.33,1,0,0.0,0.0,0
710,2016-12-10,2016,12,10,345,49,0,-0.0,1.0,0.0,0,35.6,0.0,73.8,35.6,109.4,119.4,17.06,15.86,0,0,0,0,0,0,0.0,0.0,0.0,0.0,0.24,1,0,0.0,0.0,0
711,2016-12-11,2016,12,11,346,49,0,-0.0,1.0,0.0,0,0.0,35.6,0.0,35.6,109.4,109.4,15.63,15.51,0,0,0,0,0,0,0.0,0.0,0.0,0.0,0.32,1,0,0.0,0.0,0
712,2016-12-12,2016,12,12,347,50,0,-0.0,1.0,56.3,4,0.0,0.0,35.6,56.3,91.9,165.7,23.67,15.36,1,0,1,0,0,0,0.0,0.0,0.0,0.0,0.56,1,0,0.0,0.0,0
713,2016-12-13,2016,12,13,348,50,0,-0.0,1.0,30.2,3,56.3,0.0,0.0,86.5,122.1,195.9,27.99,16.37,0,0,2,0,0,0,0.0,0.0,0.0,0.0,0.71,1,0,0.0,0.0,0
714,2016-12-14,2016,12,14,349,50,0,-0.0,1.0,0.0,0,30.2,56.3,0.0,86.5,86.5,122.1,17.44,16.37,0,0,0,0,0,0,0.0,0.0,0.0,0.0,0.6,1,0,0.0,0.0,0
715,2016-12-15,2016,12,15,350,50,0,-0.0,1.0,32.1,3,0.0,30.2,56.3,62.3,118.6,154.2,22.03,17.44,0,0,1,0,0,0,0.0,0.0,0.0,0.0,0.65,1,0,0.0,0.0,0
716,2016-12-16,2016,12,16,351,50,0,-0.0,1.0,0.0,0,32.1,0.0,30.2,32.1,118.6,118.6,16.94,17.44,0,0,0,0,0,0,0.0,0.0,0.0,0.0,0.63,1,0,0.0,0.0,0
717,2016-12-17,2016,12,17,352,50,0,-0.0,1.0,0.0,0,0.0,32.1,0.0,32.1,62.3,118.6,16.94,17.44,0,0,0,0,0,0,0.0,0.0,0.0,0.0,0.57,1,0,0.0,0.0,0
718,2016-12-18,2016,12,18,353,50,0,-0.0,1.0,0.0,0,0.0,0.0,32.1,0.0,32.1,118.6,16.94,15.49,0,0,0,0,0,0,0.0,0.0,0.0,0.0,0.39,1,0,0.0,0.0,0
719,2016-12-19,2016,12,19,354,51,0,-0.0,1.0,0.0,0,0.0,0.0,0.0,0.0,32.1,62.3,8.9,15.22,0,0,0,0,0,0,0.0,0.0,0.0,0.0,0.23,1,0,0.0,0.0,0
720,2016-12-20,2016,12,20,355,51,0,-0.0,1.0,0.0,0,0.0,0.0,0.0,0.0,0.0,32.1,4.59,15.22,0,0,0,0,0,0,0.0,0.0,0.0,0.0,0.23,1,0,0.0,0.0,0
721,2016-12-21,2016,12,21,356,51,0,-0.0,1.0,38.7,3,0.0,0.0,0.0,38.7,38.7,70.8,10.11,11.55,0,0,1,0,0,0,0.0,0.0,0.0,0.0,0.17,1,0,0.0,0.0,0
722,2016-12-22,2016,12,22,357,51,0,-0.0,1.0,10.2,3,38.7,0.0,0.0,48.9,48.9,48.9,6.99,11.89,0,0,2,0,0,0,0.0,0.0,0.0,0.0,0.33,1,0,0.0,0.0,0
723,2016-12-23,2016,12,23,358,51,0,-0.0,1.0,0.0,0,10.2,38.7,0.0,48.9,48.9,48.9,6.99,11.89,0,0,0,0,0,0,0.0,0.0,0.0,0.0,0.18,1,0,0.0,0.0,0
724,2016-12-24,2016,12,24,359,51,0,-0.0,1.0,0.0,0,0.0,10.2,38.7,10.2,48.9,48.9,6.99,10.75,0,0,0,0,0,0,0.0,0.0,0.0,0.0,0.26,1,0,0.0,0.0,0
725,2016-12-25,2016,12,25,360,51,0,-0.0,1.0,45.2,3,0.0,0.0,10.2,45.2,94.1,94.1,13.44,12.26,0,0,1,0,0,0,0.0,0.0,0.0,0.0,0.34,1,0,0.0,0.0,0
726,2016-12-26,2016,12,26,361,52,0,-0.0,1.0,52.0,4,45.2,0.0,0.0,97.2,107.4,146.1,20.87,13.99,1,0,2,0,0,0,0.0,0.0,0.0,0.0,0.31,1,0,0.0,0.0,0
727,2016-12-27,2016,12,27,362,52,0,-0.0,1.0,56.0,4,52.0,45.2,0.0,153.2,153.2,202.1,28.87,15.05,1,0,3,0,0,0,0.0,0.0,0.0,0.0,0.46,1,1,0.32,2.8,1
728,2016-12-28,2016,12,28,363,52,0,-0.0,1.0,0.0,0,56.0,52.0,45.2,108.0,153.2,163.4,23.34,15.05,0,0,0,0,0,0,0.0,0.0,0.0,0.0,0.34,1,0,0.0,0.0,0
729,2016-12-29,2016,12,29,364,52,0,-0.0,1.0,0.0,0,0.0,56.0,52.0,56.0,153.2,153.2,21.89,15.05,0,0,0,0,0,0,0.0,0.0,0.0,0.0,0.16,1,0,0.0,0.0,0
730,2016-12-30,2016,12,30,365,52,0,-0.0,1.0,38.6,3,0.0,0.0,56.0,38.6,146.6,191.8,27.4,15.96,0,0,1,0,0,0,0.0,0.0,0.0,0.0,0.35,1,0,0.0,0.0,0
731,2016-12-31,2016,12,31,366,52,0,-0.0,1.0,0.0,0,38.6,0.0,0.0,38.6,94.6,191.8,27.4,15.96,0,0,0,0,0,0,0.0,0.0,0.0,0.0,0.29,1,0,0.0,0.0,0
732,2017-01-01,2017,1,1,1,52,0,0.5,0.866025,9.7,3,0.0,38.6,0.0,48.3,48.3,156.3,22.33,16.28,0,0,1,0,0,0,0.0,0.0,0.0,0.0,0.26,1,0,0.0,0.0,0
733,2017-01-02,2017,1,2,2,1,0,0.5,0.866025,0.0,0,9.7,0.0,38.6,9.7,48.3,104.3,14.9,16.28,0,0,0,0,0,0,0.0,0.0,0.0,0.0,0.37,1,0,0.0,0.0,0
734,2017-01-03,2017,1,3,3,1,0,0.5,0.866025,5.3,2,0.0,9.7,0.0,15.0,53.6,53.6,7.66,16.12,0,0,1,0,0,0,0.0,0.0,0.0,0.0,0.18,1,0,0.0,0.0,0
735,2017-01-04,2017,1,4,4,1,0,0.5,0.866025,0.0,0,5.3,0.0,9.7,5.3,15.0,53.6,7.66,16.12,0,0,0,0,0,0,0.0,0.0,0.0,0.0,0.28,1,0,0.0,0.0,0
736,2017-01-05,2017,1,5,5,1,0,0.5,0.866025,0.0,0,0.0,5.3,0.0,5.3,15.0,53.6,7.66,16.12,0,0,0,0,0,0,0.0,0.0,0.0,0.0,0.29,1,0,0.0,0.0,0
737,2017-01-06,2017,1,6,6,1,0,0.5,0.866025,0.0,0,0.0,0.0,5.3,0.0,5.3,15.0,2.14,13.66,0,0,0,0,0,0,0.0,0.0,0.0,0.0,0.27,1,0,0.0,0.0,0
738,2017-01-07,2017,1,7,7,1,0,0.5,0.866025,0.0,0,0.0,0.0,0.0,0.0,5.3,15.0,2.14,13.66,0,0,0,0,0,0,0.0,0.0,0.0,0.0,0.0,1,0,0.0,0.0,0
739,2017-01-08,2017,1,8,8,1,0,0.5,0.866025,0.0,0,0.0,0.0,0.0,0.0,0.0,5.3,0.76,12.48,0,0,0,0,0,0,0.0,0.0,0.0,0.0,0.05,1,0,0.0,0.0,0
740,2017-01-09,2017,1,9,9,2,0,0.5,0.866025,0.0,0,0.0,0.0,0.0,0.0,0.0,5.3,0.76,12.48,0,0,0,0,0,0,0.0,0.0,0.0,0.0,0.01,1,0,0.0,0.0,0
741,2017-01-10,2017,1,10,10,2,0,0.5,0.866025,0.0,0,0.0,0.0,0.0,0.0,0.0,0.0,0.0,12.48,0,0,0,0,0,0,0.0,0.0,0.0,0.0,0.15,1,0,0.0,0.0,0
742,2017-01-11,2017,1,11,11,2,0,0.5,0.866025,0.0,0,0.0,0.0,0.0,0.0,0.0,0.0,0.0,10.6,0,0,0,0,0,0,0.0,0.0,0.0,0.0,0.12,1,0,0.0,0.0,0
743,2017-01-12,2017,1,12,12,2,0,0.5,0.866025,0.0,0,0.0,0.0,0.0,0.0,0.0,0.0,0.0,9.59,0,0,0,0,0,0,0.0,0.0,0.0,0.0,0.0,1,0,0.0,0.0,0
744,2017-01-13,2017,1,13,13,2,0,0.5,0.866025,44.8,3,0.0,0.0,0.0,44.8,44.8,44.8,6.4,11.09,0,0,1,0,0,0,0.0,0.0,0.0,0.0,0.1,1,0,0.0,0.0,0
745,2017-01-14,2017,1,14,14,2,0,0.5,0.866025,0.0,0,44.8,0.0,0.0,44.8,44.8,44.8,6.4,10.02,0,0,0,0,0,0,0.0,0.0,0.0,0.0,0.04,1,0,0.0,0.0,0
746,2017-01-15,2017,1,15,15,2,0,0.5,0.866025,0.0,0,0.0,44.8,0.0,44.8,44.8,44.8,6.4,10.02,0,0,0,0,0,0,0.0,0.0,0.0,0.0,0.06,1,0,0.0,0.0,0
747,2017-01-16,2017,1,16,16,3,0,0.5,0.866025,15.8,3,0.0,0.0,44.8,15.8,60.6,60.6,8.66,10.54,0,0,1,0,0,0,0.0,0.0,0.0,0.0,0.08,1,0,0.0,0.0,0
748,2017-01-17,2017,1,17,17,3,0,0.5,0.866025,0.0,0,15.8,0.0,0.0,15.8,60.6,60.6,8.66,10.54,0,0,0,0,0,0,0.0,0.0,0.0,0.0,0.16,1,0,0.0,0.0,0
749,2017-01-18,2017,1,18,18,3,0,0.5,0.866025,0.0,0,0.0,15.8,0.0,15.8,15.8,60.6,8.66,10.54,0,0,0,0,0,0,0.0,0.0,0.0,0.0,0.2,1,0,0.0,0.0,0
750,2017-01-19,2017,1,19,19,3,0,0.5,0.866025,27.2,3,0.0,0.0,15.8,27.2,43.0,87.8,12.54,11.45,0,0,1,0,0,0,0.0,0.0,0.0,0.0,0.2,1,0,0.0,0.0,0
751,2017-01-20,2017,1,20,20,3,0,0.5,0.866025,37.0,3,27.2,0.0,0.0,64.2,80.0,80.0,11.43,11.39,0,0,2,0,0,0,0.0,0.0,0.0,0.0,0.46,1,0,0.0,0.0,0
752,2017-01-21,2017,1,21,21,3,0,0.5,0.866025,0.0,0,37.0,27.2,0.0,64.2,64.2,80.0,11.43,11.05,0,0,0,0,0,0,0.0,0.0,0.0,0.0,0.39,1,0,0.0,0.0,0
753,2017-01-22,2017,1,22,22,3,0,0.5,0.866025,0.0,0,0.0,37.0,27.2,37.0,64.2,80.0,11.43,11.05,0,0,0,0,0,0,0.0,0.0,0.0,0.0,0.22,1,0,0.0,0.0,0
754,2017-01-23,2017,1,23,23,4,0,0.5,0.866025,0.0,0,0.0,0.0,37.0,0.0,64.2,64.2,9.17,11.05,0,0,0,0,0,0,0.0,0.0,0.0,0.0,0.13,1,0,0.0,0.0,0
755,2017-01-24,2017,1,24,24,4,0,0.5,0.866025,27.2,3,0.0,0.0,0.0,27.2,64.2,91.4,13.06,10.45,0,0,1,0,0,0,0.0,0.0,0.0,0.0,0.32,1,1,0.4,10.7,1
756,2017-01-25,2017,1,25,25,4,0,0.5,0.866025,0.0,0,27.2,0.0,0.0,27.2,27.2,91.4,13.06,8.72,0,0,0,0,0,0,0.0,0.0,0.0,0.0,0.37,1,0,0.0,0.0,0
757,2017-01-26,2017,1,26,26,4,0,0.5,0.866025,3.0,2,0.0,27.2,0.0,30.2,30.2,67.2,9.6,6.95,0,0,1,0,0,0,0.0,0.0,0.0,0.0,0.39,1,0,0.0,0.0,0
758,2017-01-27,2017,1,27,27,4,0,0.5,0.866025,0.0,0,3.0,0.0,27.2,3.0,30.2,30.2,4.31,6.95,0,0,0,0,0,0,0.0,0.0,0.0,0.0,0.23,1,0,0.0,0.0,0
759,2017-01-28,2017,1,28,28,4,0,0.5,0.866025,0.0,0,0.0,3.0,0.0,3.0,30.2,30.2,4.31,6.95,0,0,0,0,0,0,0.0,0.0,0.0,0.0,0.12,1,0,0.0,0.0,0
760,2017-01-29,2017,1,29,29,4,0,0.5,0.866025,0.0,0,0.0,0.0,3.0,0.0,3.0,30.2,4.31,5.67,0,0,0,0,0,0,0.0,0.0,0.0,0.0,0.05,1,0,0.0,0.0,0
761,2017-01-30,2017,1,30,30,5,0,0.5,0.866025,0.0,0,0.0,0.0,0.0,0.0,3.0,30.2,4.31,5.67,0,0,0,0,0,0,0.0,0.0,0.0,0.0,0.18,1,0,0.0,0.0,0
762,2017-01-31,2017,1,31,31,5,0,0.5,0.866025,0.0,0,0.0,0.0,0.0,0.0,0.0,3.0,0.43,5.34,0,0,0,0,0,0,0.0,0.0,0.0,0.0,0.15,1,0,0.0,0.0,0
763,2017-02-01,2017,2,1,32,5,0,0.866025,0.5,0.0,0,0.0,0.0,0.0,0.0,0.0,3.0,0.43,5.34,0,0,0,0,0,0,0.0,0.0,0.0,0.0,0.18,1,0,0.0,0.0,0
764,2017-02-02,2017,2,2,33,5,0,0.866025,0.5,0.0,0,0.0,0.0,0.0,0.0,0.0,0.0,0.0,5.17,0,0,0,0,0,0,0.0,0.0,0.0,0.0,0.0,1,0,0.0,0.0,0
765,2017-02-03,2017,2,3,34,5,0,0.866025,0.5,0.0,0,0.0,0.0,0.0,0.0,0.0,0.0,0.0,5.17,0,0,0,0,0,0,0.0,0.0,0.0,0.0,0.0,1,0,0.0,0.0,0
766,2017-02-04,2017,2,4,35,5,0,0.866025,0.5,0.0,0,0.0,0.0,0.0,0.0,0.0,0.0,0.0,5.17,0,0,0,0,0,0,0.0,0.0,0.0,0.0,0.0,1,0,0.0,0.0,0
767,2017-02-05,2017,2,5,36,5,0,0.866025,0.5,0.0,0,0.0,0.0,0.0,0.0,0.0,0.0,0.0,5.17,0,0,0,0,0,0,0.0,0.0,0.0,0.0,0.05,1,0,0.0,0.0,0
768,2017-02-06,2017,2,6,37,6,0,0.866025,0.5,0.0,0,0.0,0.0,0.0,0.0,0.0,0.0,0.0,5.17,0,0,0,0,0,0,0.0,0.0,0.0,0.0,0.05,1,0,0.0,0.0,0
769,2017-02-07,2017,2,7,38,6,0,0.866025,0.5,0.0,0,0.0,0.0,0.0,0.0,0.0,0.0,0.0,5.17,0,0,0,0,0,0,0.0,0.0,0.0,0.0,0.08,1,0,0.0,0.0,0
770,2017-02-08,2017,2,8,39,6,0,0.866025,0.5,0.0,0,0.0,0.0,0.0,0.0,0.0,0.0,0.0,5.17,0,0,0,0,0,0,0.0,0.0,0.0,0.0,0.05,1,0,0.0,0.0,0
771,2017-02-09,2017,2,9,40,6,0,0.866025,0.5,0.0,0,0.0,0.0,0.0,0.0,0.0,0.0,0.0,5.17,0,0,0,0,0,0,0.0,0.0,0.0,0.0,0.06,1,0,0.0,0.0,0
772,2017-02-10,2017,2,10,41,6,0,0.866025,0.5,0.0,0,0.0,0.0,0.0,0.0,0.0,0.0,0.0,5.17,0,0,0,0,0,0,0.0,0.0,0.0,0.0,0.09,1,0,0.0,0.0,0
773,2017-02-11,2017,2,11,42,6,0,0.866025,0.5,0.0,0,0.0,0.0,0.0,0.0,0.0,0.0,0.0,5.17,0,0,0,0,0,0,0.0,0.0,0.0,0.0,0.04,1,0,0.0,0.0,0
774,2017-02-12,2017,2,12,43,6,0,0.866025,0.5,0.0,0,0.0,0.0,0.0,0.0,0.0,0.0,0.0,3.67,0,0,0,0,0,0,0.0,0.0,0.0,0.0,0.0,1,0,0.0,0.0,0
775,2017-02-13,2017,2,13,44,7,0,0.866025,0.5,0.0,0,0.0,0.0,0.0,0.0,0.0,0.0,0.0,3.67,0,0,0,0,0,0,0.0,0.0,0.0,0.0,0.0,1,0,0.0,0.0,0
776,2017-02-14,2017,2,14,45,7,0,0.866025,0.5,0.0,0,0.0,0.0,0.0,0.0,0.0,0.0,0.0,3.67,0,0,0,0,0,0,0.0,0.0,0.0,0.0,0.12,1,0,0.0,0.0,0
777,2017-02-15,2017,2,15,46,7,0,0.866025,0.5,0.0,0,0.0,0.0,0.0,0.0,0.0,0.0,0.0,3.15,0,0,0,0,0,0,0.0,0.0,0.0,0.0,0.0,1,0,0.0,0.0,0
778,2017-02-16,2017,2,16,47,7,0,0.866025,0.5,3.3,2,0.0,0.0,0.0,3.3,3.3,3.3,0.47,3.26,0,0,1,0,0,0,0.0,0.0,0.0,0.0,0.0,1,0,0.0,0.0,0
779,2017-02-17,2017,2,17,48,7,0,0.866025,0.5,0.0,0,3.3,0.0,0.0,3.3,3.3,3.3,0.47,3.26,0,0,0,0,0,0,0.0,0.0,0.0,0.0,0.0,1,0,0.0,0.0,0
780,2017-02-18,2017,2,18,49,7,0,0.866025,0.5,0.0,0,0.0,3.3,0.0,3.3,3.3,3.3,0.47,2.35,0,0,0,0,0,0,0.0,0.0,0.0,0.0,0.0,1,0,0.0,0.0,0
781,2017-02-19,2017,2,19,50,7,0,0.866025,0.5,0.0,0,0.0,0.0,3.3,0.0,3.3,3.3,0.47,1.12,0,0,0,0,0,0,0.0,0.0,0.0,0.0,0.14,1,0,0.0,0.0,0
782,2017-02-20,2017,2,20,51,8,0,0.866025,0.5,0.0,0,0.0,0.0,0.0,0.0,3.3,3.3,0.47,1.12,0,0,0,0,0,0,0.0,0.0,0.0,0.0,0.1,1,0,0.0,0.0,0
783,2017-02-21,2017,2,21,52,8,0,0.866025,0.5,0.0,0,0.0,0.0,0.0,0.0,0.0,3.3,0.47,1.12,0,0,0,0,0,0,0.0,0.0,0.0,0.0,0.11,1,1,0.21,10.2,1
784,2017-02-22,2017,2,22,53,8,0,0.866025,0.5,0.0,0,0.0,0.0,0.0,0.0,0.0,3.3,0.47,1.12,0,0,0,0,0,0,0.0,0.0,0.0,0.0,0.01,1,0,0.0,0.0,0
785,2017-02-23,2017,2,23,54,8,0,0.866025,0.5,0.0,0,0.0,0.0,0.0,0.0,0.0,0.0,0.0,0.21,0,0,0,0,0,0,0.0,0.0,0.0,0.0,0.0,1,0,0.0,0.0,0
786,2017-02-24,2017,2,24,55,8,0,0.866025,0.5,0.0,0,0.0,0.0,0.0,0.0,0.0,0.0,0.0,0.21,0,0,0,0,0,0,0.0,0.0,0.0,0.0,0.0,1,0,0.0,0.0,0
787,2017-02-25,2017,2,25,56,8,0,0.866025,0.5,0.0,0,0.0,0.0,0.0,0.0,0.0,0.0,0.0,0.11,0,0,0,0,0,0,0.0,0.0,0.0,0.0,0.0,1,0,0.0,0.0,0
788,2017-02-26,2017,2,26,57,8,0,0.866025,0.5,0.0,0,0.0,0.0,0.0,0.0,0.0,0.0,0.0,0.11,0,0,0,0,0,0,0.0,0.0,0.0,0.0,0.0,1,0,0.0,0.0,0
789,2017-02-27,2017,2,27,58,9,0,0.866025,0.5,0.0,0,0.0,0.0,0.0,0.0,0.0,0.0,0.0,0.11,0,0,0,0,0,0,0.0,0.0,0.0,0.0,0.0,1,0,0.0,0.0,0
790,2017-02-28,2017,2,28,59,9,0,0.866025,0.5,0.0,0,0.0,0.0,0.0,0.0,0.0,0.0,0.0,0.11,0,0,0,0,0,0,0.0,0.0,0.0,0.0,0.05,1,0,0.0,0.0,0
791,2017-03-01,2017,3,1,60,9,0,1.0,0.0,0.0,0,0.0,0.0,0.0,0.0,0.0,0.0,0.0,0.11,0,0,0,0,0,0,0.0,0.0,0.0,0.0,0.0,1,0,0.0,0.0,0
792,2017-03-02,2017,3,2,61,9,0,1.0,0.0,0.0,0,0.0,0.0,0.0,0.0,0.0,0.0,0.0,0.11,0,0,0,0,0,0,0.0,0.0,0.0,0.0,0.1,1,0,0.0,0.0,0
793,2017-03-03,2017,3,3,62,9,0,1.0,0.0,0.0,0,0.0,0.0,0.0,0.0,0.0,0.0,0.0,0.11,0,0,0,0,0,0,0.0,0.0,0.0,0.0,0.12,1,0,0.0,0.0,0
794,2017-03-04,2017,3,4,63,9,0,1.0,0.0,0.0,0,0.0,0.0,0.0,0.0,0.0,0.0,0.0,0.11,0,0,0,0,0,0,0.0,0.0,0.0,0.0,0.07,1,0,0.0,0.0,0
795,2017-03-05,2017,3,5,64,9,0,1.0,0.0,0.0,0,0.0,0.0,0.0,0.0,0.0,0.0,0.0,0.11,0,0,0,0,0,0,0.0,0.0,0.0,0.0,0.11,1,0,0.0,0.0,0
796,2017-03-06,2017,3,6,65,10,0,1.0,0.0,0.0,0,0.0,0.0,0.0,0.0,0.0,0.0,0.0,0.11,0,0,0,0,0,0,0.0,0.0,0.0,0.0,0.0,1,0,0.0,0.0,0
797,2017-03-07,2017,3,7,66,10,0,1.0,0.0,0.0,0,0.0,0.0,0.0,0.0,0.0,0.0,0.0,0.11,0,0,0,0,0,0,0.0,0.0,0.0,0.0,0.0,1,0,0.0,0.0,0
798,2017-03-08,2017,3,8,67,10,0,1.0,0.0,0.0,0,0.0,0.0,0.0,0.0,0.0,0.0,0.0,0.11,0,0,0,0,0,0,0.0,0.0,0.0,0.0,0.0,1,0,0.0,0.0,0
799,2017-03-09,2017,3,9,68,10,0,1.0,0.0,2.7,2,0.0,0.0,0.0,2.7,2.7,2.7,0.39,0.2,0,0,1,0,0,0,0.0,0.0,0.0,0.0,0.0,1,0,0.0,0.0,0
800,2017-03-10,2017,3,10,69,10,0,1.0,0.0,1.6,1,2.7,0.0,0.0,4.3,4.3,4.3,0.61,0.25,0,0,2,0,0,0,0.0,0.0,0.0,0.0,0.0,1,0,0.0,0.0,0
801,2017-03-11,2017,3,11,70,10,0,1.0,0.0,0.0,0,1.6,2.7,0.0,4.3,4.3,4.3,0.61,0.25,0,0,0,0,0,0,0.0,0.0,0.0,0.0,0.0,1,0,0.0,0.0,0
802,2017-03-12,2017,3,12,71,10,0,1.0,0.0,0.0,0,0.0,1.6,2.7,1.6,4.3,4.3,0.61,0.25,0,0,0,0,0,0,0.0,0.0,0.0,0.0,0.0,1,0,0.0,0.0,0
803,2017-03-13,2017,3,13,72,11,0,1.0,0.0,0.0,0,0.0,0.0,1.6,0.0,4.3,4.3,0.61,0.25,0,0,0,0,0,0,0.0,0.0,0.0,0.0,0.03,1,0,0.0,0.0,0
804,2017-03-14,2017,3,14,73,11,0,1.0,0.0,0.0,0,0.0,0.0,0.0,0.0,1.6,4.3,0.61,0.25,0,0,0,0,0,0,0.0,0.0,0.0,0.0,0.0,1,0,0.0,0.0,0
805,2017-03-15,2017,3,15,74,11,0,1.0,0.0,0.0,0,0.0,0.0,0.0,0.0,0.0,4.3,0.61,0.25,0,0,0,0,0,0,0.0,0.0,0.0,0.0,0.0,1,0,0.0,0.0,0
806,2017-03-16,2017,3,16,75,11,0,1.0,0.0,0.0,0,0.0,0.0,0.0,0.0,0.0,1.6,0.23,0.25,0,0,0,0,0,0,0.0,0.0,0.0,0.0,0.01,1,0,0.0,0.0,0
807,2017-03-17,2017,3,17,76,11,0,1.0,0.0,0.0,0,0.0,0.0,0.0,0.0,0.0,0.0,0.0,0.25,0,0,0,0,0,0,0.0,0.0,0.0,0.0,0.04,1,0,0.0,0.0,0
808,2017-03-18,2017,3,18,77,11,0,1.0,0.0,0.0,0,0.0,0.0,0.0,0.0,0.0,0.0,0.0,0.14,0,0,0,0,0,0,0.0,0.0,0.0,0.0,0.02,1,0,0.0,0.0,0
809,2017-03-19,2017,3,19,78,11,0,1.0,0.0,0.0,0,0.0,0.0,0.0,0.0,0.0,0.0,0.0,0.14,0,0,0,0,0,0,0.0,0.0,0.0,0.0,0.0,1,0,0.0,0.0,0
810,2017-03-20,2017,3,20,79,12,0,1.0,0.0,0.0,0,0.0,0.0,0.0,0.0,0.0,0.0,0.0,0.14,0,0,0,0,0,0,0.0,0.0,0.0,0.0,0.1,1,0,0.0,0.0,0
811,2017-03-21,2017,3,21,80,12,0,1.0,0.0,0.0,0,0.0,0.0,0.0,0.0,0.0,0.0,0.0,0.14,0,0,0,0,0,0,0.0,0.0,0.0,0.0,0.07,1,0,0.0,0.0,0
812,2017-03-22,2017,3,22,81,12,0,1.0,0.0,0.0,0,0.0,0.0,0.0,0.0,0.0,0.0,0.0,0.14,0,0,0,0,0,0,0.0,0.0,0.0,0.0,0.18,1,0,0.0,0.0,0
813,2017-03-23,2017,3,23,82,12,0,1.0,0.0,0.0,0,0.0,0.0,0.0,0.0,0.0,0.0,0.0,0.14,0,0,0,0,0,0,0.0,0.0,0.0,0.0,0.13,1,0,0.0,0.0,0
814,2017-03-24,2017,3,24,83,12,0,1.0,0.0,0.0,0,0.0,0.0,0.0,0.0,0.0,0.0,0.0,0.14,0,0,0,0,0,0,0.0,0.0,0.0,0.0,0.19,1,0,0.0,0.0,0
815,2017-03-25,2017,3,25,84,12,0,1.0,0.0,0.0,0,0.0,0.0,0.0,0.0,0.0,0.0,0.0,0.14,0,0,0,0,0,0,0.0,0.0,0.0,0.0,0.0,1,0,0.0,0.0,0
816,2017-03-26,2017,3,26,85,12,0,1.0,0.0,0.0,0,0.0,0.0,0.0,0.0,0.0,0.0,0.0,0.14,0,0,0,0,0,0,0.0,0.0,0.0,0.0,0.0,1,0,0.0,0.0,0
817,2017-03-27,2017,3,27,86,13,0,1.0,0.0,0.0,0,0.0,0.0,0.0,0.0,0.0,0.0,0.0,0.14,0,0,0,0,0,0,0.0,0.0,0.0,0.0,0.0,1,0,0.0,0.0,0
818,2017-03-28,2017,3,28,87,13,0,1.0,0.0,0.0,0,0.0,0.0,0.0,0.0,0.0,0.0,0.0,0.14,0,0,0,0,0,0,0.0,0.0,0.0,0.0,0.16,1,0,0.0,0.0,0
819,2017-03-29,2017,3,29,88,13,0,1.0,0.0,14.4,3,0.0,0.0,0.0,14.4,14.4,14.4,2.06,0.62,0,0,1,0,0,0,0.0,0.0,0.0,0.0,0.12,1,0,0.0,0.0,0
820,2017-03-30,2017,3,30,89,13,0,1.0,0.0,8.7,3,14.4,0.0,0.0,23.1,23.1,23.1,3.3,0.91,0,0,2,0,0,0,0.0,0.0,0.0,0.0,0.01,1,0,0.0,0.0,0
821,2017-03-31,2017,3,31,90,13,0,1.0,0.0,0.0,0,8.7,14.4,0.0,23.1,23.1,23.1,3.3,0.91,0,0,0,0,0,0,0.0,0.0,0.0,0.0,0.0,1,0,0.0,0.0,0
822,2017-04-01,2017,4,1,91,13,0,0.866025,-0.5,0.0,0,0.0,8.7,14.4,8.7,23.1,23.1,3.3,0.91,0,0,0,0,0,0,0.0,0.0,0.0,0.0,0.0,1,0,0.0,0.0,0
823,2017-04-02,2017,4,2,92,13,0,0.866025,-0.5,0.0,0,0.0,0.0,8.7,0.0,23.1,23.1,3.3,0.91,0,0,0,0,0,0,0.0,0.0,0.0,0.0,0.0,1,0,0.0,0.0,0
824,2017-04-03,2017,4,3,93,14,0,0.866025,-0.5,0.0,0,0.0,0.0,0.0,0.0,8.7,23.1,3.3,0.91,0,0,0,0,0,0,0.0,0.0,0.0,0.0,0.0,1,0,0.0,0.0,0
825,2017-04-04,2017,4,4,94,14,0,0.866025,-0.5,20.0,3,0.0,0.0,0.0,20.0,20.0,43.1,6.16,1.58,0,0,1,0,0,0,0.0,0.0,0.0,0.0,0.0,1,0,0.0,0.0,0
826,2017-04-05,2017,4,5,95,14,0,0.866025,-0.5,23.7,3,20.0,0.0,0.0,43.7,43.7,52.4,7.49,2.37,0,0,2,0,0,0,0.0,0.0,0.0,0.0,0.14,1,0,0.0,0.0,0
827,2017-04-06,2017,4,6,96,14,0,0.866025,-0.5,0.0,0,23.7,20.0,0.0,43.7,43.7,43.7,6.24,2.37,0,0,0,0,0,0,0.0,0.0,0.0,0.0,0.0,1,0,0.0,0.0,0
828,2017-04-07,2017,4,7,97,14,0,0.866025,-0.5,0.0,0,0.0,23.7,20.0,23.7,43.7,43.7,6.24,2.37,0,0,0,0,0,0,0.0,0.0,0.0,0.0,0.06,1,0,0.0,0.0,0
829,2017-04-08,2017,4,8,98,14,0,0.866025,-0.5,0.0,0,0.0,0.0,23.7,0.0,43.7,43.7,6.24,2.28,0,0,0,0,0,0,0.0,0.0,0.0,0.0,0.13,1,0,0.0,0.0,0
830,2017-04-09,2017,4,9,99,14,0,0.866025,-0.5,0.0,0,0.0,0.0,0.0,0.0,23.7,43.7,6.24,2.23,0,0,0,0,0,0,0.0,0.0,0.0,0.0,0.19,1,0,0.0,0.0,0
831,2017-04-10,2017,4,10,100,15,0,0.866025,-0.5,16.7,3,0.0,0.0,0.0,16.7,16.7,60.4,8.63,2.78,0,0,1,0,0,0,0.0,0.0,0.0,0.0,0.06,1,0,0.0,0.0,0
832,2017-04-11,2017,4,11,101,15,0,0.866025,-0.5,0.0,0,16.7,0.0,0.0,16.7,16.7,40.4,5.77,2.78,0,0,0,0,0,0,0.0,0.0,0.0,0.0,0.0,1,0,0.0,0.0,0
833,2017-04-12,2017,4,12,102,15,0,0.866025,-0.5,0.0,0,0.0,16.7,0.0,16.7,16.7,16.7,2.39,2.78,0,0,0,0,0,0,0.0,0.0,0.0,0.0,0.0,1,0,0.0,0.0,0
834,2017-04-13,2017,4,13,103,15,0,0.866025,-0.5,0.0,0,0.0,0.0,16.7,0.0,16.7,16.7,2.39,2.78,0,0,0,0,0,0,0.0,0.0,0.0,0.0,0.0,1,0,0.0,0.0,0
835,2017-04-14,2017,4,14,104,15,0,0.866025,-0.5,0.0,0,0.0,0.0,0.0,0.0,16.7,16.7,2.39,2.78,0,0,0,0,0,0,0.0,0.0,0.0,0.0,0.0,1,0,0.0,0.0,0
836,2017-04-15,2017,4,15,105,15,0,0.866025,-0.5,0.0,0,0.0,0.0,0.0,0.0,0.0,16.7,2.39,2.78,0,0,0,0,0,0,0.0,0.0,0.0,0.0,0.1,1,0,0.0,0.0,0
837,2017-04-16,2017,4,16,106,15,0,0.866025,-0.5,0.0,0,0.0,0.0,0.0,0.0,0.0,16.7,2.39,2.78,0,0,0,0,0,0,0.0,0.0,0.0,0.0,0.23,1,0,0.0,0.0,0
838,2017-04-17,2017,4,17,107,16,0,0.866025,-0.5,23.0,3,0.0,0.0,0.0,23.0,23.0,23.0,3.29,3.55,0,0,1,0,0,0,0.0,0.0,0.0,0.0,0.2,1,0,0.0,0.0,0
839,2017-04-18,2017,4,18,108,16,0,0.866025,-0.5,0.0,0,23.0,0.0,0.0,23.0,23.0,23.0,3.29,3.55,0,0,0,0,0,0,0.0,0.0,0.0,0.0,0.13,1,0,0.0,0.0,0
840,2017-04-19,2017,4,19,109,16,0,0.866025,-0.5,0.0,0,0.0,23.0,0.0,23.0,23.0,23.0,3.29,3.55,0,0,0,0,0,0,0.0,0.0,0.0,0.0,0.26,1,0,0.0,0.0,0
841,2017-04-20,2017,4,20,110,16,0,0.866025,-0.5,0.0,0,0.0,0.0,23.0,0.0,23.0,23.0,3.29,3.55,0,0,0,0,0,0,0.0,0.0,0.0,0.0,0.24,1,0,0.0,0.0,0
842,2017-04-21,2017,4,21,111,16,0,0.866025,-0.5,0.0,0,0.0,0.0,0.0,0.0,23.0,23.0,3.29,3.55,0,0,0,0,0,0,0.0,0.0,0.0,0.0,0.21,1,0,0.0,0.0,0
843,2017-04-22,2017,4,22,112,16,0,0.866025,-0.5,0.0,0,0.0,0.0,0.0,0.0,0.0,23.0,3.29,3.55,0,0,0,0,0,0,0.0,0.0,0.0,0.0,0.19,1,0,0.0,0.0,0
844,2017-04-23,2017,4,23,113,16,0,0.866025,-0.5,0.0,0,0.0,0.0,0.0,0.0,0.0,23.0,3.29,3.55,0,0,0,0,0,0,0.0,0.0,0.0,0.0,0.0,1,0,0.0,0.0,0
845,2017-04-24,2017,4,24,114,17,0,0.866025,-0.5,41.6,3,0.0,0.0,0.0,41.6,41.6,41.6,5.94,4.94,0,0,1,0,0,0,0.0,0.0,0.0,0.0,0.04,1,0,0.0,0.0,0
846,2017-04-25,2017,4,25,115,17,0,0.866025,-0.5,0.0,0,41.6,0.0,0.0,41.6,41.6,41.6,5.94,4.94,0,0,0,0,0,0,0.0,0.0,0.0,0.0,0.15,1,0,0.0,0.0,0
847,2017-04-26,2017,4,26,116,17,0,0.866025,-0.5,13.9,3,0.0,41.6,0.0,55.5,55.5,55.5,7.93,5.4,0,0,1,0,0,0,0.0,0.0,0.0,0.0,0.06,1,0,0.0,0.0,0
848,2017-04-27,2017,4,27,117,17,0,0.866025,-0.5,0.0,0,13.9,0.0,41.6,13.9,55.5,55.5,7.93,5.4,0,0,0,0,0,0,0.0,0.0,0.0,0.0,0.15,1,0,0.0,0.0,0
849,2017-04-28,2017,4,28,118,17,0,0.866025,-0.5,0.0,0,0.0,13.9,0.0,13.9,55.5,55.5,7.93,4.92,0,0,0,0,0,0,0.0,0.0,0.0,0.0,0.17,1,0,0.0,0.0,0
850,2017-04-29,2017,4,29,119,17,0,0.866025,-0.5,15.9,3,0.0,0.0,13.9,15.9,29.8,71.4,10.2,5.16,0,0,1,0,0,0,0.0,0.0,0.0,0.0,0.11,1,0,0.0,0.0,0
851,2017-04-30,2017,4,30,120,17,0,0.866025,-0.5,0.0,0,15.9,0.0,0.0,15.9,29.8,71.4,10.2,5.16,0,0,0,0,0,0,0.0,0.0,0.0,0.0,0.16,1,0,0.0,0.0,0
852,2017-05-01,2017,5,1,121,18,0,0.5,-0.866025,0.0,0,0.0,15.9,0.0,15.9,15.9,29.8,4.26,5.16,0,0,0,0,0,0,0.0,0.0,0.0,0.0,0.17,1,0,0.0,0.0,0
853,2017-05-02,2017,5,2,122,18,0,0.5,-0.866025,22.3,3,0.0,0.0,15.9,22.3,38.2,52.1,7.44,5.9,0,0,1,0,0,0,0.0,0.0,0.0,0.0,0.38,1,0,0.0,0.0,0
854,2017-05-03,2017,5,3,123,18,0,0.5,-0.866025,43.3,3,22.3,0.0,0.0,65.6,81.5,81.5,11.64,7.35,0,0,2,0,0,0,0.0,0.0,0.0,0.0,0.46,1,0,0.0,0.0,0
855,2017-05-04,2017,5,4,124,18,0,0.5,-0.866025,0.0,0,43.3,22.3,0.0,65.6,65.6,81.5,11.64,6.68,0,0,0,0,0,0,0.0,0.0,0.0,0.0,0.38,1,0,0.0,0.0,0
856,2017-05-05,2017,5,5,125,18,0,0.5,-0.866025,0.0,0,0.0,43.3,22.3,43.3,65.6,81.5,11.64,5.89,0,0,0,0,0,0,0.0,0.0,0.0,0.0,0.21,1,0,0.0,0.0,0
857,2017-05-06,2017,5,6,126,18,0,0.5,-0.866025,8.9,3,0.0,0.0,43.3,8.9,74.5,74.5,10.64,6.19,0,0,1,0,0,0,0.0,0.0,0.0,0.0,0.37,1,0,0.0,0.0,0
858,2017-05-07,2017,5,7,127,18,0,0.5,-0.866025,0.0,0,8.9,0.0,0.0,8.9,52.2,74.5,10.64,6.19,0,0,0,0,0,0,0.0,0.0,0.0,0.0,0.1,1,0,0.0,0.0,0
859,2017-05-08,2017,5,8,128,19,0,0.5,-0.866025,30.6,3,0.0,8.9,0.0,39.5,39.5,105.1,15.01,7.21,0,0,1,0,0,0,0.0,0.0,0.0,0.0,0.19,1,0,0.0,0.0,0
860,2017-05-09,2017,5,9,129,19,0,0.5,-0.866025,0.0,0,30.6,0.0,8.9,30.6,39.5,82.8,11.83,7.21,0,0,0,0,0,0,0.0,0.0,0.0,0.0,0.18,1,0,0.0,0.0,0
861,2017-05-10,2017,5,10,130,19,0,0.5,-0.866025,20.6,3,0.0,30.6,0.0,51.2,60.1,60.1,8.59,7.34,0,0,1,0,0,0,0.0,0.0,0.0,0.0,0.25,1,0,0.0,0.0,0
862,2017-05-11,2017,5,11,131,19,0,0.5,-0.866025,22.3,3,20.6,0.0,30.6,42.9,73.5,82.4,11.77,8.08,0,0,2,0,0,0,0.0,0.0,0.0,0.0,0.32,1,0,0.0,0.0,0
863,2017-05-12,2017,5,12,132,19,0,0.5,-0.866025,0.0,0,22.3,20.6,0.0,42.9,73.5,82.4,11.77,8.08,0,0,0,0,0,0,0.0,0.0,0.0,0.0,0.25,1,0,0.0,0.0,0
864,2017-05-13,2017,5,13,133,19,0,0.5,-0.866025,0.0,0,0.0,22.3,20.6,22.3,42.9,73.5,10.5,8.08,0,0,0,0,0,0,0.0,0.0,0.0,0.0,0.34,1,0,0.0,0.0,0
865,2017-05-14,2017,5,14,134,19,0,0.5,-0.866025,0.0,0,0.0,0.0,22.3,0.0,42.9,73.5,10.5,8.08,0,0,0,0,0,0,0.0,0.0,0.0,0.0,0.38,1,0,0.0,0.0,0
866,2017-05-15,2017,5,15,135,20,0,0.5,-0.866025,0.0,0,0.0,0.0,0.0,0.0,22.3,42.9,6.13,8.08,0,0,0,0,0,0,0.0,0.0,0.0,0.0,0.39,1,0,0.0,0.0,0
867,2017-05-16,2017,5,16,136,20,0,0.5,-0.866025,0.0,0,0.0,0.0,0.0,0.0,0.0,42.9,6.13,8.08,0,0,0,0,0,0,0.0,0.0,0.0,0.0,0.53,1,0,0.0,0.0,0
868,2017-05-17,2017,5,17,137,20,0,0.5,-0.866025,0.0,0,0.0,0.0,0.0,0.0,0.0,22.3,3.19,7.31,0,0,0,0,0,0,0.0,0.0,0.0,0.0,0.36,1,0,0.0,0.0,0
869,2017-05-18,2017,5,18,138,20,0,0.5,-0.866025,18.1,3,0.0,0.0,0.0,18.1,18.1,18.1,2.59,7.92,0,0,1,0,0,0,0.0,0.0,0.0,0.0,0.33,1,0,0.0,0.0,0
870,2017-05-19,2017,5,19,139,20,0,0.5,-0.866025,34.2,3,18.1,0.0,0.0,52.3,52.3,52.3,7.47,9.06,0,0,2,0,0,0,0.0,0.0,0.0,0.0,0.4,1,0,0.0,0.0,0
871,2017-05-20,2017,5,20,140,20,0,0.5,-0.866025,8.9,3,34.2,18.1,0.0,61.2,61.2,61.2,8.74,9.35,0,0,3,0,0,0,0.0,0.0,0.0,0.0,0.22,1,0,0.0,0.0,0
872,2017-05-21,2017,5,21,141,20,0,0.5,-0.866025,0.0,0,8.9,34.2,18.1,43.1,61.2,61.2,8.74,9.35,0,0,0,0,0,0,0.0,0.0,0.0,0.0,0.29,1,1,0.31,10.9,1
873,2017-05-22,2017,5,22,142,21,0,0.5,-0.866025,0.0,0,0.0,8.9,34.2,8.9,61.2,61.2,8.74,9.35,0,0,0,0,0,0,0.0,0.0,0.0,0.0,0.19,1,0,0.0,0.0,0
874,2017-05-23,2017,5,23,143,21,0,0.5,-0.866025,0.0,0,0.0,0.0,8.9,0.0,43.1,61.2,8.74,9.35,0,0,0,0,0,0,0.0,0.0,0.0,0.0,0.16,1,0,0.0,0.0,0
875,2017-05-24,2017,5,24,144,21,0,0.5,-0.866025,0.0,0,0.0,0.0,0.0,0.0,8.9,61.2,8.74,7.97,0,0,0,0,0,0,0.0,0.0,0.0,0.0,0.17,1,0,0.0,0.0,0
876,2017-05-25,2017,5,25,145,21,0,0.5,-0.866025,0.0,0,0.0,0.0,0.0,0.0,0.0,43.1,6.16,7.97,0,0,0,0,0,0,0.0,0.0,0.0,0.0,0.13,1,0,0.0,0.0,0
877,2017-05-26,2017,5,26,146,21,0,0.5,-0.866025,0.0,0,0.0,0.0,0.0,0.0,0.0,8.9,1.27,7.5,0,0,0,0,0,0,0.0,0.0,0.0,0.0,0.02,1,0,0.0,0.0,0
878,2017-05-27,2017,5,27,147,21,0,0.5,-0.866025,11.4,3,0.0,0.0,0.0,11.4,11.4,11.4,1.63,7.88,0,0,1,0,0,0,0.0,0.0,0.0,0.0,0.08,1,1,0.47,6.5,1
879,2017-05-28,2017,5,28,148,21,0,0.5,-0.866025,0.0,0,11.4,0.0,0.0,11.4,11.4,11.4,1.63,7.88,0,0,0,0,0,0,0.0,0.0,0.0,0.0,0.0,1,0,0.0,0.0,0
880,2017-05-29,2017,5,29,149,22,0,0.5,-0.866025,0.0,0,0.0,11.4,0.0,11.4,11.4,11.4,1.63,7.35,0,0,0,0,0,0,0.0,0.0,0.0,0.0,0.0,1,0,0.0,0.0,0
881,2017-05-30,2017,5,30,150,22,0,0.5,-0.866025,0.0,0,0.0,0.0,11.4,0.0,11.4,11.4,1.63,7.35,0,0,0,0,0,0,0.0,0.0,0.0,0.0,0.0,1,0,0.0,0.0,0
882,2017-05-31,2017,5,31,151,22,0,0.5,-0.866025,0.0,0,0.0,0.0,0.0,0.0,11.4,11.4,1.63,7.35,0,0,0,0,0,0,0.0,0.0,0.0,0.0,0.05,1,0,0.0,0.0,0
883,2017-06-01,2017,6,1,152,22,1,0.0,-1.0,74.1,4,0.0,0.0,0.0,74.1,74.1,85.5,12.21,9.08,1,0,1,0,0,0,0.0,0.0,0.0,0.0,0.34,1,1,0.43,11.3,1
884,2017-06-02,2017,6,2,153,22,1,0.0,-1.0,0.0,0,74.1,0.0,0.0,74.1,74.1,85.5,12.21,7.64,0,0,0,0,0,0,0.0,0.0,0.0,0.0,0.24,1,0,0.0,0.0,0
885,2017-06-03,2017,6,3,154,22,1,0.0,-1.0,30.0,3,0.0,74.1,0.0,104.1,104.1,104.1,14.87,8.64,0,0,1,0,0,0,0.0,0.0,0.0,0.0,0.35,1,0,0.0,0.0,0
886,2017-06-04,2017,6,4,155,22,1,0.0,-1.0,11.7,3,30.0,0.0,74.1,41.7,115.8,115.8,16.54,9.03,0,0,2,0,0,0,0.0,0.0,0.0,0.0,0.38,1,0,0.0,0.0,0
887,2017-06-05,2017,6,5,156,23,1,0.0,-1.0,6.5,2,11.7,30.0,0.0,48.2,122.3,122.3,17.47,8.95,0,0,3,0,0,0,0.0,0.0,0.0,0.0,0.39,1,0,0.0,0.0,0
888,2017-06-06,2017,6,6,157,23,1,0.0,-1.0,55.3,4,6.5,11.7,30.0,73.5,103.5,177.6,25.37,10.79,1,0,4,0,0,0,0.0,0.0,0.0,0.0,0.36,1,0,0.0,0.0,0
889,2017-06-07,2017,6,7,158,23,1,0.0,-1.0,0.0,0,55.3,6.5,11.7,61.8,103.5,177.6,25.37,9.77,0,0,0,0,0,0,0.0,0.0,0.0,0.0,0.06,1,0,0.0,0.0,0
890,2017-06-08,2017,6,8,159,23,1,0.0,-1.0,0.0,0,0.0,55.3,6.5,55.3,73.5,103.5,14.79,9.77,0,0,0,0,0,0,0.0,0.0,0.0,0.0,0.04,1,0,0.0,0.0,0
891,2017-06-09,2017,6,9,160,23,1,0.0,-1.0,82.7,4,0.0,0.0,55.3,82.7,144.5,186.2,26.6,11.84,1,0,1,0,0,0,0.0,0.0,0.0,0.0,0.1,1,0,0.0,0.0,0
892,2017-06-10,2017,6,10,161,23,1,0.0,-1.0,0.0,0,82.7,0.0,0.0,82.7,138.0,156.2,22.31,11.1,0,0,0,0,0,0,0.0,0.0,0.0,0.0,0.11,1,0,0.0,0.0,0
893,2017-06-11,2017,6,11,162,23,1,0.0,-1.0,4.6,2,0.0,82.7,0.0,87.3,87.3,149.1,21.3,11.25,0,0,1,0,0,0,0.0,0.0,0.0,0.0,0.0,1,0,0.0,0.0,0
894,2017-06-12,2017,6,12,163,24,1,0.0,-1.0,43.1,3,4.6,0.0,82.7,47.7,130.4,185.7,26.53,12.69,0,0,2,0,0,0,0.0,0.0,0.0,0.0,0.18,1,0,0.0,0.0,0
895,2017-06-13,2017,6,13,164,24,1,0.0,-1.0,55.5,4,43.1,4.6,0.0,103.2,185.9,185.9,26.56,14.54,1,0,3,0,0,0,0.0,0.0,0.0,0.0,0.22,1,0,0.0,0.0,0
896,2017-06-14,2017,6,14,165,24,1,0.0,-1.0,40.7,3,55.5,43.1,4.6,139.3,143.9,226.6,32.37,15.89,0,0,4,0,0,0,0.0,0.0,0.0,0.0,0.13,1,0,0.0,0.0,0
897,2017-06-15,2017,6,15,166,24,1,0.0,-1.0,63.3,4,40.7,55.5,43.1,159.5,207.2,289.9,41.41,18.0,1,0,5,0,0,0,0.0,0.0,0.0,0.0,0.13,1,1,0.97,41.1,2
898,2017-06-16,2017,6,16,167,24,1,0.0,-1.0,0.0,0,63.3,40.7,55.5,104.0,202.6,207.2,29.6,18.0,0,0,0,0,0,0,0.0,0.0,0.0,0.0,0.12,1,0,0.0,0.0,0
899,2017-06-17,2017,6,17,168,24,1,0.0,-1.0,0.0,0,0.0,63.3,40.7,63.3,159.5,207.2,29.6,17.4,0,0,0,0,0,0,0.0,0.0,0.0,0.0,0.0,1,0,0.0,0.0,0
900,2017-06-18,2017,6,18,169,24,1,0.0,-1.0,42.1,3,0.0,0.0,63.3,42.1,146.1,244.7,34.96,17.66,0,0,1,0,0,0,0.0,0.0,0.0,0.0,0.19,1,0,0.0,0.0,0
901,2017-06-19,2017,6,19,170,25,1,0.0,-1.0,49.2,3,42.1,0.0,0.0,91.3,154.6,250.8,35.83,19.01,0,0,2,0,0,0,0.0,0.0,0.0,0.0,0.34,1,0,0.0,0.0,0
902,2017-06-20,2017,6,20,171,25,1,0.0,-1.0,22.9,3,49.2,42.1,0.0,114.2,114.2,218.2,31.17,19.77,0,0,3,0,0,0,0.0,0.0,0.0,0.0,0.47,1,0,0.0,0.0,0
903,2017-06-21,2017,6,21,172,25,1,0.0,-1.0,0.0,0,22.9,49.2,42.1,72.1,114.2,177.5,25.36,19.77,0,0,0,0,0,0,0.0,0.0,0.0,0.0,0.5,1,0,0.0,0.0,0
904,2017-06-22,2017,6,22,173,25,1,0.0,-1.0,0.0,0,0.0,22.9,49.2,22.9,114.2,114.2,16.31,19.77,0,0,0,0,0,0,0.0,0.0,0.0,0.0,0.53,1,0,0.0,0.0,0
905,2017-06-23,2017,6,23,174,25,1,0.0,-1.0,6.8,2,0.0,0.0,22.9,6.8,78.9,121.0,17.29,20.0,0,0,1,0,0,0,0.0,0.0,0.0,0.0,0.34,1,0,0.0,0.0,0
906,2017-06-24,2017,6,24,175,25,1,0.0,-1.0,0.0,0,6.8,0.0,0.0,6.8,29.7,121.0,17.29,20.0,0,0,0,0,0,0,0.0,0.0,0.0,0.0,0.23,1,0,0.0,0.0,0
907,2017-06-25,2017,6,25,176,25,1,0.0,-1.0,37.9,3,0.0,6.8,0.0,44.7,44.7,116.8,16.69,21.26,0,0,1,0,0,0,0.0,0.0,0.0,0.0,0.38,1,0,0.0,0.0,0
908,2017-06-26,2017,6,26,177,26,1,0.0,-1.0,0.0,0,37.9,0.0,6.8,37.9,44.7,67.6,9.66,20.88,0,0,0,0,0,0,0.0,0.0,0.0,0.0,0.26,1,0,0.0,0.0,0
909,2017-06-27,2017,6,27,178,26,1,0.0,-1.0,63.0,4,0.0,37.9,0.0,100.9,107.7,107.7,15.39,22.98,1,0,1,0,0,0,0.0,0.0,0.0,0.0,0.43,1,1,0.38,13.9,2
910,2017-06-28,2017,6,28,179,26,1,0.0,-1.0,0.0,0,63.0,0.0,37.9,63.0,100.9,107.7,15.39,22.98,0,0,0,0,0,0,0.0,0.0,0.0,0.0,0.22,1,0,0.0,0.0,0
911,2017-06-29,2017,6,29,180,26,1,0.0,-1.0,0.0,0,0.0,63.0,0.0,63.0,100.9,107.7,15.39,22.98,0,0,0,0,0,0,0.0,0.0,0.0,0.0,0.22,1,0,0.0,0.0,0
912,2017-06-30,2017,6,30,181,26,1,0.0,-1.0,0.0,0,0.0,0.0,63.0,0.0,63.0,100.9,14.41,22.98,0,0,0,0,0,0,0.0,0.0,0.0,0.0,0.18,1,0,0.0,0.0,0
913,2017-07-01,2017,7,1,182,26,1,-0.5,-0.866025,0.0,0,0.0,0.0,0.0,0.0,63.0,100.9,14.41,20.51,0,0,0,0,0,0,0.0,0.0,0.0,0.0,0.04,1,0,0.0,0.0,0
914,2017-07-02,2017,7,2,183,26,1,-0.5,-0.866025,12.0,3,0.0,0.0,0.0,12.0,12.0,75.0,10.71,20.91,0,0,1,1,1,Ulan,1.0,75.0,0.0,0.0,0.19,1,0,0.0,0.0,0
915,2017-07-03,2017,7,3,184,27,1,-0.5,-0.866025,142.5,4,12.0,0.0,0.0,154.5,154.5,217.5,31.07,24.66,1,1,2,1,1,Ulan,1.0,75.0,0.0,1.0,0.52,1,1,2.44,59.9,4
916,2017-07-04,2017,7,4,185,27,1,-0.5,-0.866025,69.1,4,142.5,12.0,0.0,223.6,223.6,223.6,31.94,26.57,1,0,3,1,1,Ulan,1.0,75.0,0.0,2.0,0.7,1,1,0.52,18.4,2
917,2017-07-05,2017,7,5,186,27,1,-0.5,-0.866025,49.3,3,69.1,142.5,12.0,260.9,272.9,272.9,38.99,28.0,0,0,4,0,0,0,0.0,0.0,0.0,0.0,0.83,1,1,0.65,10.0,2
918,2017-07-06,2017,7,6,187,27,1,-0.5,-0.866025,0.0,0,49.3,69.1,142.5,118.4,272.9,272.9,38.99,26.16,0,0,0,0,0,0,0.0,0.0,0.0,0.0,0.66,1,0,0.0,0.0,0
919,2017-07-07,2017,7,7,188,27,1,-0.5,-0.866025,32.2,3,0.0,49.3,69.1,81.5,293.1,305.1,43.59,27.23,0,0,1,0,0,0,0.0,0.0,0.0,0.0,0.63,1,0,0.0,0.0,0
920,2017-07-08,2017,7,8,189,27,1,-0.5,-0.866025,0.0,0,32.2,0.0,49.3,32.2,150.6,305.1,43.59,27.23,0,0,0,0,0,0,0.0,0.0,0.0,0.0,0.59,1,0,0.0,0.0,0
921,2017-07-09,2017,7,9,190,27,1,-0.5,-0.866025,62.3,4,0.0,32.2,0.0,94.5,143.8,355.4,50.77,26.55,1,0,1,0,0,0,0.0,0.0,0.0,0.0,0.81,1,0,0.0,0.0,0
922,2017-07-10,2017,7,10,191,28,1,-0.5,-0.866025,0.0,0,62.3,0.0,32.2,62.3,94.5,212.9,30.41,26.55,0,0,0,0,0,0,0.0,0.0,0.0,0.0,0.64,1,0,0.0,0.0,0
923,2017-07-11,2017,7,11,192,28,1,-0.5,-0.866025,0.0,0,0.0,62.3,0.0,62.3,94.5,143.8,20.54,26.4,0,0,0,0,0,0,0.0,0.0,0.0,0.0,0.45,1,1,0.38,11.9,1
924,2017-07-12,2017,7,12,193,28,1,-0.5,-0.866025,17.6,3,0.0,0.0,62.3,17.6,79.9,112.1,16.01,25.55,0,0,1,0,0,0,0.0,0.0,0.0,0.0,0.31,1,0,0.0,0.0,0
925,2017-07-13,2017,7,13,194,28,1,-0.5,-0.866025,0.0,0,17.6,0.0,0.0,17.6,79.9,112.1,16.01,23.7,0,0,0,0,0,0,0.0,0.0,0.0,0.0,0.19,1,0,0.0,0.0,0
926,2017-07-14,2017,7,14,195,28,1,-0.5,-0.866025,30.0,3,0.0,17.6,0.0,47.6,47.6,109.9,15.7,23.34,0,0,1,0,0,0,0.0,0.0,0.0,0.0,0.39,1,0,0.0,0.0,0
927,2017-07-15,2017,7,15,196,28,1,-0.5,-0.866025,0.0,0,30.0,0.0,17.6,30.0,47.6,109.9,15.7,21.23,0,0,0,0,0,0,0.0,0.0,0.0,0.0,0.15,1,0,0.0,0.0,0
928,2017-07-16,2017,7,16,197,28,1,-0.5,-0.866025,0.0,0,0.0,30.0,0.0,30.0,47.6,47.6,6.8,21.23,0,0,0,0,0,0,0.0,0.0,0.0,0.0,0.05,1,0,0.0,0.0,0
929,2017-07-17,2017,7,17,198,29,1,-0.5,-0.866025,16.5,3,0.0,0.0,30.0,16.5,46.5,64.1,9.16,21.78,0,0,1,0,0,0,0.0,0.0,0.0,0.0,0.0,1,0,0.0,0.0,0
930,2017-07-18,2017,7,18,199,29,1,-0.5,-0.866025,0.0,0,16.5,0.0,0.0,16.5,46.5,64.1,9.16,20.38,0,0,0,0,0,0,0.0,0.0,0.0,0.0,0.0,1,0,0.0,0.0,0
931,2017-07-19,2017,7,19,200,29,1,-0.5,-0.866025,0.0,0,0.0,16.5,0.0,16.5,16.5,46.5,6.64,18.74,0,0,0,0,0,0,0.0,0.0,0.0,0.0,0.01,1,0,0.0,0.0,0
932,2017-07-20,2017,7,20,201,29,1,-0.5,-0.866025,0.0,0,0.0,0.0,16.5,0.0,16.5,46.5,6.64,17.97,0,0,0,0,0,0,0.0,0.0,0.0,0.0,0.0,1,0,0.0,0.0,0
933,2017-07-21,2017,7,21,202,29,1,-0.5,-0.866025,0.0,0,0.0,0.0,0.0,0.0,16.5,16.5,2.36,17.97,0,0,0,0,0,0,0.0,0.0,0.0,0.0,0.0,1,0,0.0,0.0,0
934,2017-07-22,2017,7,22,203,29,1,-0.5,-0.866025,0.0,0,0.0,0.0,0.0,0.0,0.0,16.5,2.36,17.97,0,0,0,0,0,0,0.0,0.0,0.0,0.0,0.0,1,0,0.0,0.0,0
935,2017-07-23,2017,7,23,204,29,1,-0.5,-0.866025,76.3,4,0.0,0.0,0.0,76.3,76.3,92.8,13.26,20.29,1,0,1,0,0,0,0.0,0.0,0.0,0.0,0.27,1,0,0.0,0.0,0
936,2017-07-24,2017,7,24,205,30,1,-0.5,-0.866025,0.0,0,76.3,0.0,0.0,76.3,76.3,76.3,10.9,20.29,0,0,0,0,0,0,0.0,0.0,0.0,0.0,0.07,1,0,0.0,0.0,0
937,2017-07-25,2017,7,25,206,30,1,-0.5,-0.866025,0.0,0,0.0,76.3,0.0,76.3,76.3,76.3,10.9,19.03,0,0,0,0,0,0,0.0,0.0,0.0,0.0,0.07,1,0,0.0,0.0,0
938,2017-07-26,2017,7,26,207,30,1,-0.5,-0.866025,0.0,0,0.0,0.0,76.3,0.0,76.3,76.3,10.9,19.03,0,0,0,0,0,0,0.0,0.0,0.0,0.0,0.0,1,0,0.0,0.0,0
939,2017-07-27,2017,7,27,208,30,1,-0.5,-0.866025,0.0,0,0.0,0.0,0.0,0.0,76.3,76.3,10.9,16.93,0,0,0,0,0,0,0.0,0.0,0.0,0.0,0.0,1,0,0.0,0.0,0
940,2017-07-28,2017,7,28,209,30,1,-0.5,-0.866025,0.0,0,0.0,0.0,0.0,0.0,0.0,76.3,10.9,16.93,0,0,0,0,0,0,0.0,0.0,0.0,0.0,0.0,1,0,0.0,0.0,0
941,2017-07-29,2017,7,29,210,30,1,-0.5,-0.866025,33.6,3,0.0,0.0,0.0,33.6,33.6,109.9,15.7,18.05,0,0,1,0,0,0,0.0,0.0,0.0,0.0,0.0,1,0,0.0,0.0,0
942,2017-07-30,2017,7,30,211,30,1,-0.5,-0.866025,0.0,0,33.6,0.0,0.0,33.6,33.6,33.6,4.8,18.05,0,0,0,0,0,0,0.0,0.0,0.0,0.0,0.0,1,0,0.0,0.0,0
943,2017-07-31,2017,7,31,212,31,1,-0.5,-0.866025,78.8,4,0.0,33.6,0.0,112.4,112.4,112.4,16.06,20.67,1,0,1,0,0,0,0.0,0.0,0.0,0.0,0.25,1,0,0.0,0.0,0
944,2017-08-01,2017,8,1,213,31,1,-0.866025,-0.5,29.6,3,78.8,0.0,33.6,108.4,142.0,142.0,20.29,21.26,0,0,2,0,0,0,0.0,0.0,0.0,0.0,0.33,1,0,0.0,0.0,0
945,2017-08-02,2017,8,2,214,31,1,-0.866025,-0.5,56.2,4,29.6,78.8,0.0,164.6,198.2,198.2,28.31,18.38,1,0,3,0,0,0,0.0,0.0,0.0,0.0,0.41,1,0,0.0,0.0,0
946,2017-08-03,2017,8,3,215,31,1,-0.866025,-0.5,90.3,4,56.2,29.6,78.8,176.1,254.9,288.5,41.21,19.09,1,0,4,0,0,0,0.0,0.0,0.0,0.0,0.5,1,1,0.89,13.3,2
947,2017-08-04,2017,8,4,216,31,1,-0.866025,-0.5,0.0,0,90.3,56.2,29.6,146.5,254.9,288.5,41.21,17.45,0,0,0,0,0,0,0.0,0.0,0.0,0.0,0.43,1,0,0.0,0.0,0
948,2017-08-05,2017,8,5,217,31,1,-0.866025,-0.5,109.1,4,0.0,90.3,56.2,199.4,285.2,364.0,52.0,21.08,1,1,1,0,0,0,0.0,0.0,0.0,0.0,0.81,1,1,1.51,38.2,3
949,2017-08-06,2017,8,6,218,31,1,-0.866025,-0.5,0.0,0,109.1,0.0,90.3,109.1,255.6,364.0,52.0,20.01,0,0,0,0,0,0,0.0,0.0,0.0,0.0,0.64,1,0,0.0,0.0,0
950,2017-08-07,2017,8,7,219,32,1,-0.866025,-0.5,0.0,0,0.0,109.1,0.0,109.1,199.4,285.2,40.74,20.01,0,0,0,0,0,0,0.0,0.0,0.0,0.0,0.66,1,0,0.0,0.0,0
951,2017-08-08,2017,8,8,220,32,1,-0.866025,-0.5,153.8,4,0.0,0.0,109.1,153.8,262.9,409.4,58.49,23.06,1,1,1,0,0,0,0.0,0.0,0.0,0.0,1.0,1,1,1.16,28.1,3
952,2017-08-09,2017,8,9,221,32,1,-0.866025,-0.5,0.0,0,153.8,0.0,0.0,153.8,262.9,353.2,50.46,23.06,0,0,0,0,0,0,0.0,0.0,0.0,0.0,0.82,1,0,0.0,0.0,0
953,2017-08-10,2017,8,10,222,32,1,-0.866025,-0.5,0.0,0,0.0,153.8,0.0,153.8,153.8,262.9,37.56,23.06,0,0,0,0,0,0,0.0,0.0,0.0,0.0,0.64,1,0,0.0,0.0,0
954,2017-08-11,2017,8,11,223,32,1,-0.866025,-0.5,0.0,0,0.0,0.0,153.8,0.0,153.8,262.9,37.56,22.47,0,0,0,0,0,0,0.0,0.0,0.0,0.0,0.58,1,0,0.0,0.0,0
955,2017-08-12,2017,8,12,224,32,1,-0.866025,-0.5,0.0,0,0.0,0.0,0.0,0.0,153.8,153.8,21.97,22.47,0,0,0,0,0,0,0.0,0.0,0.0,0.0,0.51,1,0,0.0,0.0,0
956,2017-08-13,2017,8,13,225,32,1,-0.866025,-0.5,103.4,4,0.0,0.0,0.0,103.4,103.4,257.2,36.74,24.92,1,1,1,0,0,0,0.0,0.0,0.0,0.0,0.83,1,1,0.83,16.8,3
957,2017-08-14,2017,8,14,226,33,1,-0.866025,-0.5,81.0,4,103.4,0.0,0.0,184.4,184.4,338.2,48.31,27.62,1,0,2,0,0,0,0.0,0.0,0.0,0.0,0.95,1,1,1.06,45.0,3
958,2017-08-15,2017,8,15,227,33,1,-0.866025,-0.5,49.7,3,81.0,103.4,0.0,234.1,234.1,234.1,33.44,29.28,0,0,3,0,0,0,0.0,0.0,0.0,0.0,1.0,1,0,0.0,0.0,0
959,2017-08-16,2017,8,16,228,33,1,-0.866025,-0.5,14.5,3,49.7,81.0,103.4,145.2,248.6,248.6,35.51,29.21,0,0,4,0,0,0,0.0,0.0,0.0,0.0,0.93,1,0,0.0,0.0,0
960,2017-08-17,2017,8,17,229,33,1,-0.866025,-0.5,69.3,4,14.5,49.7,81.0,133.5,317.9,317.9,45.41,31.52,1,0,5,0,0,0,0.0,0.0,0.0,0.0,0.96,1,0,0.0,0.0,0
961,2017-08-18,2017,8,18,230,33,1,-0.866025,-0.5,58.8,4,69.3,14.5,49.7,142.6,273.3,376.7,53.81,33.48,1,0,6,0,0,0,0.0,0.0,0.0,0.0,0.92,1,1,0.48,13.8,2
962,2017-08-19,2017,8,19,231,33,1,-0.866025,-0.5,19.1,3,58.8,69.3,14.5,147.2,211.4,395.8,56.54,34.12,0,0,7,0,0,0,0.0,0.0,0.0,0.0,0.63,1,0,0.0,0.0,0
963,2017-08-20,2017,8,20,232,33,1,-0.866025,-0.5,0.0,0,19.1,58.8,69.3,77.9,161.7,292.4,41.77,34.12,0,0,0,0,0,0,0.0,0.0,0.0,0.0,0.6,1,1,0.18,2.9,1
964,2017-08-21,2017,8,21,233,34,1,-0.866025,-0.5,27.6,3,0.0,19.1,58.8,46.7,174.8,239.0,34.14,35.04,0,0,1,0,0,0,0.0,0.0,0.0,0.0,0.6,1,0,0.0,0.0,0
965,2017-08-22,2017,8,22,234,34,1,-0.866025,-0.5,0.0,0,27.6,0.0,19.1,27.6,105.5,189.3,27.04,32.49,0,0,0,0,0,0,0.0,0.0,0.0,0.0,0.4,1,0,0.0,0.0,0
966,2017-08-23,2017,8,23,235,34,1,-0.866025,-0.5,1.9,1,0.0,27.6,0.0,29.5,48.6,176.7,25.24,32.56,0,0,1,0,0,0,0.0,0.0,0.0,0.0,0.37,1,0,0.0,0.0,0
967,2017-08-24,2017,8,24,236,34,1,-0.866025,-0.5,31.2,3,1.9,0.0,27.6,33.1,60.7,138.6,19.8,33.6,0,0,2,0,0,0,0.0,0.0,0.0,0.0,0.56,1,1,0.36,10.6,1
968,2017-08-25,2017,8,25,237,34,1,-0.866025,-0.5,141.5,4,31.2,1.9,0.0,174.6,202.2,221.3,31.61,38.31,1,1,3,0,0,0,0.0,0.0,0.0,0.0,0.97,1,1,1.28,41.2,3
969,2017-08-26,2017,8,26,238,34,1,-0.866025,-0.5,0.0,0,141.5,31.2,1.9,172.7,174.6,202.2,28.89,38.31,0,0,0,0,0,0,0.0,0.0,0.0,0.0,0.84,1,0,0.0,0.0,0
970,2017-08-27,2017,8,27,239,34,1,-0.866025,-0.5,78.0,4,0.0,141.5,31.2,219.5,252.6,280.2,40.03,40.91,1,0,1,0,0,0,0.0,0.0,0.0,0.0,1.0,1,0,0.0,0.0,0
971,2017-08-28,2017,8,28,240,35,1,-0.866025,-0.5,35.2,3,78.0,0.0,141.5,113.2,285.9,287.8,41.11,40.97,0,0,2,0,0,0,0.0,0.0,0.0,0.0,0.96,1,0,0.0,0.0,0
972,2017-08-29,2017,8,29,241,35,1,-0.866025,-0.5,14.5,3,35.2,78.0,0.0,127.7,269.2,302.3,43.19,41.45,0,0,3,0,0,0,0.0,0.0,0.0,0.0,0.91,1,1,0.5,4.1,1
973,2017-08-30,2017,8,30,242,35,1,-0.866025,-0.5,141.5,4,14.5,35.2,78.0,191.2,269.2,441.9,63.13,43.54,1,1,4,0,0,0,0.0,0.0,0.0,0.0,1.0,1,1,1.0,37.4,3
974,2017-08-31,2017,8,31,243,35,1,-0.866025,-0.5,103.1,4,141.5,14.5,35.2,259.1,372.3,513.8,73.4,45.99,1,1,5,0,0,0,0.0,0.0,0.0,0.0,1.0,1,1,0.8,15.4,3
975,2017-09-01,2017,9,1,244,35,1,-1.0,-0.0,165.2,4,103.1,141.5,14.5,409.8,459.5,537.5,76.79,49.62,1,1,6,0,0,0,0.0,0.0,0.0,0.0,1.0,1,1,1.4,34.5,3
976,2017-09-02,2017,9,2,245,35,1,-1.0,-0.0,96.9,4,165.2,103.1,141.5,365.2,521.2,634.4,90.63,49.84,1,0,7,0,0,0,0.0,0.0,0.0,0.0,1.0,1,1,1.26,29.2,3
977,2017-09-03,2017,9,3,246,35,1,-1.0,-0.0,0.0,0,96.9,165.2,103.1,262.1,506.7,556.4,79.49,49.84,0,0,0,0,0,0,0.0,0.0,0.0,0.0,0.78,1,1,0.52,13.5,2
978,2017-09-04,2017,9,4,247,36,1,-1.0,-0.0,0.0,0,0.0,96.9,165.2,96.9,365.2,521.2,74.46,46.21,0,0,0,0,0,0,0.0,0.0,0.0,0.0,0.59,1,0,0.0,0.0,0
979,2017-09-05,2017,9,5,248,36,1,-1.0,-0.0,14.7,3,0.0,0.0,96.9,14.7,276.8,521.4,74.49,46.7,0,0,1,0,0,0,0.0,0.0,0.0,0.0,0.49,1,0,0.0,0.0,0
980,2017-09-06,2017,9,6,249,36,1,-1.0,-0.0,79.4,4,14.7,0.0,0.0,94.1,191.0,459.3,65.61,49.34,1,0,2,0,0,0,0.0,0.0,0.0,0.0,0.51,1,0,0.0,0.0,0
981,2017-09-07,2017,9,7,250,36,1,-1.0,-0.0,0.0,0,79.4,14.7,0.0,94.1,94.1,356.2,50.89,44.22,0,0,0,0,0,0,0.0,0.0,0.0,0.0,0.4,1,0,0.0,0.0,0
982,2017-09-08,2017,9,8,251,36,1,-1.0,-0.0,0.0,0,0.0,79.4,14.7,79.4,94.1,191.0,27.29,44.22,0,0,0,0,0,0,0.0,0.0,0.0,0.0,0.41,1,0,0.0,0.0,0
983,2017-09-09,2017,9,9,252,36,1,-1.0,-0.0,0.0,0,0.0,0.0,79.4,0.0,94.1,94.1,13.44,44.22,0,0,0,0,0,0,0.0,0.0,0.0,0.0,0.41,1,0,0.0,0.0,0
984,2017-09-10,2017,9,10,253,36,1,-1.0,-0.0,0.0,0,0.0,0.0,0.0,0.0,79.4,94.1,13.44,44.22,0,0,0,0,0,0,0.0,0.0,0.0,0.0,0.32,1,0,0.0,0.0,0
985,2017-09-11,2017,9,11,254,37,1,-1.0,-0.0,16.8,3,0.0,0.0,0.0,16.8,16.8,110.9,15.84,44.78,0,0,1,0,0,0,0.0,0.0,0.0,0.0,0.38,1,0,0.0,0.0,0
986,2017-09-12,2017,9,12,255,37,1,-1.0,-0.0,164.8,4,16.8,0.0,0.0,181.6,181.6,261.0,37.29,46.82,1,1,2,0,0,0,0.0,0.0,0.0,0.0,0.83,1,1,2.44,44.6,4
987,2017-09-13,2017,9,13,256,37,1,-1.0,-0.0,0.0,0,164.8,16.8,0.0,181.6,181.6,181.6,25.94,44.12,0,0,0,0,0,0,0.0,0.0,0.0,0.0,0.72,1,0,0.0,0.0,0
988,2017-09-14,2017,9,14,257,37,1,-1.0,-0.0,13.2,3,0.0,164.8,16.8,178.0,194.8,194.8,27.83,42.91,0,0,1,0,0,0,0.0,0.0,0.0,0.0,0.66,1,0,0.0,0.0,0
989,2017-09-15,2017,9,15,258,37,1,-1.0,-0.0,0.0,0,13.2,0.0,164.8,13.2,194.8,194.8,27.83,42.42,0,0,0,0,0,0,0.0,0.0,0.0,0.0,0.52,1,0,0.0,0.0,0
990,2017-09-16,2017,9,16,259,37,1,-1.0,-0.0,105.9,4,0.0,13.2,0.0,119.1,283.9,300.7,42.96,43.64,1,1,1,0,0,0,0.0,0.0,0.0,0.0,0.6,1,0,0.0,0.0,0
991,2017-09-17,2017,9,17,260,37,1,-1.0,-0.0,0.0,0,105.9,0.0,13.2,105.9,119.1,300.7,42.96,41.68,0,0,0,0,0,0,0.0,0.0,0.0,0.0,0.29,1,0,0.0,0.0,0
992,2017-09-18,2017,9,18,261,38,1,-1.0,-0.0,50.3,4,0.0,105.9,0.0,156.2,169.4,334.2,47.74,42.72,1,0,1,0,0,0,0.0,0.0,0.0,0.0,0.45,1,1,0.53,7.4,1
993,2017-09-19,2017,9,19,262,38,1,-1.0,-0.0,57.1,4,50.3,0.0,105.9,107.4,213.3,226.5,32.36,44.63,1,0,2,0,0,0,0.0,0.0,0.0,0.0,0.46,1,0,0.0,0.0,0
994,2017-09-20,2017,9,20,263,38,1,-1.0,-0.0,12.4,3,57.1,50.3,0.0,119.8,225.7,238.9,34.13,44.12,0,0,3,0,0,0,0.0,0.0,0.0,0.0,0.48,1,0,0.0,0.0,0
995,2017-09-21,2017,9,21,264,38,1,-1.0,-0.0,99.1,4,12.4,57.1,50.3,168.6,218.9,324.8,46.4,47.42,1,0,4,0,0,0,0.0,0.0,0.0,0.0,0.89,1,1,0.52,9.1,2
996,2017-09-22,2017,9,22,265,38,1,-1.0,-0.0,28.2,3,99.1,12.4,57.1,139.7,247.1,353.0,50.43,48.3,0,0,5,0,0,0,0.0,0.0,0.0,0.0,0.88,1,1,0.6,7.1,2
997,2017-09-23,2017,9,23,266,38,1,-1.0,-0.0,165.2,4,28.2,99.1,12.4,292.5,362.0,412.3,58.9,52.77,1,1,6,0,0,0,0.0,0.0,0.0,0.0,1.0,1,1,1.3,36.4,3
998,2017-09-24,2017,9,24,267,38,1,-1.0,-0.0,0.0,0,165.2,28.2,99.1,193.4,304.9,412.3,58.9,48.05,0,0,0,0,0,0,0.0,0.0,0.0,0.0,0.89,1,0,0.0,0.0,0
999,2017-09-25,2017,9,25,268,39,1,-1.0,-0.0,0.0,0,0.0,165.2,28.2,165.2,292.5,362.0,51.71,48.05,0,0,0,0,0,0,0.0,0.0,0.0,0.0,0.85,1,1,0.36,10.4,1
1000,2017-09-26,2017,9,26,269,39,1,-1.0,-0.0,96.6,4,0.0,0.0,165.2,96.6,290.0,401.5,57.36,48.67,1,0,1,0,0,0,0.0,0.0,0.0,0.0,1.0,1,1,1.2,38.3,3
1001,2017-09-27,2017,9,27,270,39,1,-1.0,-0.0,0.0,0,96.6,0.0,0.0,96.6,261.8,389.1,55.59,47.5,0,0,0,0,0,0,0.0,0.0,0.0,0.0,0.91,1,0,0.0,0.0,0
1002,2017-09-28,2017,9,28,271,39,1,-1.0,-0.0,28.2,3,0.0,96.6,0.0,124.8,124.8,318.2,45.46,47.95,0,0,1,0,0,0,0.0,0.0,0.0,0.0,0.85,1,1,0.85,15.0,2
1003,2017-09-29,2017,9,29,272,39,1,-1.0,-0.0,24.9,3,28.2,0.0,96.6,53.1,149.7,314.9,44.99,44.07,0,0,2,0,0,0,0.0,0.0,0.0,0.0,0.8,1,0,0.0,0.0,0
1004,2017-09-30,2017,9,30,273,39,1,-1.0,-0.0,17.3,3,24.9,28.2,0.0,70.4,167.0,167.0,23.86,41.21,0,0,3,0,0,0,0.0,0.0,0.0,0.0,0.6,1,0,0.0,0.0,0
1005,2017-10-01,2017,10,1,274,39,1,-0.866025,0.5,222.7,4,17.3,24.9,28.2,264.9,293.1,389.7,55.67,43.12,1,1,4,1,4,Mimi,4.0,195.0,0.0,4.0,1.0,1,1,0.93,31.8,3
1006,2017-10-02,2017,10,2,275,40,1,-0.866025,0.5,85.4,4,222.7,17.3,24.9,325.4,378.5,475.1,67.87,42.74,1,0,5,0,0,0,0.0,0.0,0.0,0.0,1.0,1,1,1.11,17.0,3
1007,2017-10-03,2017,10,3,276,40,1,-0.866025,0.5,0.0,0,85.4,222.7,17.3,308.1,350.3,378.5,54.07,42.74,0,0,0,0,0,0,0.0,0.0,0.0,0.0,0.77,1,0,0.0,0.0,0
1008,2017-10-04,2017,10,4,277,40,1,-0.866025,0.5,0.0,0,0.0,85.4,222.7,85.4,325.4,378.5,54.07,42.74,0,0,0,0,0,0,0.0,0.0,0.0,0.0,0.56,1,1,0.29,11.5,1
1009,2017-10-05,2017,10,5,278,40,1,-0.866025,0.5,65.6,4,0.0,0.0,85.4,65.6,373.7,415.9,59.41,44.44,1,0,1,0,0,0,0.0,0.0,0.0,0.0,0.73,1,0,0.0,0.0,0
1010,2017-10-06,2017,10,6,279,40,1,-0.866025,0.5,0.0,0,65.6,0.0,0.0,65.6,151.0,391.0,55.86,41.79,0,0,0,0,0,0,0.0,0.0,0.0,0.0,0.49,1,0,0.0,0.0,0
1011,2017-10-07,2017,10,7,280,40,1,-0.866025,0.5,124.3,4,0.0,65.6,0.0,189.9,189.9,498.0,71.14,45.93,1,1,1,0,0,0,0.0,0.0,0.0,0.0,0.74,1,1,1.16,34.7,3
1012,2017-10-08,2017,10,8,281,40,1,-0.866025,0.5,11.2,3,124.3,0.0,65.6,135.5,201.1,286.5,40.93,46.31,0,0,2,0,0,0,0.0,0.0,0.0,0.0,0.66,1,1,0.2,9.4,1
1013,2017-10-09,2017,10,9,282,41,1,-0.866025,0.5,0.0,0,11.2,124.3,0.0,135.5,201.1,201.1,28.73,46.31,0,0,0,0,0,0,0.0,0.0,0.0,0.0,0.49,1,0,0.0,0.0,0
1014,2017-10-10,2017,10,10,283,41,1,-0.866025,0.5,9.0,3,0.0,11.2,124.3,20.2,144.5,210.1,30.01,46.61,0,0,1,0,0,0,0.0,0.0,0.0,0.0,0.37,1,0,0.0,0.0,0
1015,2017-10-11,2017,10,11,284,41,1,-0.866025,0.5,0.0,0,9.0,0.0,11.2,9.0,144.5,210.1,30.01,46.05,0,0,0,0,0,0,0.0,0.0,0.0,0.0,0.4,1,0,0.0,0.0,0
1016,2017-10-12,2017,10,12,285,41,1,-0.866025,0.5,94.9,4,0.0,9.0,0.0,103.9,115.1,239.4,34.2,43.72,1,0,1,0,0,0,0.0,0.0,0.0,0.0,0.61,1,0,0.0,0.0,0
1017,2017-10-13,2017,10,13,286,41,1,-0.866025,0.5,0.0,0,94.9,0.0,9.0,94.9,103.9,239.4,34.2,43.72,0,0,0,0,0,0,0.0,0.0,0.0,0.0,0.62,1,0,0.0,0.0,0
1018,2017-10-14,2017,10,14,287,41,1,-0.866025,0.5,0.0,0,0.0,94.9,0.0,94.9,103.9,115.1,16.44,43.28,0,0,0,0,0,0,0.0,0.0,0.0,0.0,0.4,1,0,0.0,0.0,0
1019,2017-10-15,2017,10,15,288,41,1,-0.866025,0.5,0.0,0,0.0,0.0,94.9,0.0,94.9,103.9,14.84,43.28,0,0,0,0,0,0,0.0,0.0,0.0,0.0,0.06,1,0,0.0,0.0,0
1020,2017-10-16,2017,10,16,289,42,1,-0.866025,0.5,59.1,4,0.0,0.0,0.0,59.1,154.0,163.0,23.29,41.72,1,0,1,0,0,0,0.0,0.0,0.0,0.0,0.25,1,0,0.0,0.0,0
1021,2017-10-17,2017,10,17,290,42,1,-0.866025,0.5,117.5,4,59.1,0.0,0.0,176.6,176.6,271.5,38.79,45.63,1,1,2,0,0,0,0.0,0.0,0.0,0.0,0.6,1,1,0.58,5.6,2
1022,2017-10-18,2017,10,18,291,42,1,-0.866025,0.5,1.0,1,117.5,59.1,0.0,177.6,177.6,272.5,38.93,43.99,0,0,3,0,0,0,0.0,0.0,0.0,0.0,0.62,1,1,0.44,8.2,1
1023,2017-10-19,2017,10,19,292,42,1,-0.866025,0.5,0.0,0,1.0,117.5,59.1,118.5,177.6,177.6,25.37,42.09,0,0,0,0,0,0,0.0,0.0,0.0,0.0,0.41,1,0,0.0,0.0,0
1024,2017-10-20,2017,10,20,293,42,1,-0.866025,0.5,0.0,0,0.0,1.0,117.5,1.0,177.6,177.6,25.37,41.67,0,0,0,0,0,0,0.0,0.0,0.0,0.0,0.34,1,0,0.0,0.0,0
1025,2017-10-21,2017,10,21,294,42,1,-0.866025,0.5,90.7,4,0.0,0.0,1.0,90.7,209.2,268.3,38.33,41.39,1,0,1,0,0,0,0.0,0.0,0.0,0.0,0.48,1,1,0.32,9.3,1
1026,2017-10-22,2017,10,22,295,42,1,-0.866025,0.5,12.5,3,90.7,0.0,0.0,103.2,104.2,280.8,40.11,40.87,0,0,2,0,0,0,0.0,0.0,0.0,0.0,0.46,1,0,0.0,0.0,0
1027,2017-10-23,2017,10,23,296,43,1,-0.866025,0.5,0.0,0,12.5,90.7,0.0,103.2,103.2,221.7,31.67,35.36,0,0,0,0,0,0,0.0,0.0,0.0,0.0,0.46,1,0,0.0,0.0,0
1028,2017-10-24,2017,10,24,297,43,1,-0.866025,0.5,0.0,0,0.0,12.5,90.7,12.5,103.2,104.2,14.89,35.36,0,0,0,0,0,0,0.0,0.0,0.0,0.0,0.39,1,0,0.0,0.0,0
1029,2017-10-25,2017,10,25,298,43,1,-0.866025,0.5,168.6,4,0.0,0.0,12.5,168.6,271.8,271.8,38.83,40.98,1,1,1,0,0,0,0.0,0.0,0.0,0.0,0.8,1,1,2.03,40.8,4
1030,2017-10-26,2017,10,26,299,43,1,-0.866025,0.5,106.5,4,168.6,0.0,0.0,275.1,287.6,378.3,54.04,41.31,1,1,2,0,0,0,0.0,0.0,0.0,0.0,1.0,1,1,0.85,21.8,2
1031,2017-10-27,2017,10,27,300,43,1,-0.866025,0.5,86.0,4,106.5,168.6,0.0,361.1,361.1,464.3,66.33,44.18,1,0,3,0,0,0,0.0,0.0,0.0,0.0,1.0,1,1,0.89,15.3,3
1032,2017-10-28,2017,10,28,301,43,1,-0.866025,0.5,63.6,4,86.0,106.5,168.6,256.1,424.7,437.2,62.46,45.36,1,0,4,0,0,0,0.0,0.0,0.0,0.0,1.0,1,1,0.54,19.4,2
1033,2017-10-29,2017,10,29,302,43,1,-0.866025,0.5,52.6,4,63.6,86.0,106.5,202.2,477.3,477.3,68.19,46.28,1,0,5,0,0,0,0.0,0.0,0.0,0.0,0.92,1,0,0.0,0.0,0
1034,2017-10-30,2017,10,30,303,44,1,-0.866025,0.5,18.5,3,52.6,63.6,86.0,134.7,327.2,495.8,70.83,46.32,0,0,6,0,0,0,0.0,0.0,0.0,0.0,0.68,1,0,0.0,0.0,0
1035,2017-10-31,2017,10,31,304,44,1,-0.866025,0.5,83.6,4,18.5,52.6,63.6,154.7,304.3,579.4,82.77,41.69,1,0,7,0,0,0,0.0,0.0,0.0,0.0,0.83,1,1,1.46,37.4,3
1036,2017-11-01,2017,11,1,305,44,1,-0.5,0.866025,0.0,0,83.6,18.5,52.6,102.1,218.3,410.8,58.69,38.84,0,0,0,0,0,0,0.0,0.0,0.0,0.0,0.74,1,0,0.0,0.0,0
1037,2017-11-02,2017,11,2,306,44,1,-0.5,0.866025,0.0,0,0.0,83.6,18.5,83.6,154.7,304.3,43.47,38.84,0,0,0,0,0,0,0.0,0.0,0.0,0.0,0.61,1,0,0.0,0.0,0
1038,2017-11-03,2017,11,3,307,44,1,-0.5,0.866025,53.0,4,0.0,0.0,83.6,53.0,155.1,271.3,38.76,40.61,1,0,1,0,0,0,0.0,0.0,0.0,0.0,0.6,1,0,0.0,0.0,0
1039,2017-11-04,2017,11,4,308,44,1,-0.5,0.866025,0.0,0,53.0,0.0,0.0,53.0,136.6,207.7,29.67,38.42,0,0,0,0,0,0,0.0,0.0,0.0,0.0,0.4,1,0,0.0,0.0,0
1040,2017-11-05,2017,11,5,309,44,1,-0.5,0.866025,11.7,3,0.0,53.0,0.0,64.7,64.7,166.8,23.83,38.81,0,0,1,0,0,0,0.0,0.0,0.0,0.0,0.42,1,0,0.0,0.0,0
1041,2017-11-06,2017,11,6,310,45,1,-0.5,0.866025,31.5,3,11.7,0.0,53.0,43.2,96.2,179.8,25.69,35.72,0,0,2,0,0,0,0.0,0.0,0.0,0.0,0.43,1,0,0.0,0.0,0
1042,2017-11-07,2017,11,7,311,45,1,-0.5,0.866025,0.0,0,31.5,11.7,0.0,43.2,96.2,96.2,13.74,35.34,0,0,0,0,0,0,0.0,0.0,0.0,0.0,0.24,1,0,0.0,0.0,0
1043,2017-11-08,2017,11,8,312,45,1,-0.5,0.866025,5.2,2,0.0,31.5,11.7,36.7,48.4,101.4,14.49,35.52,0,0,1,0,0,0,0.0,0.0,0.0,0.0,0.14,1,0,0.0,0.0,0
1044,2017-11-09,2017,11,9,313,45,1,-0.5,0.866025,0.0,0,5.2,0.0,31.5,5.2,48.4,101.4,14.49,35.22,0,0,0,0,0,0,0.0,0.0,0.0,0.0,0.16,1,0,0.0,0.0,0
1045,2017-11-10,2017,11,10,314,45,1,-0.5,0.866025,0.0,0,0.0,5.2,0.0,5.2,36.7,48.4,6.91,35.22,0,0,0,0,0,0,0.0,0.0,0.0,0.0,0.16,1,0,0.0,0.0,0
1046,2017-11-11,2017,11,11,315,45,1,-0.5,0.866025,0.0,0,0.0,0.0,5.2,0.0,5.2,48.4,6.91,32.05,0,0,0,0,0,0,0.0,0.0,0.0,0.0,0.09,1,0,0.0,0.0,0
1047,2017-11-12,2017,11,12,316,45,1,-0.5,0.866025,11.7,3,0.0,0.0,0.0,11.7,16.9,48.4,6.91,32.44,0,0,1,0,0,0,0.0,0.0,0.0,0.0,0.15,1,0,0.0,0.0,0
1048,2017-11-13,2017,11,13,317,46,1,-0.5,0.866025,0.0,0,11.7,0.0,0.0,11.7,11.7,16.9,2.41,32.44,0,0,0,0,0,0,0.0,0.0,0.0,0.0,0.09,1,0,0.0,0.0,0
1049,2017-11-14,2017,11,14,318,46,1,-0.5,0.866025,0.0,0,0.0,11.7,0.0,11.7,11.7,16.9,2.41,32.44,0,0,0,0,0,0,0.0,0.0,0.0,0.0,0.0,1,0,0.0,0.0,0
1050,2017-11-15,2017,11,15,319,46,1,-0.5,0.866025,34.1,3,0.0,0.0,11.7,34.1,45.8,45.8,6.54,31.61,0,0,1,0,0,0,0.0,0.0,0.0,0.0,0.19,1,1,0.18,5.1,1
1051,2017-11-16,2017,11,16,320,46,1,-0.5,0.866025,0.0,0,34.1,0.0,0.0,34.1,45.8,45.8,6.54,27.69,0,0,0,0,0,0,0.0,0.0,0.0,0.0,0.13,1,0,0.0,0.0,0
1052,2017-11-17,2017,11,17,321,46,1,-0.5,0.866025,0.0,0,0.0,34.1,0.0,34.1,34.1,45.8,6.54,27.66,0,0,0,0,0,0,0.0,0.0,0.0,0.0,0.06,1,0,0.0,0.0,0
1053,2017-11-18,2017,11,18,322,46,1,-0.5,0.866025,120.4,4,0.0,0.0,34.1,120.4,154.5,166.2,23.74,31.67,1,1,1,0,0,0,0.0,0.0,0.0,0.0,0.62,1,1,0.81,12.1,2
1054,2017-11-19,2017,11,19,323,46,1,-0.5,0.866025,0.0,0,120.4,0.0,0.0,120.4,154.5,154.5,22.07,31.67,0,0,0,0,0,0,0.0,0.0,0.0,0.0,0.61,1,1,0.29,4.0,1
1055,2017-11-20,2017,11,20,324,47,1,-0.5,0.866025,0.0,0,0.0,120.4,0.0,120.4,120.4,154.5,22.07,28.65,0,0,0,0,0,0,0.0,0.0,0.0,0.0,0.51,1,0,0.0,0.0,0
1056,2017-11-21,2017,11,21,325,47,1,-0.5,0.866025,33.3,3,0.0,0.0,120.4,33.3,153.7,187.8,26.83,29.34,0,0,1,0,0,0,0.0,0.0,0.0,0.0,0.4,1,0,0.0,0.0,0
1057,2017-11-22,2017,11,22,326,47,1,-0.5,0.866025,18.6,3,33.3,0.0,0.0,51.9,172.3,172.3,24.61,29.96,0,0,2,0,0,0,0.0,0.0,0.0,0.0,0.45,1,0,0.0,0.0,0
1058,2017-11-23,2017,11,23,327,47,1,-0.5,0.866025,69.0,4,18.6,33.3,0.0,120.9,120.9,241.3,34.47,32.26,1,0,3,0,0,0,0.0,0.0,0.0,0.0,0.59,1,0,0.0,0.0,0
1059,2017-11-24,2017,11,24,328,47,1,-0.5,0.866025,61.6,4,69.0,18.6,33.3,149.2,182.5,302.9,43.27,28.7,1,0,4,0,0,0,0.0,0.0,0.0,0.0,0.63,1,1,0.3,10.7,1
1060,2017-11-25,2017,11,25,329,47,1,-0.5,0.866025,148.7,4,61.6,69.0,18.6,279.3,331.2,331.2,47.31,30.1,1,1,5,0,0,0,0.0,0.0,0.0,0.0,0.83,1,1,0.79,34.8,3
1061,2017-11-26,2017,11,26,330,47,1,-0.5,0.866025,101.4,4,148.7,61.6,69.0,311.7,399.3,432.6,61.8,30.62,1,1,6,0,0,0,0.0,0.0,0.0,0.0,1.0,1,1,1.32,16.3,3
1062,2017-11-27,2017,11,27,331,48,1,-0.5,0.866025,0.0,0,101.4,148.7,61.6,250.1,380.7,432.6,61.8,28.5,0,0,0,0,0,0,0.0,0.0,0.0,0.0,0.68,1,1,0.44,9.2,2
1063,2017-11-28,2017,11,28,332,48,1,-0.5,0.866025,0.0,0,0.0,101.4,148.7,101.4,311.7,399.3,57.04,26.74,0,0,0,0,0,0,0.0,0.0,0.0,0.0,0.67,1,0,0.0,0.0,0
1064,2017-11-29,2017,11,29,333,48,1,-0.5,0.866025,82.0,4,0.0,0.0,101.4,82.0,332.1,462.7,66.1,28.86,1,0,1,0,0,0,0.0,0.0,0.0,0.0,0.82,1,1,0.55,19.2,2
1065,2017-11-30,2017,11,30,334,48,1,-0.5,0.866025,0.0,0,82.0,0.0,0.0,82.0,183.4,393.7,56.24,26.07,0,0,0,0,0,0,0.0,0.0,0.0,0.0,0.56,1,0,0.0,0.0,0
1066,2017-12-01,2017,12,1,335,48,0,-0.0,1.0,0.0,0,0.0,82.0,0.0,82.0,82.0,332.1,47.44,26.07,0,0,0,0,0,0,0.0,0.0,0.0,0.0,0.5,1,0,0.0,0.0,0
1067,2017-12-02,2017,12,2,336,48,0,-0.0,1.0,33.2,3,0.0,0.0,82.0,33.2,115.2,216.6,30.94,27.18,0,0,1,0,0,0,0.0,0.0,0.0,0.0,0.44,1,0,0.0,0.0,0
1068,2017-12-03,2017,12,3,337,48,0,-0.0,1.0,17.3,3,33.2,0.0,0.0,50.5,132.5,132.5,18.93,25.99,0,0,2,0,0,0,0.0,0.0,0.0,0.0,0.33,1,0,0.0,0.0,0
1069,2017-12-04,2017,12,4,338,49,0,-0.0,1.0,0.0,0,17.3,33.2,0.0,50.5,50.5,132.5,18.93,25.99,0,0,0,0,0,0,0.0,0.0,0.0,0.0,0.25,1,0,0.0,0.0,0
1070,2017-12-05,2017,12,5,339,49,0,-0.0,1.0,13.4,3,0.0,17.3,33.2,30.7,63.9,145.9,20.84,26.05,0,0,1,0,0,0,0.0,0.0,0.0,0.0,0.21,1,0,0.0,0.0,0
1071,2017-12-06,2017,12,6,340,49,0,-0.0,1.0,0.0,0,13.4,0.0,17.3,13.4,63.9,63.9,9.13,25.0,0,0,0,0,0,0,0.0,0.0,0.0,0.0,0.08,1,0,0.0,0.0,0
1072,2017-12-07,2017,12,7,341,49,0,-0.0,1.0,0.0,0,0.0,13.4,0.0,13.4,30.7,63.9,9.13,25.0,0,0,0,0,0,0,0.0,0.0,0.0,0.0,0.07,1,0,0.0,0.0,0
1073,2017-12-08,2017,12,8,342,49,0,-0.0,1.0,15.8,3,0.0,0.0,13.4,15.8,29.2,79.7,11.39,25.35,0,0,1,0,0,0,0.0,0.0,0.0,0.0,0.16,1,0,0.0,0.0,0
1074,2017-12-09,2017,12,9,343,49,0,-0.0,1.0,0.0,0,15.8,0.0,0.0,15.8,29.2,46.5,6.64,25.35,0,0,0,0,0,0,0.0,0.0,0.0,0.0,0.22,1,0,0.0,0.0,0
1075,2017-12-10,2017,12,10,344,49,0,-0.0,1.0,0.0,0,0.0,15.8,0.0,15.8,15.8,29.2,4.17,25.35,0,0,0,0,0,0,0.0,0.0,0.0,0.0,0.09,1,0,0.0,0.0,0
1076,2017-12-11,2017,12,11,345,50,0,-0.0,1.0,0.0,0,0.0,0.0,15.8,0.0,15.8,29.2,4.17,25.35,0,0,0,0,0,0,0.0,0.0,0.0,0.0,0.05,1,0,0.0,0.0,0
1077,2017-12-12,2017,12,12,346,50,0,-0.0,1.0,0.0,0,0.0,0.0,0.0,0.0,15.8,15.8,2.26,24.96,0,0,0,0,0,0,0.0,0.0,0.0,0.0,0.0,1,0,0.0,0.0,0
1078,2017-12-13,2017,12,13,347,50,0,-0.0,1.0,72.9,4,0.0,0.0,0.0,72.9,72.9,88.7,12.67,27.39,1,0,1,1,3,Auring,3.0,185.0,0.0,0.0,0.35,1,0,0.0,0.0,0
1079,2017-12-14,2017,12,14,348,50,0,-0.0,1.0,80.4,4,72.9,0.0,0.0,153.3,153.3,169.1,24.16,30.07,1,0,2,1,3,Auring,3.0,185.0,0.0,1.0,0.66,1,1,1.41,40.9,3
1080,2017-12-15,2017,12,15,349,50,0,-0.0,1.0,2.5,2,80.4,72.9,0.0,155.8,155.8,155.8,22.26,29.02,0,0,3,1,3,Auring,3.0,185.0,0.0,2.0,0.5,1,0,0.0,0.0,0
1081,2017-12-16,2017,12,16,350,50,0,-0.0,1.0,73.9,4,2.5,80.4,72.9,156.8,229.7,229.7,32.81,31.48,1,0,4,1,3,Auring,3.0,185.0,0.0,3.0,0.78,1,1,1.27,16.3,3
1082,2017-12-17,2017,12,17,351,50,0,-0.0,1.0,24.8,3,73.9,2.5,80.4,101.2,254.5,254.5,36.36,32.31,0,0,5,0,0,0,0.0,0.0,0.0,0.0,0.66,1,0,0.0,0.0,0
1083,2017-12-18,2017,12,18,352,51,0,-0.0,1.0,0.0,0,24.8,73.9,2.5,98.7,181.6,254.5,36.36,28.29,0,0,0,0,0,0,0.0,0.0,0.0,0.0,0.46,1,0,0.0,0.0,0
1084,2017-12-19,2017,12,19,353,51,0,-0.0,1.0,0.0,0,0.0,24.8,73.9,24.8,101.2,254.5,36.36,28.29,0,0,0,0,0,0,0.0,0.0,0.0,0.0,0.32,1,0,0.0,0.0,0
1085,2017-12-20,2017,12,20,354,51,0,-0.0,1.0,24.3,3,0.0,0.0,24.8,24.3,123.0,205.9,29.41,29.1,0,0,1,0,0,0,0.0,0.0,0.0,0.0,0.33,1,0,0.0,0.0,0
1086,2017-12-21,2017,12,21,355,51,0,-0.0,1.0,58.3,4,24.3,0.0,0.0,82.6,107.4,183.8,26.26,29.94,1,0,2,0,0,0,0.0,0.0,0.0,0.0,0.48,1,1,0.48,8.8,1
1087,2017-12-22,2017,12,22,356,51,0,-0.0,1.0,6.5,2,58.3,24.3,0.0,89.1,89.1,187.8,26.83,29.53,0,0,3,0,0,0,0.0,0.0,0.0,0.0,0.38,1,0,0.0,0.0,0
1088,2017-12-23,2017,12,23,357,51,0,-0.0,1.0,58.3,4,6.5,58.3,24.3,123.1,147.4,172.2,24.6,29.18,1,0,4,0,0,0,0.0,0.0,0.0,0.0,0.54,1,0,0.0,0.0,0
1089,2017-12-24,2017,12,24,358,51,0,-0.0,1.0,0.0,0,58.3,6.5,58.3,64.8,147.4,147.4,21.06,27.12,0,0,0,0,0,0,0.0,0.0,0.0,0.0,0.48,1,0,0.0,0.0,0
1090,2017-12-25,2017,12,25,359,52,0,-0.0,1.0,3.7,2,0.0,58.3,6.5,62.0,126.8,151.1,21.59,22.29,0,0,1,0,0,0,0.0,0.0,0.0,0.0,0.54,1,0,0.0,0.0,0
1091,2017-12-26,2017,12,26,360,52,0,-0.0,1.0,0.0,0,3.7,0.0,58.3,3.7,68.5,151.1,21.59,18.91,0,0,0,0,0,0,0.0,0.0,0.0,0.0,0.37,1,0,0.0,0.0,0
1092,2017-12-27,2017,12,27,361,52,0,-0.0,1.0,10.2,3,0.0,3.7,0.0,13.9,72.2,137.0,19.57,19.25,0,0,1,0,0,0,0.0,0.0,0.0,0.0,0.41,1,0,0.0,0.0,0
1093,2017-12-28,2017,12,28,362,52,0,-0.0,1.0,0.0,0,10.2,0.0,3.7,10.2,13.9,78.7,11.24,19.25,0,0,0,0,0,0,0.0,0.0,0.0,0.0,0.33,1,0,0.0,0.0,0
1094,2017-12-29,2017,12,29,363,52,0,-0.0,1.0,0.0,0,0.0,10.2,0.0,10.2,13.9,72.2,10.31,16.52,0,0,0,0,0,0,0.0,0.0,0.0,0.0,0.34,1,0,0.0,0.0,0
1095,2017-12-30,2017,12,30,364,52,0,-0.0,1.0,0.0,0,0.0,0.0,10.2,0.0,10.2,13.9,1.99,16.52,0,0,0,0,0,0,0.0,0.0,0.0,0.0,0.33,1,0,0.0,0.0,0
1096,2017-12-31,2017,12,31,365,52,0,-0.0,1.0,0.0,0,0.0,0.0,0.0,0.0,10.2,13.9,1.99,16.52,0,0,0,0,0,0,0.0,0.0,0.0,0.0,0.08,1,0,0.0,0.0,0
1097,2018-01-01,2018,1,1,1,1,0,0.5,0.866025,9.9,3,0.0,0.0,0.0,9.9,9.9,20.1,2.87,15.74,0,0,1,0,0,0,0.0,0.0,0.0,0.0,0.14,1,0,0.0,0.0,0
1098,2018-01-02,2018,1,2,2,1,0,0.5,0.866025,0.0,0,9.9,0.0,0.0,9.9,9.9,20.1,2.87,15.16,0,0,0,0,0,0,0.0,0.0,0.0,0.0,0.0,1,0,0.0,0.0,0
1099,2018-01-03,2018,1,3,3,1,0,0.5,0.866025,0.0,0,0.0,9.9,0.0,9.9,9.9,9.9,1.41,15.16,0,0,0,0,0,0,0.0,0.0,0.0,0.0,0.06,1,0,0.0,0.0,0
1100,2018-01-04,2018,1,4,4,1,0,0.5,0.866025,0.0,0,0.0,0.0,9.9,0.0,9.9,9.9,1.41,14.72,0,0,0,0,0,0,0.0,0.0,0.0,0.0,0.09,1,0,0.0,0.0,0
1101,2018-01-05,2018,1,5,5,1,0,0.5,0.866025,0.0,0,0.0,0.0,0.0,0.0,9.9,9.9,1.41,14.72,0,0,0,0,0,0,0.0,0.0,0.0,0.0,0.07,1,0,0.0,0.0,0
1102,2018-01-06,2018,1,6,6,1,0,0.5,0.866025,0.0,0,0.0,0.0,0.0,0.0,0.0,9.9,1.41,14.72,0,0,0,0,0,0,0.0,0.0,0.0,0.0,0.12,1,0,0.0,0.0,0
1103,2018-01-07,2018,1,7,7,1,0,0.5,0.866025,0.0,0,0.0,0.0,0.0,0.0,0.0,9.9,1.41,14.19,0,0,0,0,0,0,0.0,0.0,0.0,0.0,0.15,1,0,0.0,0.0,0
1104,2018-01-08,2018,1,8,8,2,0,0.5,0.866025,0.0,0,0.0,0.0,0.0,0.0,0.0,0.0,0.0,14.19,0,0,0,0,0,0,0.0,0.0,0.0,0.0,0.24,1,0,0.0,0.0,0
1105,2018-01-09,2018,1,9,9,2,0,0.5,0.866025,0.0,0,0.0,0.0,0.0,0.0,0.0,0.0,0.0,14.19,0,0,0,0,0,0,0.0,0.0,0.0,0.0,0.08,1,0,0.0,0.0,0
1106,2018-01-10,2018,1,10,10,2,0,0.5,0.866025,0.0,0,0.0,0.0,0.0,0.0,0.0,0.0,0.0,14.19,0,0,0,0,0,0,0.0,0.0,0.0,0.0,0.15,1,0,0.0,0.0,0
1107,2018-01-11,2018,1,11,11,2,0,0.5,0.866025,0.0,0,0.0,0.0,0.0,0.0,0.0,0.0,0.0,14.19,0,0,0,0,0,0,0.0,0.0,0.0,0.0,0.07,1,1,0.44,9.9,1
1108,2018-01-12,2018,1,12,12,2,0,0.5,0.866025,0.0,0,0.0,0.0,0.0,0.0,0.0,0.0,0.0,11.76,0,0,0,0,0,0,0.0,0.0,0.0,0.0,0.06,1,0,0.0,0.0,0
1109,2018-01-13,2018,1,13,13,2,0,0.5,0.866025,0.0,0,0.0,0.0,0.0,0.0,0.0,0.0,0.0,9.08,0,0,0,0,0,0,0.0,0.0,0.0,0.0,0.03,1,0,0.0,0.0,0
1110,2018-01-14,2018,1,14,14,2,0,0.5,0.866025,0.0,0,0.0,0.0,0.0,0.0,0.0,0.0,0.0,9.0,0,0,0,0,0,0,0.0,0.0,0.0,0.0,0.02,1,0,0.0,0.0,0
1111,2018-01-15,2018,1,15,15,3,0,0.5,0.866025,0.0,0,0.0,0.0,0.0,0.0,0.0,0.0,0.0,6.53,0,0,0,0,0,0,0.0,0.0,0.0,0.0,0.07,1,0,0.0,0.0,0
1112,2018-01-16,2018,1,16,16,3,0,0.5,0.866025,0.0,0,0.0,0.0,0.0,0.0,0.0,0.0,0.0,5.71,0,0,0,0,0,0,0.0,0.0,0.0,0.0,0.04,1,0,0.0,0.0,0
1113,2018-01-17,2018,1,17,17,3,0,0.5,0.866025,0.0,0,0.0,0.0,0.0,0.0,0.0,0.0,0.0,5.71,0,0,0,0,0,0,0.0,0.0,0.0,0.0,0.0,1,0,0.0,0.0,0
1114,2018-01-18,2018,1,18,18,3,0,0.5,0.866025,0.0,0,0.0,0.0,0.0,0.0,0.0,0.0,0.0,5.71,0,0,0,0,0,0,0.0,0.0,0.0,0.0,0.19,1,0,0.0,0.0,0
1115,2018-01-19,2018,1,19,19,3,0,0.5,0.866025,0.0,0,0.0,0.0,0.0,0.0,0.0,0.0,0.0,4.9,0,0,0,0,0,0,0.0,0.0,0.0,0.0,0.17,1,0,0.0,0.0,0
1116,2018-01-20,2018,1,20,20,3,0,0.5,0.866025,25.1,3,0.0,0.0,0.0,25.1,25.1,25.1,3.59,3.79,0,0,1,0,0,0,0.0,0.0,0.0,0.0,0.21,1,0,0.0,0.0,0
1117,2018-01-21,2018,1,21,21,3,0,0.5,0.866025,0.0,0,25.1,0.0,0.0,25.1,25.1,25.1,3.59,3.57,0,0,0,0,0,0,0.0,0.0,0.0,0.0,0.26,1,0,0.0,0.0,0
1118,2018-01-22,2018,1,22,22,4,0,0.5,0.866025,0.0,0,0.0,25.1,0.0,25.1,25.1,25.1,3.59,1.63,0,0,0,0,0,0,0.0,0.0,0.0,0.0,0.19,1,0,0.0,0.0,0
1119,2018-01-23,2018,1,23,23,4,0,0.5,0.866025,2.9,2,0.0,0.0,25.1,2.9,28.0,28.0,4.0,1.73,0,0,1,0,0,0,0.0,0.0,0.0,0.0,0.12,1,0,0.0,0.0,0
1120,2018-01-24,2018,1,24,24,4,0,0.5,0.866025,5.0,2,2.9,0.0,0.0,7.9,33.0,33.0,4.71,1.77,0,0,2,0,0,0,0.0,0.0,0.0,0.0,0.28,1,0,0.0,0.0,0
1121,2018-01-25,2018,1,25,25,4,0,0.5,0.866025,0.0,0,5.0,2.9,0.0,7.9,7.9,33.0,4.71,1.77,0,0,0,0,0,0,0.0,0.0,0.0,0.0,0.2,1,0,0.0,0.0,0
1122,2018-01-26,2018,1,26,26,4,0,0.5,0.866025,0.0,0,0.0,5.0,2.9,5.0,7.9,33.0,4.71,1.43,0,0,0,0,0,0,0.0,0.0,0.0,0.0,0.32,1,0,0.0,0.0,0
1123,2018-01-27,2018,1,27,27,4,0,0.5,0.866025,8.5,3,0.0,0.0,5.0,8.5,16.4,16.4,2.34,1.71,0,0,1,0,0,0,0.0,0.0,0.0,0.0,0.5,1,0,0.0,0.0,0
1124,2018-01-28,2018,1,28,28,4,0,0.5,0.866025,0.0,0,8.5,0.0,0.0,8.5,13.5,16.4,2.34,1.71,0,0,0,0,0,0,0.0,0.0,0.0,0.0,0.29,1,0,0.0,0.0,0
1125,2018-01-29,2018,1,29,29,5,0,0.5,0.866025,0.0,0,0.0,8.5,0.0,8.5,8.5,16.4,2.34,1.71,0,0,0,0,0,0,0.0,0.0,0.0,0.0,0.1,1,0,0.0,0.0,0
1126,2018-01-30,2018,1,30,30,5,0,0.5,0.866025,10.9,3,0.0,0.0,8.5,10.9,19.4,24.4,3.49,2.08,0,0,1,0,0,0,0.0,0.0,0.0,0.0,0.12,1,0,0.0,0.0,0
1127,2018-01-31,2018,1,31,31,5,0,0.5,0.866025,0.0,0,10.9,0.0,0.0,10.9,19.4,19.4,2.77,1.75,0,0,0,0,0,0,0.0,0.0,0.0,0.0,0.2,1,0,0.0,0.0,0
1128,2018-02-01,2018,2,1,32,5,0,0.866025,0.5,0.0,0,0.0,10.9,0.0,10.9,10.9,19.4,2.77,1.75,0,0,0,0,0,0,0.0,0.0,0.0,0.0,0.1,1,0,0.0,0.0,0
1129,2018-02-02,2018,2,2,33,5,0,0.866025,0.5,0.0,0,0.0,0.0,10.9,0.0,10.9,19.4,2.77,1.75,0,0,0,0,0,0,0.0,0.0,0.0,0.0,0.04,1,0,0.0,0.0,0
1130,2018-02-03,2018,2,3,34,5,0,0.866025,0.5,2.4,1,0.0,0.0,0.0,2.4,13.3,13.3,1.9,1.83,0,0,1,0,0,0,0.0,0.0,0.0,0.0,0.0,1,0,0.0,0.0,0
1131,2018-02-04,2018,2,4,35,5,0,0.866025,0.5,0.0,0,2.4,0.0,0.0,2.4,2.4,13.3,1.9,1.83,0,0,0,0,0,0,0.0,0.0,0.0,0.0,0.12,1,0,0.0,0.0,0
1132,2018-02-05,2018,2,5,36,6,0,0.866025,0.5,0.0,0,0.0,2.4,0.0,2.4,2.4,13.3,1.9,1.83,0,0,0,0,0,0,0.0,0.0,0.0,0.0,0.03,1,0,0.0,0.0,0
1133,2018-02-06,2018,2,6,37,6,0,0.866025,0.5,0.0,0,0.0,0.0,2.4,0.0,2.4,2.4,0.34,1.83,0,0,0,0,0,0,0.0,0.0,0.0,0.0,0.0,1,0,0.0,0.0,0
1134,2018-02-07,2018,2,7,38,6,0,0.866025,0.5,0.0,0,0.0,0.0,0.0,0.0,2.4,2.4,0.34,1.83,0,0,0,0,0,0,0.0,0.0,0.0,0.0,0.09,1,0,0.0,0.0,0
1135,2018-02-08,2018,2,8,39,6,0,0.866025,0.5,0.0,0,0.0,0.0,0.0,0.0,0.0,2.4,0.34,1.83,0,0,0,0,0,0,0.0,0.0,0.0,0.0,0.14,1,0,0.0,0.0,0
1136,2018-02-09,2018,2,9,40,6,0,0.866025,0.5,0.0,0,0.0,0.0,0.0,0.0,0.0,2.4,0.34,1.83,0,0,0,0,0,0,0.0,0.0,0.0,0.0,0.13,1,0,0.0,0.0,0
1137,2018-02-10,2018,2,10,41,6,0,0.866025,0.5,0.0,0,0.0,0.0,0.0,0.0,0.0,0.0,0.0,1.83,0,0,0,0,0,0,0.0,0.0,0.0,0.0,0.01,1,0,0.0,0.0,0
1138,2018-02-11,2018,2,11,42,6,0,0.866025,0.5,13.2,3,0.0,0.0,0.0,13.2,13.2,13.2,1.89,2.27,0,0,1,0,0,0,0.0,0.0,0.0,0.0,0.03,1,0,0.0,0.0,0
1139,2018-02-12,2018,2,12,43,7,0,0.866025,0.5,0.0,0,13.2,0.0,0.0,13.2,13.2,13.2,1.89,2.27,0,0,0,0,0,0,0.0,0.0,0.0,0.0,0.0,1,0,0.0,0.0,0
1140,2018-02-13,2018,2,13,44,7,0,0.866025,0.5,0.0,0,0.0,13.2,0.0,13.2,13.2,13.2,1.89,2.27,0,0,0,0,0,0,0.0,0.0,0.0,0.0,0.0,1,0,0.0,0.0,0
1141,2018-02-14,2018,2,14,45,7,0,0.866025,0.5,0.0,0,0.0,0.0,13.2,0.0,13.2,13.2,1.89,2.27,0,0,0,0,0,0,0.0,0.0,0.0,0.0,0.11,1,0,0.0,0.0,0
1142,2018-02-15,2018,2,15,46,7,0,0.866025,0.5,0.0,0,0.0,0.0,0.0,0.0,13.2,13.2,1.89,2.27,0,0,0,0,0,0,0.0,0.0,0.0,0.0,0.13,1,0,0.0,0.0,0
1143,2018-02-16,2018,2,16,47,7,0,0.866025,0.5,10.4,3,0.0,0.0,0.0,10.4,10.4,23.6,3.37,2.61,0,0,1,0,0,0,0.0,0.0,0.0,0.0,0.03,1,0,0.0,0.0,0
1144,2018-02-17,2018,2,17,48,7,0,0.866025,0.5,0.0,0,10.4,0.0,0.0,10.4,10.4,23.6,3.37,2.61,0,0,0,0,0,0,0.0,0.0,0.0,0.0,0.0,1,0,0.0,0.0,0
1145,2018-02-18,2018,2,18,49,7,0,0.866025,0.5,0.0,0,0.0,10.4,0.0,10.4,10.4,10.4,1.49,2.61,0,0,0,0,0,0,0.0,0.0,0.0,0.0,0.03,1,0,0.0,0.0,0
1146,2018-02-19,2018,2,19,50,8,0,0.866025,0.5,0.0,0,0.0,0.0,10.4,0.0,10.4,10.4,1.49,1.78,0,0,0,0,0,0,0.0,0.0,0.0,0.0,0.08,1,0,0.0,0.0,0
1147,2018-02-20,2018,2,20,51,8,0,0.866025,0.5,0.4,1,0.0,0.0,0.0,0.4,10.8,10.8,1.54,1.79,0,0,1,0,0,0,0.0,0.0,0.0,0.0,0.01,1,0,0.0,0.0,0
1148,2018-02-21,2018,2,21,52,8,0,0.866025,0.5,10.1,3,0.4,0.0,0.0,10.5,10.5,20.9,2.99,2.13,0,0,2,0,0,0,0.0,0.0,0.0,0.0,0.0,1,0,0.0,0.0,0
1149,2018-02-22,2018,2,22,53,8,0,0.866025,0.5,0.0,0,10.1,0.4,0.0,10.5,10.5,20.9,2.99,2.03,0,0,0,0,0,0,0.0,0.0,0.0,0.0,0.0,1,0,0.0,0.0,0
1150,2018-02-23,2018,2,23,54,8,0,0.866025,0.5,0.0,0,0.0,10.1,0.4,10.1,10.5,10.5,1.5,1.86,0,0,0,0,0,0,0.0,0.0,0.0,0.0,0.07,1,0,0.0,0.0,0
1151,2018-02-24,2018,2,24,55,8,0,0.866025,0.5,11.9,3,0.0,0.0,10.1,11.9,22.4,22.4,3.2,2.26,0,0,1,0,0,0,0.0,0.0,0.0,0.0,0.15,1,0,0.0,0.0,0
1152,2018-02-25,2018,2,25,56,8,0,0.866025,0.5,0.0,0,11.9,0.0,0.0,11.9,22.0,22.4,3.2,2.26,0,0,0,0,0,0,0.0,0.0,0.0,0.0,0.16,1,0,0.0,0.0,0
1153,2018-02-26,2018,2,26,57,9,0,0.866025,0.5,0.0,0,0.0,11.9,0.0,11.9,11.9,22.4,3.2,1.98,0,0,0,0,0,0,0.0,0.0,0.0,0.0,0.19,1,0,0.0,0.0,0
1154,2018-02-27,2018,2,27,58,9,0,0.866025,0.5,10.4,3,0.0,0.0,11.9,10.4,22.3,32.4,4.63,2.32,0,0,1,0,0,0,0.0,0.0,0.0,0.0,0.14,1,0,0.0,0.0,0
1155,2018-02-28,2018,2,28,59,9,0,0.866025,0.5,0.0,0,10.4,0.0,0.0,10.4,22.3,22.3,3.19,2.32,0,0,0,0,0,0,0.0,0.0,0.0,0.0,0.13,1,0,0.0,0.0,0
1156,2018-03-01,2018,3,1,60,9,0,1.0,0.0,0.0,0,0.0,10.4,0.0,10.4,10.4,22.3,3.19,1.96,0,0,0,0,0,0,0.0,0.0,0.0,0.0,0.05,1,0,0.0,0.0,0
1157,2018-03-02,2018,3,2,61,9,0,1.0,0.0,0.0,0,0.0,0.0,10.4,0.0,10.4,22.3,3.19,1.96,0,0,0,0,0,0,0.0,0.0,0.0,0.0,0.0,1,0,0.0,0.0,0
1158,2018-03-03,2018,3,3,62,9,0,1.0,0.0,0.0,0,0.0,0.0,0.0,0.0,10.4,10.4,1.49,1.96,0,0,0,0,0,0,0.0,0.0,0.0,0.0,0.0,1,0,0.0,0.0,0
1159,2018-03-04,2018,3,4,63,9,0,1.0,0.0,0.0,0,0.0,0.0,0.0,0.0,0.0,10.4,1.49,1.96,0,0,0,0,0,0,0.0,0.0,0.0,0.0,0.0,1,0,0.0,0.0,0
1160,2018-03-05,2018,3,5,64,10,0,1.0,0.0,0.0,0,0.0,0.0,0.0,0.0,0.0,10.4,1.49,1.88,0,0,0,0,0,0,0.0,0.0,0.0,0.0,0.04,1,0,0.0,0.0,0
1161,2018-03-06,2018,3,6,65,10,0,1.0,0.0,0.0,0,0.0,0.0,0.0,0.0,0.0,0.0,0.0,1.88,0,0,0,0,0,0,0.0,0.0,0.0,0.0,0.11,1,0,0.0,0.0,0
1162,2018-03-07,2018,3,7,66,10,0,1.0,0.0,0.0,0,0.0,0.0,0.0,0.0,0.0,0.0,0.0,1.88,0,0,0,0,0,0,0.0,0.0,0.0,0.0,0.0,1,0,0.0,0.0,0
1163,2018-03-08,2018,3,8,67,10,0,1.0,0.0,0.0,0,0.0,0.0,0.0,0.0,0.0,0.0,0.0,1.88,0,0,0,0,0,0,0.0,0.0,0.0,0.0,0.15,1,0,0.0,0.0,0
1164,2018-03-09,2018,3,9,68,10,0,1.0,0.0,0.0,0,0.0,0.0,0.0,0.0,0.0,0.0,0.0,1.88,0,0,0,0,0,0,0.0,0.0,0.0,0.0,0.24,1,0,0.0,0.0,0
1165,2018-03-10,2018,3,10,69,10,0,1.0,0.0,0.0,0,0.0,0.0,0.0,0.0,0.0,0.0,0.0,1.88,0,0,0,0,0,0,0.0,0.0,0.0,0.0,0.12,1,0,0.0,0.0,0
1166,2018-03-11,2018,3,11,70,10,0,1.0,0.0,0.0,0,0.0,0.0,0.0,0.0,0.0,0.0,0.0,1.88,0,0,0,0,0,0,0.0,0.0,0.0,0.0,0.04,1,0,0.0,0.0,0
1167,2018-03-12,2018,3,12,71,11,0,1.0,0.0,0.0,0,0.0,0.0,0.0,0.0,0.0,0.0,0.0,1.88,0,0,0,0,0,0,0.0,0.0,0.0,0.0,0.1,1,0,0.0,0.0,0
1168,2018-03-13,2018,3,13,72,11,0,1.0,0.0,13.0,3,0.0,0.0,0.0,13.0,13.0,13.0,1.86,1.87,0,0,1,0,0,0,0.0,0.0,0.0,0.0,0.12,1,0,0.0,0.0,0
1169,2018-03-14,2018,3,14,73,11,0,1.0,0.0,0.0,0,13.0,0.0,0.0,13.0,13.0,13.0,1.86,1.87,0,0,0,0,0,0,0.0,0.0,0.0,0.0,0.05,1,0,0.0,0.0,0
1170,2018-03-15,2018,3,15,74,11,0,1.0,0.0,1.4,1,0.0,13.0,0.0,14.4,14.4,14.4,2.06,1.92,0,0,1,0,0,0,0.0,0.0,0.0,0.0,0.0,1,0,0.0,0.0,0
1171,2018-03-16,2018,3,16,75,11,0,1.0,0.0,0.0,0,1.4,0.0,13.0,1.4,14.4,14.4,2.06,1.92,0,0,0,0,0,0,0.0,0.0,0.0,0.0,0.0,1,0,0.0,0.0,0
1172,2018-03-17,2018,3,17,76,11,0,1.0,0.0,0.0,0,0.0,1.4,0.0,1.4,14.4,14.4,2.06,1.92,0,0,0,0,0,0,0.0,0.0,0.0,0.0,0.11,1,0,0.0,0.0,0
1173,2018-03-18,2018,3,18,77,11,0,1.0,0.0,0.0,0,0.0,0.0,1.4,0.0,1.4,14.4,2.06,1.57,0,0,0,0,0,0,0.0,0.0,0.0,0.0,0.05,1,0,0.0,0.0,0
1174,2018-03-19,2018,3,19,78,12,0,1.0,0.0,14.4,3,0.0,0.0,0.0,14.4,15.8,28.8,4.11,2.05,0,0,1,0,0,0,0.0,0.0,0.0,0.0,0.08,1,0,0.0,0.0,0
1175,2018-03-20,2018,3,20,79,12,0,1.0,0.0,0.0,0,14.4,0.0,0.0,14.4,14.4,15.8,2.26,2.05,0,0,0,0,0,0,0.0,0.0,0.0,0.0,0.16,1,0,0.0,0.0,0
1176,2018-03-21,2018,3,21,80,12,0,1.0,0.0,0.0,0,0.0,14.4,0.0,14.4,14.4,15.8,2.26,2.05,0,0,0,0,0,0,0.0,0.0,0.0,0.0,0.26,1,0,0.0,0.0,0
1177,2018-03-22,2018,3,22,81,12,0,1.0,0.0,0.0,0,0.0,0.0,14.4,0.0,14.4,14.4,2.06,2.04,0,0,0,0,0,0,0.0,0.0,0.0,0.0,0.18,1,0,0.0,0.0,0
1178,2018-03-23,2018,3,23,82,12,0,1.0,0.0,0.0,0,0.0,0.0,0.0,0.0,14.4,14.4,2.06,1.7,0,0,0,0,0,0,0.0,0.0,0.0,0.0,0.09,1,0,0.0,0.0,0
1179,2018-03-24,2018,3,24,83,12,0,1.0,0.0,0.0,0,0.0,0.0,0.0,0.0,0.0,14.4,2.06,1.7,0,0,0,0,0,0,0.0,0.0,0.0,0.0,0.1,1,0,0.0,0.0,0
1180,2018-03-25,2018,3,25,84,12,0,1.0,0.0,1.6,1,0.0,0.0,0.0,1.6,1.6,16.0,2.29,1.76,0,0,1,0,0,0,0.0,0.0,0.0,0.0,0.15,1,0,0.0,0.0,0
1181,2018-03-26,2018,3,26,85,13,0,1.0,0.0,0.0,0,1.6,0.0,0.0,1.6,1.6,1.6,0.23,1.36,0,0,0,0,0,0,0.0,0.0,0.0,0.0,0.04,1,0,0.0,0.0,0
1182,2018-03-27,2018,3,27,86,13,0,1.0,0.0,0.0,0,0.0,1.6,0.0,1.6,1.6,1.6,0.23,1.36,0,0,0,0,0,0,0.0,0.0,0.0,0.0,0.26,1,0,0.0,0.0,0
1183,2018-03-28,2018,3,28,87,13,0,1.0,0.0,0.0,0,0.0,0.0,1.6,0.0,1.6,1.6,0.23,1.36,0,0,0,0,0,0,0.0,0.0,0.0,0.0,0.16,1,0,0.0,0.0,0
1184,2018-03-29,2018,3,29,88,13,0,1.0,0.0,0.0,0,0.0,0.0,0.0,0.0,1.6,1.6,0.23,1.01,0,0,0,0,0,0,0.0,0.0,0.0,0.0,0.21,1,0,0.0,0.0,0
1185,2018-03-30,2018,3,30,89,13,0,1.0,0.0,0.0,0,0.0,0.0,0.0,0.0,0.0,1.6,0.23,1.01,0,0,0,0,0,0,0.0,0.0,0.0,0.0,0.1,1,0,0.0,0.0,0
1186,2018-03-31,2018,3,31,90,13,0,1.0,0.0,0.0,0,0.0,0.0,0.0,0.0,0.0,1.6,0.23,1.01,0,0,0,0,0,0,0.0,0.0,0.0,0.0,0.17,1,0,0.0,0.0,0
1187,2018-04-01,2018,4,1,91,13,0,0.866025,-0.5,0.0,0,0.0,0.0,0.0,0.0,0.0,0.0,0.0,1.01,0,0,0,0,0,0,0.0,0.0,0.0,0.0,0.31,1,0,0.0,0.0,0
1188,2018-04-02,2018,4,2,92,14,0,0.866025,-0.5,0.0,0,0.0,0.0,0.0,0.0,0.0,0.0,0.0,1.01,0,0,0,0,0,0,0.0,0.0,0.0,0.0,0.21,1,0,0.0,0.0,0
1189,2018-04-03,2018,4,3,93,14,0,0.866025,-0.5,0.0,0,0.0,0.0,0.0,0.0,0.0,0.0,0.0,1.01,0,0,0,0,0,0,0.0,0.0,0.0,0.0,0.02,1,0,0.0,0.0,0
1190,2018-04-04,2018,4,4,94,14,0,0.866025,-0.5,0.0,0,0.0,0.0,0.0,0.0,0.0,0.0,0.0,1.01,0,0,0,0,0,0,0.0,0.0,0.0,0.0,0.07,1,0,0.0,0.0,0
1191,2018-04-05,2018,4,5,95,14,0,0.866025,-0.5,0.0,0,0.0,0.0,0.0,0.0,0.0,0.0,0.0,1.01,0,0,0,0,0,0,0.0,0.0,0.0,0.0,0.06,1,0,0.0,0.0,0
1192,2018-04-06,2018,4,6,96,14,0,0.866025,-0.5,0.0,0,0.0,0.0,0.0,0.0,0.0,0.0,0.0,1.01,0,0,0,0,0,0,0.0,0.0,0.0,0.0,0.0,1,0,0.0,0.0,0
1193,2018-04-07,2018,4,7,97,14,0,0.866025,-0.5,0.0,0,0.0,0.0,0.0,0.0,0.0,0.0,0.0,1.01,0,0,0,0,0,0,0.0,0.0,0.0,0.0,0.16,1,0,0.0,0.0,0
1194,2018-04-08,2018,4,8,98,14,0,0.866025,-0.5,0.0,0,0.0,0.0,0.0,0.0,0.0,0.0,0.0,1.01,0,0,0,0,0,0,0.0,0.0,0.0,0.0,0.09,1,0,0.0,0.0,0
1195,2018-04-09,2018,4,9,99,15,0,0.866025,-0.5,2.8,2,0.0,0.0,0.0,2.8,2.8,2.8,0.4,1.11,0,0,1,0,0,0,0.0,0.0,0.0,0.0,0.0,1,0,0.0,0.0,0
1196,2018-04-10,2018,4,10,100,15,0,0.866025,-0.5,16.7,3,2.8,0.0,0.0,19.5,19.5,19.5,2.79,1.66,0,0,2,0,0,0,0.0,0.0,0.0,0.0,0.22,1,0,0.0,0.0,0
1197,2018-04-11,2018,4,11,101,15,0,0.866025,-0.5,0.0,0,16.7,2.8,0.0,19.5,19.5,19.5,2.79,1.66,0,0,0,0,0,0,0.0,0.0,0.0,0.0,0.2,1,0,0.0,0.0,0
1198,2018-04-12,2018,4,12,102,15,0,0.866025,-0.5,0.0,0,0.0,16.7,2.8,16.7,19.5,19.5,2.79,1.23,0,0,0,0,0,0,0.0,0.0,0.0,0.0,0.21,1,0,0.0,0.0,0
1199,2018-04-13,2018,4,13,103,15,0,0.866025,-0.5,0.0,0,0.0,0.0,16.7,0.0,19.5,19.5,2.79,1.23,0,0,0,0,0,0,0.0,0.0,0.0,0.0,0.21,1,0,0.0,0.0,0
1200,2018-04-14,2018,4,14,104,15,0,0.866025,-0.5,0.0,0,0.0,0.0,0.0,0.0,16.7,19.5,2.79,1.18,0,0,0,0,0,0,0.0,0.0,0.0,0.0,0.36,1,0,0.0,0.0,0
1201,2018-04-15,2018,4,15,105,15,0,0.866025,-0.5,23.7,3,0.0,0.0,0.0,23.7,23.7,43.2,6.17,1.97,0,0,1,0,0,0,0.0,0.0,0.0,0.0,0.39,1,0,0.0,0.0,0
1202,2018-04-16,2018,4,16,106,16,0,0.866025,-0.5,0.0,0,23.7,0.0,0.0,23.7,23.7,40.4,5.77,1.97,0,0,0,0,0,0,0.0,0.0,0.0,0.0,0.21,1,0,0.0,0.0,0
1203,2018-04-17,2018,4,17,107,16,0,0.866025,-0.5,0.0,0,0.0,23.7,0.0,23.7,23.7,23.7,3.39,1.97,0,0,0,0,0,0,0.0,0.0,0.0,0.0,0.0,1,0,0.0,0.0,0
1204,2018-04-18,2018,4,18,108,16,0,0.866025,-0.5,0.0,0,0.0,0.0,23.7,0.0,23.7,23.7,3.39,1.49,0,0,0,0,0,0,0.0,0.0,0.0,0.0,0.0,1,0,0.0,0.0,0
1205,2018-04-19,2018,4,19,109,16,0,0.866025,-0.5,0.0,0,0.0,0.0,0.0,0.0,23.7,23.7,3.39,1.49,0,0,0,0,0,0,0.0,0.0,0.0,0.0,0.14,1,0,0.0,0.0,0
1206,2018-04-20,2018,4,20,110,16,0,0.866025,-0.5,0.0,0,0.0,0.0,0.0,0.0,0.0,23.7,3.39,1.49,0,0,0,0,0,0,0.0,0.0,0.0,0.0,0.06,1,0,0.0,0.0,0
1207,2018-04-21,2018,4,21,111,16,0,0.866025,-0.5,0.0,0,0.0,0.0,0.0,0.0,0.0,23.7,3.39,1.49,0,0,0,0,0,0,0.0,0.0,0.0,0.0,0.0,1,0,0.0,0.0,0
1208,2018-04-22,2018,4,22,112,16,0,0.866025,-0.5,0.0,0,0.0,0.0,0.0,0.0,0.0,0.0,0.0,1.49,0,0,0,0,0,0,0.0,0.0,0.0,0.0,0.13,1,0,0.0,0.0,0
1209,2018-04-23,2018,4,23,113,17,0,0.866025,-0.5,0.0,0,0.0,0.0,0.0,0.0,0.0,0.0,0.0,1.49,0,0,0,0,0,0,0.0,0.0,0.0,0.0,0.16,1,0,0.0,0.0,0
1210,2018-04-24,2018,4,24,114,17,0,0.866025,-0.5,0.0,0,0.0,0.0,0.0,0.0,0.0,0.0,0.0,1.44,0,0,0,0,0,0,0.0,0.0,0.0,0.0,0.08,1,0,0.0,0.0,0
1211,2018-04-25,2018,4,25,115,17,0,0.866025,-0.5,0.0,0,0.0,0.0,0.0,0.0,0.0,0.0,0.0,1.44,0,0,0,0,0,0,0.0,0.0,0.0,0.0,0.1,1,0,0.0,0.0,0
1212,2018-04-26,2018,4,26,116,17,0,0.866025,-0.5,19.3,3,0.0,0.0,0.0,19.3,19.3,19.3,2.76,2.08,0,0,1,0,0,0,0.0,0.0,0.0,0.0,0.15,1,0,0.0,0.0,0
1213,2018-04-27,2018,4,27,117,17,0,0.866025,-0.5,0.0,0,19.3,0.0,0.0,19.3,19.3,19.3,2.76,2.08,0,0,0,0,0,0,0.0,0.0,0.0,0.0,0.16,1,0,0.0,0.0,0
1214,2018-04-28,2018,4,28,118,17,0,0.866025,-0.5,0.0,0,0.0,19.3,0.0,19.3,19.3,19.3,2.76,2.08,0,0,0,0,0,0,0.0,0.0,0.0,0.0,0.14,1,0,0.0,0.0,0
1215,2018-04-29,2018,4,29,119,17,0,0.866025,-0.5,0.0,0,0.0,0.0,19.3,0.0,19.3,19.3,2.76,2.08,0,0,0,0,0,0,0.0,0.0,0.0,0.0,0.14,1,0,0.0,0.0,0
1216,2018-04-30,2018,4,30,120,18,0,0.866025,-0.5,0.0,0,0.0,0.0,0.0,0.0,19.3,19.3,2.76,2.08,0,0,0,0,0,0,0.0,0.0,0.0,0.0,0.0,1,0,0.0,0.0,0
1217,2018-05-01,2018,5,1,121,18,0,0.5,-0.866025,0.0,0,0.0,0.0,0.0,0.0,0.0,19.3,2.76,2.08,0,0,0,0,0,0,0.0,0.0,0.0,0.0,0.08,1,0,0.0,0.0,0
1218,2018-05-02,2018,5,2,122,18,0,0.5,-0.866025,20.6,3,0.0,0.0,0.0,20.6,20.6,39.9,5.7,2.77,0,0,1,0,0,0,0.0,0.0,0.0,0.0,0.18,1,0,0.0,0.0,0
1219,2018-05-03,2018,5,3,123,18,0,0.5,-0.866025,15.5,3,20.6,0.0,0.0,36.1,36.1,36.1,5.16,3.29,0,0,2,0,0,0,0.0,0.0,0.0,0.0,0.25,1,0,0.0,0.0,0
1220,2018-05-04,2018,5,4,124,18,0,0.5,-0.866025,7.3,2,15.5,20.6,0.0,43.4,43.4,43.4,6.2,3.53,0,0,3,0,0,0,0.0,0.0,0.0,0.0,0.28,1,1,0.3,10.3,1
1221,2018-05-05,2018,5,5,125,18,0,0.5,-0.866025,0.0,0,7.3,15.5,20.6,22.8,43.4,43.4,6.2,3.53,0,0,0,0,0,0,0.0,0.0,0.0,0.0,0.23,1,0,0.0,0.0,0
1222,2018-05-06,2018,5,6,126,18,0,0.5,-0.866025,0.0,0,0.0,7.3,15.5,7.3,43.4,43.4,6.2,3.53,0,0,0,0,0,0,0.0,0.0,0.0,0.0,0.16,1,0,0.0,0.0,0
1223,2018-05-07,2018,5,7,127,19,0,0.5,-0.866025,7.3,2,0.0,0.0,7.3,7.3,30.1,50.7,7.24,3.77,0,0,1,0,0,0,0.0,0.0,0.0,0.0,0.0,1,0,0.0,0.0,0
1224,2018-05-08,2018,5,8,128,19,0,0.5,-0.866025,33.1,3,7.3,0.0,0.0,40.4,47.7,83.8,11.97,4.88,0,0,2,0,0,0,0.0,0.0,0.0,0.0,0.12,1,0,0.0,0.0,0
1225,2018-05-09,2018,5,9,129,19,0,0.5,-0.866025,0.0,0,33.1,7.3,0.0,40.4,40.4,63.2,9.03,4.78,0,0,0,0,0,0,0.0,0.0,0.0,0.0,0.0,1,0,0.0,0.0,0
1226,2018-05-10,2018,5,10,130,19,0,0.5,-0.866025,0.0,0,0.0,33.1,7.3,33.1,40.4,47.7,6.81,4.23,0,0,0,0,0,0,0.0,0.0,0.0,0.0,0.03,1,0,0.0,0.0,0
1227,2018-05-11,2018,5,11,131,19,0,0.5,-0.866025,43.0,3,0.0,0.0,33.1,43.0,83.4,83.4,11.91,5.66,0,0,1,0,0,0,0.0,0.0,0.0,0.0,0.24,1,0,0.0,0.0,0
1228,2018-05-12,2018,5,12,132,19,0,0.5,-0.866025,2.2,1,43.0,0.0,0.0,45.2,78.3,85.6,12.23,5.73,0,0,2,0,0,0,0.0,0.0,0.0,0.0,0.26,1,0,0.0,0.0,0
1229,2018-05-13,2018,5,13,133,19,0,0.5,-0.866025,0.0,0,2.2,43.0,0.0,45.2,45.2,85.6,12.23,5.73,0,0,0,0,0,0,0.0,0.0,0.0,0.0,0.19,1,0,0.0,0.0,0
1230,2018-05-14,2018,5,14,134,20,0,0.5,-0.866025,0.0,0,0.0,2.2,43.0,2.2,45.2,78.3,11.19,5.73,0,0,0,0,0,0,0.0,0.0,0.0,0.0,0.23,1,0,0.0,0.0,0
1231,2018-05-15,2018,5,15,135,20,0,0.5,-0.866025,0.0,0,0.0,0.0,2.2,0.0,45.2,45.2,6.46,4.94,0,0,0,0,0,0,0.0,0.0,0.0,0.0,0.31,1,0,0.0,0.0,0
1232,2018-05-16,2018,5,16,136,20,0,0.5,-0.866025,31.7,3,0.0,0.0,0.0,31.7,33.9,76.9,10.99,6.0,0,0,1,0,0,0,0.0,0.0,0.0,0.0,0.33,1,0,0.0,0.0,0
1233,2018-05-17,2018,5,17,137,20,0,0.5,-0.866025,0.0,0,31.7,0.0,0.0,31.7,31.7,76.9,10.99,6.0,0,0,0,0,0,0,0.0,0.0,0.0,0.0,0.25,1,0,0.0,0.0,0
1234,2018-05-18,2018,5,18,138,20,0,0.5,-0.866025,0.0,0,0.0,31.7,0.0,31.7,31.7,33.9,4.84,6.0,0,0,0,0,0,0,0.0,0.0,0.0,0.0,0.32,1,0,0.0,0.0,0
1235,2018-05-19,2018,5,19,139,20,0,0.5,-0.866025,18.1,3,0.0,0.0,31.7,18.1,49.8,49.8,7.11,6.6,0,0,1,0,0,0,0.0,0.0,0.0,0.0,0.33,1,0,0.0,0.0,0
1236,2018-05-20,2018,5,20,140,20,0,0.5,-0.866025,0.0,0,18.1,0.0,0.0,18.1,49.8,49.8,7.11,6.6,0,0,0,0,0,0,0.0,0.0,0.0,0.0,0.48,1,0,0.0,0.0,0
1237,2018-05-21,2018,5,21,141,21,0,0.5,-0.866025,0.0,0,0.0,18.1,0.0,18.1,18.1,49.8,7.11,6.6,0,0,0,0,0,0,0.0,0.0,0.0,0.0,0.36,1,0,0.0,0.0,0
1238,2018-05-22,2018,5,22,142,21,0,0.5,-0.866025,30.6,3,0.0,0.0,18.1,30.6,48.7,80.4,11.49,7.62,0,0,1,0,0,0,0.0,0.0,0.0,0.0,0.43,1,0,0.0,0.0,0
1239,2018-05-23,2018,5,23,143,21,0,0.5,-0.866025,0.0,0,30.6,0.0,0.0,30.6,48.7,48.7,6.96,7.62,0,0,0,0,0,0,0.0,0.0,0.0,0.0,0.26,1,0,0.0,0.0,0
1240,2018-05-24,2018,5,24,144,21,0,0.5,-0.866025,5.6,2,0.0,30.6,0.0,36.2,36.2,54.3,7.76,7.81,0,0,1,0,0,0,0.0,0.0,0.0,0.0,0.26,1,0,0.0,0.0,0
1241,2018-05-25,2018,5,25,145,21,0,0.5,-0.866025,0.0,0,5.6,0.0,30.6,5.6,36.2,54.3,7.76,7.81,0,0,0,0,0,0,0.0,0.0,0.0,0.0,0.16,1,0,0.0,0.0,0
1242,2018-05-26,2018,5,26,146,21,0,0.5,-0.866025,0.0,0,0.0,5.6,0.0,5.6,36.2,36.2,5.17,7.17,0,0,0,0,0,0,0.0,0.0,0.0,0.0,0.0,1,0,0.0,0.0,0
1243,2018-05-27,2018,5,27,147,21,0,0.5,-0.866025,0.0,0,0.0,0.0,5.6,0.0,5.6,36.2,5.17,7.17,0,0,0,0,0,0,0.0,0.0,0.0,0.0,0.0,1,0,0.0,0.0,0
1244,2018-05-28,2018,5,28,148,22,0,0.5,-0.866025,0.0,0,0.0,0.0,0.0,0.0,5.6,36.2,5.17,7.17,0,0,0,0,0,0,0.0,0.0,0.0,0.0,0.03,1,0,0.0,0.0,0
1245,2018-05-29,2018,5,29,149,22,0,0.5,-0.866025,46.1,3,0.0,0.0,0.0,46.1,46.1,51.7,7.39,8.7,0,0,1,0,0,0,0.0,0.0,0.0,0.0,0.11,1,0,0.0,0.0,0
1246,2018-05-30,2018,5,30,150,22,0,0.5,-0.866025,0.0,0,46.1,0.0,0.0,46.1,46.1,51.7,7.39,8.7,0,0,0,0,0,0,0.0,0.0,0.0,0.0,0.08,1,0,0.0,0.0,0
1247,2018-05-31,2018,5,31,151,22,0,0.5,-0.866025,0.0,0,0.0,46.1,0.0,46.1,46.1,46.1,6.59,8.7,0,0,0,0,0,0,0.0,0.0,0.0,0.0,0.05,1,0,0.0,0.0,0
1248,2018-06-01,2018,6,1,152,22,1,0.0,-1.0,0.0,0,0.0,0.0,46.1,0.0,46.1,46.1,6.59,8.02,0,0,0,0,0,0,0.0,0.0,0.0,0.0,0.0,1,0,0.0,0.0,0
1249,2018-06-02,2018,6,2,153,22,1,0.0,-1.0,0.0,0,0.0,0.0,0.0,0.0,46.1,46.1,6.59,7.5,0,0,0,0,0,0,0.0,0.0,0.0,0.0,0.16,1,0,0.0,0.0,0
1250,2018-06-03,2018,6,3,154,22,1,0.0,-1.0,0.0,0,0.0,0.0,0.0,0.0,0.0,46.1,6.59,7.26,0,0,0,0,0,0,0.0,0.0,0.0,0.0,0.1,1,0,0.0,0.0,0
1251,2018-06-04,2018,6,4,155,23,1,0.0,-1.0,42.1,3,0.0,0.0,0.0,42.1,42.1,88.2,12.6,8.66,0,0,1,0,0,0,0.0,0.0,0.0,0.0,0.17,1,0,0.0,0.0,0
1252,2018-06-05,2018,6,5,156,23,1,0.0,-1.0,0.0,0,42.1,0.0,0.0,42.1,42.1,42.1,6.01,8.66,0,0,0,0,0,0,0.0,0.0,0.0,0.0,0.05,1,0,0.0,0.0,0
1253,2018-06-06,2018,6,6,157,23,1,0.0,-1.0,74.1,4,0.0,42.1,0.0,116.2,116.2,116.2,16.6,10.89,1,0,1,0,0,0,0.0,0.0,0.0,0.0,0.36,1,1,0.41,17.5,2
1254,2018-06-07,2018,6,7,158,23,1,0.0,-1.0,0.0,0,74.1,0.0,42.1,74.1,116.2,116.2,16.6,9.78,0,0,0,0,0,0,0.0,0.0,0.0,0.0,0.25,1,0,0.0,0.0,0
1255,2018-06-08,2018,6,8,159,23,1,0.0,-1.0,0.0,0,0.0,74.1,0.0,74.1,116.2,116.2,16.6,9.78,0,0,0,0,0,0,0.0,0.0,0.0,0.0,0.31,1,0,0.0,0.0,0
1256,2018-06-09,2018,6,9,160,23,1,0.0,-1.0,0.0,0,0.0,0.0,74.1,0.0,74.1,116.2,16.6,9.78,0,0,0,0,0,0,0.0,0.0,0.0,0.0,0.3,1,0,0.0,0.0,0
1257,2018-06-10,2018,6,10,161,23,1,0.0,-1.0,0.0,0,0.0,0.0,0.0,0.0,74.1,116.2,16.6,8.35,0,0,0,0,0,0,0.0,0.0,0.0,0.0,0.19,1,0,0.0,0.0,0
1258,2018-06-11,2018,6,11,162,24,1,0.0,-1.0,30.2,3,0.0,0.0,0.0,30.2,30.2,104.3,14.9,9.28,0,0,1,0,0,0,0.0,0.0,0.0,0.0,0.3,1,0,0.0,0.0,0
1259,2018-06-12,2018,6,12,163,24,1,0.0,-1.0,17.4,3,30.2,0.0,0.0,47.6,47.6,121.7,17.39,9.86,0,0,2,0,0,0,0.0,0.0,0.0,0.0,0.34,1,0,0.0,0.0,0
1260,2018-06-13,2018,6,13,164,24,1,0.0,-1.0,21.8,3,17.4,30.2,0.0,69.4,69.4,69.4,9.91,10.59,0,0,3,0,0,0,0.0,0.0,0.0,0.0,0.27,1,1,0.29,3.1,1
1261,2018-06-14,2018,6,14,165,24,1,0.0,-1.0,0.0,0,21.8,17.4,30.2,39.2,69.4,69.4,9.91,10.59,0,0,0,0,0,0,0.0,0.0,0.0,0.0,0.24,1,0,0.0,0.0,0
1262,2018-06-15,2018,6,15,166,24,1,0.0,-1.0,37.9,3,0.0,21.8,17.4,59.7,107.3,107.3,15.33,10.8,0,0,1,0,0,0,0.0,0.0,0.0,0.0,0.35,1,0,0.0,0.0,0
1263,2018-06-16,2018,6,16,167,24,1,0.0,-1.0,0.0,0,37.9,0.0,21.8,37.9,77.1,107.3,15.33,10.8,0,0,0,0,0,0,0.0,0.0,0.0,0.0,0.29,1,0,0.0,0.0,0
1264,2018-06-17,2018,6,17,168,24,1,0.0,-1.0,0.0,0,0.0,37.9,0.0,37.9,59.7,107.3,15.33,10.8,0,0,0,0,0,0,0.0,0.0,0.0,0.0,0.29,1,0,0.0,0.0,0
1265,2018-06-18,2018,6,18,169,25,1,0.0,-1.0,17.5,3,0.0,0.0,37.9,17.5,55.4,94.6,13.51,10.78,0,0,1,0,0,0,0.0,0.0,0.0,0.0,0.28,1,0,0.0,0.0,0
1266,2018-06-19,2018,6,19,170,25,1,0.0,-1.0,22.9,3,17.5,0.0,0.0,40.4,78.3,100.1,14.3,11.54,0,0,2,0,0,0,0.0,0.0,0.0,0.0,0.44,1,0,0.0,0.0,0
1267,2018-06-20,2018,6,20,171,25,1,0.0,-1.0,58.0,4,22.9,17.5,0.0,98.4,98.4,136.3,19.47,13.47,1,0,3,0,0,0,0.0,0.0,0.0,0.0,0.78,1,0,0.0,0.0,0
1268,2018-06-21,2018,6,21,172,25,1,0.0,-1.0,6.0,2,58.0,22.9,17.5,86.9,104.4,142.3,20.33,12.65,0,0,4,0,0,0,0.0,0.0,0.0,0.0,0.61,1,0,0.0,0.0,0
1269,2018-06-22,2018,6,22,173,25,1,0.0,-1.0,0.0,0,6.0,58.0,22.9,64.0,104.4,104.4,14.91,12.65,0,0,0,0,0,0,0.0,0.0,0.0,0.0,0.31,1,0,0.0,0.0,0
1270,2018-06-23,2018,6,23,174,25,1,0.0,-1.0,0.0,0,0.0,6.0,58.0,6.0,86.9,104.4,14.91,12.47,0,0,0,0,0,0,0.0,0.0,0.0,0.0,0.29,1,0,0.0,0.0,0
1271,2018-06-24,2018,6,24,175,25,1,0.0,-1.0,23.4,3,0.0,0.0,6.0,23.4,87.4,127.8,18.26,13.25,0,0,1,0,0,0,0.0,0.0,0.0,0.0,0.35,1,0,0.0,0.0,0
1272,2018-06-25,2018,6,25,176,26,1,0.0,-1.0,6.0,2,23.4,0.0,0.0,29.4,35.4,116.3,16.61,13.45,0,0,2,0,0,0,0.0,0.0,0.0,0.0,0.32,1,0,0.0,0.0,0
1273,2018-06-26,2018,6,26,177,26,1,0.0,-1.0,0.0,0,6.0,23.4,0.0,29.4,29.4,93.4,13.34,13.45,0,0,0,0,0,0,0.0,0.0,0.0,0.0,0.14,1,0,0.0,0.0,0
1274,2018-06-27,2018,6,27,178,26,1,0.0,-1.0,0.0,0,0.0,6.0,23.4,6.0,29.4,35.4,5.06,13.45,0,0,0,0,0,0,0.0,0.0,0.0,0.0,0.15,1,0,0.0,0.0,0
1275,2018-06-28,2018,6,28,179,26,1,0.0,-1.0,35.6,3,0.0,0.0,6.0,35.6,65.0,65.0,9.29,13.1,0,0,1,0,0,0,0.0,0.0,0.0,0.0,0.32,1,0,0.0,0.0,0
1276,2018-06-29,2018,6,29,180,26,1,0.0,-1.0,0.0,0,35.6,0.0,0.0,35.6,41.6,65.0,9.29,13.1,0,0,0,0,0,0,0.0,0.0,0.0,0.0,0.18,1,0,0.0,0.0,0
1277,2018-06-30,2018,6,30,181,26,1,0.0,-1.0,46.2,3,0.0,35.6,0.0,81.8,81.8,111.2,15.89,14.64,0,0,1,0,0,0,0.0,0.0,0.0,0.0,0.47,1,0,0.0,0.0,0
1278,2018-07-01,2018,7,1,182,26,1,-0.5,-0.866025,27.6,3,46.2,0.0,35.6,73.8,109.4,115.4,16.49,15.56,0,0,2,0,0,0,0.0,0.0,0.0,0.0,0.39,1,0,0.0,0.0,0
1279,2018-07-02,2018,7,2,183,27,1,-0.5,-0.866025,0.0,0,27.6,46.2,0.0,73.8,109.4,109.4,15.63,15.56,0,0,0,0,0,0,0.0,0.0,0.0,0.0,0.39,1,0,0.0,0.0,0
1280,2018-07-03,2018,7,3,184,27,1,-0.5,-0.866025,75.1,4,0.0,27.6,46.2,102.7,148.9,184.5,26.36,18.06,1,0,1,0,0,0,0.0,0.0,0.0,0.0,0.55,1,1,0.21,10.0,1
1281,2018-07-04,2018,7,4,185,27,1,-0.5,-0.866025,0.0,0,75.1,0.0,27.6,75.1,148.9,184.5,26.36,16.66,0,0,0,0,0,0,0.0,0.0,0.0,0.0,0.31,1,0,0.0,0.0,0
1282,2018-07-05,2018,7,5,186,27,1,-0.5,-0.866025,45.9,3,0.0,75.1,0.0,121.0,148.6,194.8,27.83,18.19,0,0,1,0,0,0,0.0,0.0,0.0,0.0,0.4,1,0,0.0,0.0,0
1283,2018-07-06,2018,7,6,187,27,1,-0.5,-0.866025,0.0,0,45.9,0.0,75.1,45.9,121.0,194.8,27.83,15.72,0,0,0,0,0,0,0.0,0.0,0.0,0.0,0.32,1,0,0.0,0.0,0
1284,2018-07-07,2018,7,7,188,27,1,-0.5,-0.866025,0.0,0,0.0,45.9,0.0,45.9,121.0,148.6,21.23,15.72,0,0,0,0,0,0,0.0,0.0,0.0,0.0,0.5,1,0,0.0,0.0,0
1285,2018-07-08,2018,7,8,189,27,1,-0.5,-0.866025,132.8,4,0.0,0.0,45.9,132.8,178.7,253.8,36.26,20.14,1,1,1,0,0,0,0.0,0.0,0.0,0.0,0.94,1,1,0.47,11.0,2
1286,2018-07-09,2018,7,9,190,28,1,-0.5,-0.866025,132.8,4,132.8,0.0,0.0,265.6,311.5,386.6,55.23,24.57,1,1,2,0,0,0,0.0,0.0,0.0,0.0,1.0,1,1,1.29,37.7,3
1287,2018-07-10,2018,7,10,191,28,1,-0.5,-0.866025,97.6,4,132.8,132.8,0.0,363.2,363.2,409.1,58.44,27.82,1,0,3,0,0,0,0.0,0.0,0.0,0.0,1.0,1,1,1.28,32.0,3
1288,2018-07-11,2018,7,11,192,28,1,-0.5,-0.866025,32.8,3,97.6,132.8,132.8,263.2,396.0,441.9,63.13,27.91,0,0,4,0,0,0,0.0,0.0,0.0,0.0,0.92,1,1,1.4,42.5,3
1289,2018-07-12,2018,7,12,193,28,1,-0.5,-0.866025,0.0,0,32.8,97.6,132.8,130.4,396.0,396.0,56.57,27.33,0,0,0,0,0,0,0.0,0.0,0.0,0.0,0.68,1,0,0.0,0.0,0
1290,2018-07-13,2018,7,13,194,28,1,-0.5,-0.866025,50.4,4,0.0,32.8,97.6,83.2,313.6,446.4,63.77,28.28,1,0,1,0,0,0,0.0,0.0,0.0,0.0,0.88,1,1,0.76,10.2,2
1291,2018-07-14,2018,7,14,195,28,1,-0.5,-0.866025,0.0,0,50.4,0.0,32.8,50.4,180.8,446.4,63.77,28.28,0,0,0,0,0,0,0.0,0.0,0.0,0.0,0.61,1,0,0.0,0.0,0
1292,2018-07-15,2018,7,15,196,28,1,-0.5,-0.866025,0.0,0,0.0,50.4,0.0,50.4,83.2,313.6,44.8,27.02,0,0,0,0,0,0,0.0,0.0,0.0,0.0,0.5,1,1,0.61,15.3,2
1293,2018-07-16,2018,7,16,197,29,1,-0.5,-0.866025,46.2,3,0.0,0.0,50.4,46.2,96.6,227.0,32.43,28.56,0,0,1,0,0,0,0.0,0.0,0.0,0.0,0.5,1,1,0.32,7.6,1
1294,2018-07-17,2018,7,17,198,29,1,-0.5,-0.866025,0.0,0,46.2,0.0,0.0,46.2,96.6,129.4,18.49,28.56,0,0,0,0,0,0,0.0,0.0,0.0,0.0,0.47,1,0,0.0,0.0,0
1295,2018-07-18,2018,7,18,199,29,1,-0.5,-0.866025,0.0,0,0.0,46.2,0.0,46.2,46.2,96.6,13.8,27.98,0,0,0,0,0,0,0.0,0.0,0.0,0.0,0.56,1,0,0.0,0.0,0
1296,2018-07-19,2018,7,19,200,29,1,-0.5,-0.866025,0.0,0,0.0,0.0,46.2,0.0,46.2,96.6,13.8,27.21,0,0,0,0,0,0,0.0,0.0,0.0,0.0,0.43,1,0,0.0,0.0,0
1297,2018-07-20,2018,7,20,201,29,1,-0.5,-0.866025,52.8,4,0.0,0.0,0.0,52.8,99.0,99.0,14.14,27.04,1,0,1,0,0,0,0.0,0.0,0.0,0.0,0.43,1,0,0.0,0.0,0
1298,2018-07-21,2018,7,21,202,29,1,-0.5,-0.866025,0.0,0,52.8,0.0,0.0,52.8,52.8,99.0,14.14,26.84,0,0,0,0,0,0,0.0,0.0,0.0,0.0,0.45,1,0,0.0,0.0,0
1299,2018-07-22,2018,7,22,203,29,1,-0.5,-0.866025,0.0,0,0.0,52.8,0.0,52.8,52.8,99.0,14.14,26.84,0,0,0,0,0,0,0.0,0.0,0.0,0.0,0.22,1,0,0.0,0.0,0
1300,2018-07-23,2018,7,23,204,30,1,-0.5,-0.866025,0.0,0,0.0,0.0,52.8,0.0,52.8,52.8,7.54,26.84,0,0,0,0,0,0,0.0,0.0,0.0,0.0,0.21,1,0,0.0,0.0,0
1301,2018-07-24,2018,7,24,205,30,1,-0.5,-0.866025,111.4,4,0.0,0.0,0.0,111.4,164.2,164.2,23.46,29.77,1,1,1,1,3,Diding,4.0,195.0,0.0,0.0,0.49,1,1,0.73,23.0,3
1302,2018-07-25,2018,7,25,206,30,1,-0.5,-0.866025,69.6,4,111.4,0.0,0.0,181.0,181.0,233.8,33.4,31.89,1,0,2,1,3,Diding,4.0,195.0,0.0,1.0,0.67,1,0,0.0,0.0,0
1303,2018-07-26,2018,7,26,207,30,1,-0.5,-0.866025,0.0,0,69.6,111.4,0.0,181.0,181.0,233.8,33.4,31.89,0,0,0,1,3,Diding,4.0,195.0,0.0,2.0,0.58,1,0,0.0,0.0,0
1304,2018-07-27,2018,7,27,208,30,1,-0.5,-0.866025,88.8,4,0.0,69.6,111.4,158.4,269.8,269.8,38.54,34.85,1,0,1,0,0,0,0.0,0.0,0.0,0.0,0.68,1,1,0.53,10.4,2
1305,2018-07-28,2018,7,28,209,30,1,-0.5,-0.866025,0.0,0,88.8,0.0,69.6,88.8,269.8,269.8,38.54,33.67,0,0,0,0,0,0,0.0,0.0,0.0,0.0,0.72,1,0,0.0,0.0,0
1306,2018-07-29,2018,7,29,210,30,1,-0.5,-0.866025,38.5,3,0.0,88.8,0.0,127.3,196.9,308.3,44.04,34.95,0,0,1,0,0,0,0.0,0.0,0.0,0.0,0.83,1,0,0.0,0.0,0
1307,2018-07-30,2018,7,30,211,31,1,-0.5,-0.866025,9.2,3,38.5,0.0,88.8,47.7,136.5,317.5,45.36,33.72,0,0,2,0,0,0,0.0,0.0,0.0,0.0,0.62,1,0,0.0,0.0,0
1308,2018-07-31,2018,7,31,212,31,1,-0.5,-0.866025,0.0,0,9.2,38.5,0.0,47.7,136.5,206.1,29.44,32.8,0,0,0,0,0,0,0.0,0.0,0.0,0.0,0.4,1,0,0.0,0.0,0
1309,2018-08-01,2018,8,1,213,31,1,-0.866025,-0.5,0.0,0,0.0,9.2,38.5,9.2,47.7,136.5,19.5,32.8,0,0,0,0,0,0,0.0,0.0,0.0,0.0,0.29,1,0,0.0,0.0,0
1310,2018-08-02,2018,8,2,214,31,1,-0.866025,-0.5,0.0,0,0.0,0.0,9.2,0.0,47.7,136.5,19.5,30.29,0,0,0,0,0,0,0.0,0.0,0.0,0.0,0.12,1,0,0.0,0.0,0
1311,2018-08-03,2018,8,3,215,31,1,-0.866025,-0.5,19.1,3,0.0,0.0,0.0,19.1,28.3,66.8,9.54,30.93,0,0,1,0,0,0,0.0,0.0,0.0,0.0,0.06,1,0,0.0,0.0,0
1312,2018-08-04,2018,8,4,216,31,1,-0.866025,-0.5,33.2,3,19.1,0.0,0.0,52.3,52.3,100.0,14.29,30.51,0,0,2,0,0,0,0.0,0.0,0.0,0.0,0.26,1,0,0.0,0.0,0
1313,2018-08-05,2018,8,5,217,31,1,-0.866025,-0.5,22.9,3,33.2,19.1,0.0,75.2,75.2,84.4,12.06,31.27,0,0,3,0,0,0,0.0,0.0,0.0,0.0,0.29,1,0,0.0,0.0,0
1314,2018-08-06,2018,8,6,218,32,1,-0.866025,-0.5,0.0,0,22.9,33.2,19.1,56.1,75.2,75.2,10.74,31.27,0,0,0,0,0,0,0.0,0.0,0.0,0.0,0.31,1,0,0.0,0.0,0
1315,2018-08-07,2018,8,7,219,32,1,-0.866025,-0.5,0.0,0,0.0,22.9,33.2,22.9,75.2,75.2,10.74,26.84,0,0,0,0,0,0,0.0,0.0,0.0,0.0,0.44,1,0,0.0,0.0,0
1316,2018-08-08,2018,8,8,220,32,1,-0.866025,-0.5,0.0,0,0.0,0.0,22.9,0.0,56.1,75.2,10.74,22.42,0,0,0,0,0,0,0.0,0.0,0.0,0.0,0.35,1,0,0.0,0.0,0
1317,2018-08-09,2018,8,9,221,32,1,-0.866025,-0.5,0.0,0,0.0,0.0,0.0,0.0,22.9,75.2,10.74,19.16,0,0,0,0,0,0,0.0,0.0,0.0,0.0,0.23,1,0,0.0,0.0,0
1318,2018-08-10,2018,8,10,222,32,1,-0.866025,-0.5,102.9,4,0.0,0.0,0.0,102.9,102.9,159.0,22.71,21.5,1,1,1,0,0,0,0.0,0.0,0.0,0.0,0.53,1,0,0.0,0.0,0
1319,2018-08-11,2018,8,11,223,32,1,-0.866025,-0.5,0.0,0,102.9,0.0,0.0,102.9,102.9,125.8,17.97,21.5,0,0,0,0,0,0,0.0,0.0,0.0,0.0,0.52,1,0,0.0,0.0,0
1320,2018-08-12,2018,8,12,224,32,1,-0.866025,-0.5,0.0,0,0.0,102.9,0.0,102.9,102.9,102.9,14.7,19.82,0,0,0,0,0,0,0.0,0.0,0.0,0.0,0.44,1,0,0.0,0.0,0
1321,2018-08-13,2018,8,13,225,33,1,-0.866025,-0.5,65.6,4,0.0,0.0,102.9,65.6,168.5,168.5,24.07,22.01,1,0,1,0,0,0,0.0,0.0,0.0,0.0,0.41,1,0,0.0,0.0,0
1322,2018-08-14,2018,8,14,226,33,1,-0.866025,-0.5,72.1,4,65.6,0.0,0.0,137.7,240.6,240.6,34.37,24.41,1,0,2,0,0,0,0.0,0.0,0.0,0.0,0.51,1,0,0.0,0.0,0
1323,2018-08-15,2018,8,15,227,33,1,-0.866025,-0.5,0.0,0,72.1,65.6,0.0,137.7,137.7,240.6,34.37,22.87,0,0,0,0,0,0,0.0,0.0,0.0,0.0,0.28,1,0,0.0,0.0,0
1324,2018-08-16,2018,8,16,228,33,1,-0.866025,-0.5,103.1,4,0.0,72.1,65.6,175.2,240.8,343.7,49.1,26.31,1,1,1,0,0,0,0.0,0.0,0.0,0.0,0.48,1,1,0.9,20.2,3
1325,2018-08-17,2018,8,17,229,33,1,-0.866025,-0.5,33.2,3,103.1,0.0,72.1,136.3,274.0,274.0,39.14,27.41,0,0,2,0,0,0,0.0,0.0,0.0,0.0,0.36,1,1,0.44,8.0,1
1326,2018-08-18,2018,8,18,230,33,1,-0.866025,-0.5,0.0,0,33.2,103.1,0.0,136.3,208.4,274.0,39.14,27.41,0,0,0,0,0,0,0.0,0.0,0.0,0.0,0.34,1,0,0.0,0.0,0
1327,2018-08-19,2018,8,19,231,33,1,-0.866025,-0.5,81.6,4,0.0,33.2,103.1,114.8,217.9,355.6,50.8,28.37,1,0,1,0,0,0,0.0,0.0,0.0,0.0,0.62,1,1,0.99,14.7,3
1328,2018-08-20,2018,8,20,232,34,1,-0.866025,-0.5,28.1,3,81.6,0.0,33.2,109.7,246.0,318.1,45.44,29.31,0,0,2,0,0,0,0.0,0.0,0.0,0.0,0.58,1,0,0.0,0.0,0
1329,2018-08-21,2018,8,21,233,34,1,-0.866025,-0.5,38.2,3,28.1,81.6,0.0,147.9,181.1,284.2,40.6,30.58,0,0,3,0,0,0,0.0,0.0,0.0,0.0,0.5,1,1,0.36,14.1,2
1330,2018-08-22,2018,8,22,234,34,1,-0.866025,-0.5,0.0,0,38.2,28.1,81.6,66.3,147.9,284.2,40.6,30.58,0,0,0,0,0,0,0.0,0.0,0.0,0.0,0.41,1,0,0.0,0.0,0
1331,2018-08-23,2018,8,23,235,34,1,-0.866025,-0.5,94.5,4,0.0,38.2,28.1,132.7,242.4,275.6,39.37,30.02,1,0,1,0,0,0,0.0,0.0,0.0,0.0,0.65,1,0,0.0,0.0,0
1332,2018-08-24,2018,8,24,236,34,1,-0.866025,-0.5,0.0,0,94.5,0.0,38.2,94.5,160.8,242.4,34.63,27.7,0,0,0,0,0,0,0.0,0.0,0.0,0.0,0.44,1,0,0.0,0.0,0
1333,2018-08-25,2018,8,25,237,34,1,-0.866025,-0.5,0.0,0,0.0,94.5,0.0,94.5,132.7,242.4,34.63,27.7,0,0,0,0,0,0,0.0,0.0,0.0,0.0,0.28,1,0,0.0,0.0,0
1334,2018-08-26,2018,8,26,238,34,1,-0.866025,-0.5,0.0,0,0.0,0.0,94.5,0.0,94.5,160.8,22.97,24.74,0,0,0,0,0,0,0.0,0.0,0.0,0.0,0.21,1,0,0.0,0.0,0
1335,2018-08-27,2018,8,27,239,35,1,-0.866025,-0.5,0.0,0,0.0,0.0,0.0,0.0,94.5,132.7,18.96,24.74,0,0,0,0,0,0,0.0,0.0,0.0,0.0,0.15,1,0,0.0,0.0,0
1336,2018-08-28,2018,8,28,240,35,1,-0.866025,-0.5,0.0,0,0.0,0.0,0.0,0.0,0.0,94.5,13.5,23.46,0,0,0,0,0,0,0.0,0.0,0.0,0.0,0.07,1,0,0.0,0.0,0
1337,2018-08-29,2018,8,29,241,35,1,-0.866025,-0.5,23.3,3,0.0,0.0,0.0,23.3,23.3,117.8,16.83,23.93,0,0,1,0,0,0,0.0,0.0,0.0,0.0,0.13,1,0,0.0,0.0,0
1338,2018-08-30,2018,8,30,242,35,1,-0.866025,-0.5,69.3,4,23.3,0.0,0.0,92.6,92.6,92.6,13.23,26.24,1,0,2,0,0,0,0.0,0.0,0.0,0.0,0.35,1,0,0.0,0.0,0
1339,2018-08-31,2018,8,31,243,35,1,-0.866025,-0.5,15.4,3,69.3,23.3,0.0,108.0,108.0,108.0,15.43,26.75,0,0,3,0,0,0,0.0,0.0,0.0,0.0,0.39,1,0,0.0,0.0,0
1340,2018-09-01,2018,9,1,244,35,1,-1.0,-0.0,73.5,4,15.4,69.3,23.3,158.2,181.5,181.5,25.93,29.2,1,0,4,0,0,0,0.0,0.0,0.0,0.0,0.66,1,1,0.52,7.9,1
1341,2018-09-02,2018,9,2,245,35,1,-1.0,-0.0,73.5,4,73.5,15.4,69.3,162.4,255.0,255.0,36.43,31.01,1,0,5,0,0,0,0.0,0.0,0.0,0.0,0.74,1,0,0.0,0.0,0
1342,2018-09-03,2018,9,3,246,36,1,-1.0,-0.0,81.6,4,73.5,73.5,15.4,228.6,313.3,336.6,48.09,32.63,1,0,6,0,0,0,0.0,0.0,0.0,0.0,0.91,1,0,0.0,0.0,0
1343,2018-09-04,2018,9,4,247,36,1,-1.0,-0.0,0.0,0,81.6,73.5,73.5,155.1,244.0,336.6,48.09,31.86,0,0,0,0,0,0,0.0,0.0,0.0,0.0,0.79,1,0,0.0,0.0,0
1344,2018-09-05,2018,9,5,248,36,1,-1.0,-0.0,0.0,0,0.0,81.6,73.5,81.6,228.6,313.3,44.76,31.86,0,0,0,0,0,0,0.0,0.0,0.0,0.0,0.48,1,0,0.0,0.0,0
1345,2018-09-06,2018,9,6,249,36,1,-1.0,-0.0,81.6,4,0.0,0.0,81.6,81.6,236.7,325.6,46.51,34.58,1,0,1,0,0,0,0.0,0.0,0.0,0.0,0.66,1,1,0.48,9.0,2
1346,2018-09-07,2018,9,7,250,36,1,-1.0,-0.0,0.0,0,81.6,0.0,0.0,81.6,163.2,310.2,44.31,34.58,0,0,0,0,0,0,0.0,0.0,0.0,0.0,0.5,1,0,0.0,0.0,0
1347,2018-09-08,2018,9,8,251,36,1,-1.0,-0.0,0.0,0,0.0,81.6,0.0,81.6,81.6,236.7,33.81,34.58,0,0,0,0,0,0,0.0,0.0,0.0,0.0,0.43,1,0,0.0,0.0,0
1348,2018-09-09,2018,9,9,252,36,1,-1.0,-0.0,84.5,4,0.0,0.0,81.6,84.5,166.1,247.7,35.39,33.97,1,0,1,0,0,0,0.0,0.0,0.0,0.0,0.8,1,1,0.74,29.1,3
1349,2018-09-10,2018,9,10,253,37,1,-1.0,-0.0,0.0,0,84.5,0.0,0.0,84.5,166.1,166.1,23.73,33.97,0,0,0,0,0,0,0.0,0.0,0.0,0.0,0.62,1,0,0.0,0.0,0
1350,2018-09-11,2018,9,11,254,37,1,-1.0,-0.0,124.2,4,0.0,84.5,0.0,208.7,208.7,290.3,41.47,38.11,1,1,1,0,0,0,0.0,0.0,0.0,0.0,0.98,1,1,1.42,22.4,3
1351,2018-09-12,2018,9,12,255,37,1,-1.0,-0.0,164.8,4,124.2,0.0,84.5,289.0,373.5,455.1,65.01,41.42,1,1,2,0,0,0,0.0,0.0,0.0,0.0,1.0,1,1,1.28,27.0,3
1352,2018-09-13,2018,9,13,256,37,1,-1.0,-0.0,0.0,0,164.8,124.2,0.0,289.0,373.5,373.5,53.36,39.01,0,0,0,0,0,0,0.0,0.0,0.0,0.0,0.85,1,0,0.0,0.0,0
1353,2018-09-14,2018,9,14,257,37,1,-1.0,-0.0,0.0,0,0.0,164.8,124.2,164.8,289.0,373.5,53.36,39.01,0,0,0,0,0,0,0.0,0.0,0.0,0.0,0.73,1,1,0.21,10.5,1
1354,2018-09-15,2018,9,15,258,37,1,-1.0,-0.0,84.5,4,0.0,0.0,164.8,84.5,373.5,458.0,65.43,38.39,1,0,1,0,0,0,0.0,0.0,0.0,0.0,0.77,1,0,0.0,0.0,0
1355,2018-09-16,2018,9,16,259,37,1,-1.0,-0.0,0.0,0,84.5,0.0,0.0,84.5,249.3,373.5,53.36,37.29,0,0,0,0,0,0,0.0,0.0,0.0,0.0,0.61,1,0,0.0,0.0,0
1356,2018-09-17,2018,9,17,260,38,1,-1.0,-0.0,0.0,0,0.0,84.5,0.0,84.5,84.5,373.5,53.36,37.29,0,0,0,0,0,0,0.0,0.0,0.0,0.0,0.49,1,0,0.0,0.0,0
1357,2018-09-18,2018,9,18,261,38,1,-1.0,-0.0,71.3,4,0.0,0.0,84.5,71.3,155.8,320.6,45.8,36.94,1,0,1,0,0,0,0.0,0.0,0.0,0.0,0.62,1,0,0.0,0.0,0
1358,2018-09-19,2018,9,19,262,38,1,-1.0,-0.0,15.5,3,71.3,0.0,0.0,86.8,171.3,171.3,24.47,36.52,0,0,2,0,0,0,0.0,0.0,0.0,0.0,0.48,1,0,0.0,0.0,0
1359,2018-09-20,2018,9,20,263,38,1,-1.0,-0.0,6.4,2,15.5,71.3,0.0,93.2,93.2,177.7,25.39,35.46,0,0,3,0,0,0,0.0,0.0,0.0,0.0,0.47,1,1,0.32,7.8,1
1360,2018-09-21,2018,9,21,264,38,1,-1.0,-0.0,13.7,3,6.4,15.5,71.3,35.6,106.9,191.4,27.34,35.92,0,0,4,0,0,0,0.0,0.0,0.0,0.0,0.42,1,0,0.0,0.0,0
1361,2018-09-22,2018,9,22,265,38,1,-1.0,-0.0,98.0,4,13.7,6.4,15.5,118.1,204.9,204.9,29.27,36.04,1,0,5,0,0,0,0.0,0.0,0.0,0.0,0.54,1,0,0.0,0.0,0
1362,2018-09-23,2018,9,23,266,38,1,-1.0,-0.0,47.9,3,98.0,13.7,6.4,159.6,181.5,252.8,36.11,37.63,0,0,6,0,0,0,0.0,0.0,0.0,0.0,0.54,1,0,0.0,0.0,0
1363,2018-09-24,2018,9,24,267,39,1,-1.0,-0.0,47.9,3,47.9,98.0,13.7,193.8,213.9,300.7,42.96,39.23,0,0,7,0,0,0,0.0,0.0,0.0,0.0,0.46,1,0,0.0,0.0,0
1364,2018-09-25,2018,9,25,268,39,1,-1.0,-0.0,83.3,4,47.9,47.9,98.0,179.1,290.8,312.7,44.67,42.01,1,0,8,0,0,0,0.0,0.0,0.0,0.0,0.52,1,1,0.42,16.1,2
1365,2018-09-26,2018,9,26,269,39,1,-1.0,-0.0,66.6,4,83.3,47.9,47.9,197.8,343.7,363.8,51.97,44.23,1,0,9,0,0,0,0.0,0.0,0.0,0.0,0.7,1,1,0.91,18.3,2
1366,2018-09-27,2018,9,27,270,39,1,-1.0,-0.0,0.0,0,66.6,83.3,47.9,149.9,245.7,357.4,51.06,44.23,0,0,0,0,0,0,0.0,0.0,0.0,0.0,0.6,1,0,0.0,0.0,0
1367,2018-09-28,2018,9,28,271,39,1,-1.0,-0.0,0.0,0,0.0,66.6,83.3,66.6,197.8,343.7,49.1,43.45,0,0,0,0,0,0,0.0,0.0,0.0,0.0,0.63,1,0,0.0,0.0,0
1368,2018-09-29,2018,9,29,272,39,1,-1.0,-0.0,73.5,4,0.0,0.0,66.6,73.5,223.4,319.2,45.6,43.59,1,0,1,0,0,0,0.0,0.0,0.0,0.0,0.64,1,0,0.0,0.0,0
1369,2018-09-30,2018,9,30,273,39,1,-1.0,-0.0,0.0,0,73.5,0.0,0.0,73.5,140.1,271.3,38.76,43.08,0,0,0,0,0,0,0.0,0.0,0.0,0.0,0.56,1,0,0.0,0.0,0
1370,2018-10-01,2018,10,1,274,40,1,-0.866025,0.5,29.4,3,0.0,73.5,0.0,102.9,102.9,252.8,36.11,41.61,0,0,1,0,0,0,0.0,0.0,0.0,0.0,0.59,1,0,0.0,0.0,0
1371,2018-10-02,2018,10,2,275,40,1,-0.866025,0.5,141.0,4,29.4,0.0,73.5,170.4,243.9,310.5,44.36,43.86,1,1,2,0,0,0,0.0,0.0,0.0,0.0,1.0,1,1,0.96,19.0,3
1372,2018-10-03,2018,10,3,276,40,1,-0.866025,0.5,79.3,4,141.0,29.4,0.0,249.7,323.2,323.2,46.17,43.78,1,0,3,0,0,0,0.0,0.0,0.0,0.0,1.0,1,1,1.24,37.6,3
1373,2018-10-04,2018,10,4,277,40,1,-0.866025,0.5,18.8,3,79.3,141.0,29.4,239.1,268.5,342.0,48.86,44.41,0,0,4,0,0,0,0.0,0.0,0.0,0.0,0.91,1,0,0.0,0.0,0
1374,2018-10-05,2018,10,5,278,40,1,-0.866025,0.5,83.6,4,18.8,79.3,141.0,181.7,352.1,425.6,60.8,47.19,1,0,5,0,0,0,0.0,0.0,0.0,0.0,1.0,1,1,1.32,31.0,3
1375,2018-10-06,2018,10,6,279,40,1,-0.866025,0.5,67.4,4,83.6,18.8,79.3,169.8,390.1,419.5,59.93,46.72,1,0,6,0,0,0,0.0,0.0,0.0,0.0,0.96,1,1,0.54,15.3,2
1376,2018-10-07,2018,10,7,280,40,1,-0.866025,0.5,50.9,4,67.4,83.6,18.8,201.9,300.0,470.4,67.2,48.42,1,0,7,0,0,0,0.0,0.0,0.0,0.0,1.0,1,1,0.42,11.5,2
1377,2018-10-08,2018,10,8,281,41,1,-0.866025,0.5,85.4,4,50.9,67.4,83.6,203.7,306.1,526.4,75.2,51.26,1,0,8,0,0,0,0.0,0.0,0.0,0.0,0.86,1,1,1.34,18.4,3
1378,2018-10-09,2018,10,9,282,41,1,-0.866025,0.5,63.6,4,85.4,50.9,67.4,199.9,350.9,449.0,64.14,50.57,1,0,9,0,0,0,0.0,0.0,0.0,0.0,0.81,1,1,0.48,14.0,2
1379,2018-10-10,2018,10,10,283,41,1,-0.866025,0.5,0.0,0,63.6,85.4,50.9,149.0,267.3,369.7,52.81,50.57,0,0,0,0,0,0,0.0,0.0,0.0,0.0,0.66,1,0,0.0,0.0,0
1380,2018-10-11,2018,10,11,284,41,1,-0.866025,0.5,80.3,4,0.0,63.6,85.4,143.9,280.2,431.2,61.6,49.1,1,0,1,0,0,0,0.0,0.0,0.0,0.0,0.7,1,1,0.64,18.1,2
1381,2018-10-12,2018,10,12,285,41,1,-0.866025,0.5,28.7,3,80.3,0.0,63.6,109.0,258.0,376.3,53.76,44.57,0,0,2,0,0,0,0.0,0.0,0.0,0.0,0.68,1,0,0.0,0.0,0
1382,2018-10-13,2018,10,13,286,41,1,-0.866025,0.5,0.0,0,28.7,80.3,0.0,109.0,172.6,308.9,44.13,44.57,0,0,0,0,0,0,0.0,0.0,0.0,0.0,0.46,1,0,0.0,0.0,0
1383,2018-10-14,2018,10,14,287,41,1,-0.866025,0.5,18.5,3,0.0,28.7,80.3,47.2,127.5,276.5,39.5,45.18,0,0,1,0,0,0,0.0,0.0,0.0,0.0,0.56,1,0,0.0,0.0,0
1384,2018-10-15,2018,10,15,288,42,1,-0.866025,0.5,11.2,3,18.5,0.0,28.7,29.7,138.7,202.3,28.9,42.74,0,0,2,0,0,0,0.0,0.0,0.0,0.0,0.43,1,0,0.0,0.0,0
1385,2018-10-16,2018,10,16,289,42,1,-0.866025,0.5,49.3,3,11.2,18.5,0.0,79.0,107.7,188.0,26.86,44.38,0,0,3,0,0,0,0.0,0.0,0.0,0.0,0.44,1,0,0.0,0.0,0
1386,2018-10-17,2018,10,17,290,42,1,-0.866025,0.5,0.0,0,49.3,11.2,18.5,60.5,79.0,188.0,26.86,44.38,0,0,0,0,0,0,0.0,0.0,0.0,0.0,0.32,1,0,0.0,0.0,0
1387,2018-10-18,2018,10,18,291,42,1,-0.866025,0.5,0.0,0,0.0,49.3,11.2,49.3,79.0,107.7,15.39,42.01,0,0,0,0,0,0,0.0,0.0,0.0,0.0,0.29,1,0,0.0,0.0,0
1388,2018-10-19,2018,10,19,292,42,1,-0.866025,0.5,67.4,4,0.0,0.0,49.3,67.4,127.9,146.4,20.91,43.74,1,0,1,0,0,0,0.0,0.0,0.0,0.0,0.4,1,0,0.0,0.0,0
1389,2018-10-20,2018,10,20,293,42,1,-0.866025,0.5,12.5,3,67.4,0.0,0.0,79.9,129.2,158.9,22.7,43.94,0,0,2,0,0,0,0.0,0.0,0.0,0.0,0.25,1,0,0.0,0.0,0
1390,2018-10-21,2018,10,21,294,42,1,-0.866025,0.5,0.0,0,12.5,67.4,0.0,79.9,79.9,140.4,20.06,43.48,0,0,0,0,0,0,0.0,0.0,0.0,0.0,0.16,1,0,0.0,0.0,0
1391,2018-10-22,2018,10,22,295,43,1,-0.866025,0.5,9.8,3,0.0,12.5,67.4,22.3,89.7,139.0,19.86,40.54,0,0,1,0,0,0,0.0,0.0,0.0,0.0,0.06,1,0,0.0,0.0,0
1392,2018-10-23,2018,10,23,296,43,1,-0.866025,0.5,0.0,0,9.8,0.0,12.5,9.8,89.7,89.7,12.81,38.95,0,0,0,0,0,0,0.0,0.0,0.0,0.0,0.02,1,0,0.0,0.0,0
1393,2018-10-24,2018,10,24,297,43,1,-0.866025,0.5,48.2,3,0.0,9.8,0.0,58.0,70.5,137.9,19.7,38.96,0,0,1,0,0,0,0.0,0.0,0.0,0.0,0.16,1,0,0.0,0.0,0
1394,2018-10-25,2018,10,25,298,43,1,-0.866025,0.5,168.6,4,48.2,0.0,9.8,216.8,226.6,306.5,43.79,41.8,1,1,2,0,0,0,0.0,0.0,0.0,0.0,0.62,1,1,1.07,21.7,3
1395,2018-10-26,2018,10,26,299,43,1,-0.866025,0.5,7.2,2,168.6,48.2,0.0,224.0,233.8,246.3,35.19,39.82,0,0,3,0,0,0,0.0,0.0,0.0,0.0,0.58,1,0,0.0,0.0,0
1396,2018-10-27,2018,10,27,300,43,1,-0.866025,0.5,76.4,4,7.2,168.6,48.2,252.2,300.4,310.2,44.31,42.37,1,0,4,0,0,0,0.0,0.0,0.0,0.0,0.81,1,1,0.53,10.8,2
1397,2018-10-28,2018,10,28,301,43,1,-0.866025,0.5,300.0,4,76.4,7.2,168.6,383.6,600.4,610.2,87.17,52.37,1,1,5,1,4,Wilma,4.0,195.0,0.0,0.0,1.0,1,1,0.74,46.6,3
1398,2018-10-29,2018,10,29,302,44,1,-0.866025,0.5,300.0,4,300.0,76.4,7.2,676.4,852.2,900.4,128.63,59.92,1,1,6,1,4,Wilma,4.0,195.0,0.0,1.0,1.0,1,1,1.62,56.5,4
1399,2018-10-30,2018,10,30,303,44,1,-0.866025,0.5,207.7,4,300.0,300.0,76.4,807.7,891.3,1108.1,158.3,66.84,1,1,7,1,3,Wilma,3.0,195.0,1.0,0.0,1.0,1,1,0.75,38.5,3
1400,2018-10-31,2018,10,31,304,44,1,-0.866025,0.5,234.6,4,207.7,300.0,300.0,742.3,1118.7,1294.5,184.93,73.68,1,1,8,1,4,Wilma,4.0,195.0,0.0,1.0,1.0,1,1,1.8,54.4,4
1401,2018-11-01,2018,11,1,305,44,1,-0.5,0.866025,4.4,2,234.6,207.7,300.0,446.7,1046.7,1130.3,161.47,69.13,0,0,9,1,2,Yoyong,2.0,120.0,0.0,0.0,0.69,1,1,0.76,14.4,2
1402,2018-11-02,2018,11,2,306,44,1,-0.5,0.866025,69.5,4,4.4,234.6,207.7,308.5,816.2,1192.6,170.37,68.8,1,0,10,1,2,Yoyong,2.0,120.0,0.0,1.0,0.6,1,1,0.51,13.3,2
1403,2018-11-03,2018,11,3,307,44,1,-0.5,0.866025,240.2,4,69.5,4.4,234.6,314.1,756.4,1356.4,193.77,76.18,1,1,11,1,2,Yoyong,2.0,120.0,0.0,2.0,1.0,1,1,0.79,30.4,3
1404,2018-11-04,2018,11,4,308,44,1,-0.5,0.866025,9.6,3,240.2,69.5,4.4,319.3,558.3,1066.0,152.29,73.71,0,0,12,0,0,0,0.0,0.0,0.0,0.0,0.85,1,0,0.0,0.0,0
1405,2018-11-05,2018,11,5,309,45,1,-0.5,0.866025,0.0,0,9.6,240.2,69.5,249.8,323.7,766.0,109.43,71.47,0,0,0,0,0,0,0.0,0.0,0.0,0.0,0.79,1,1,0.72,6.5,2
1406,2018-11-06,2018,11,6,310,45,1,-0.5,0.866025,101.4,4,0.0,9.6,240.2,111.0,420.7,659.7,94.24,73.15,1,1,1,0,0,0,0.0,0.0,0.0,0.0,1.0,1,0,0.0,0.0,0
1407,2018-11-07,2018,11,7,311,45,1,-0.5,0.866025,24.2,3,101.4,0.0,9.6,125.6,375.4,449.3,64.19,71.11,0,0,2,0,0,0,0.0,0.0,0.0,0.0,0.78,1,0,0.0,0.0,0
1408,2018-11-08,2018,11,8,312,45,1,-0.5,0.866025,0.0,0,24.2,101.4,0.0,125.6,135.2,444.9,63.56,68.99,0,0,0,0,0,0,0.0,0.0,0.0,0.0,0.61,1,1,0.28,11.4,1
1409,2018-11-09,2018,11,9,313,45,1,-0.5,0.866025,10.5,3,0.0,24.2,101.4,34.7,136.1,385.9,55.13,69.34,0,0,1,0,0,0,0.0,0.0,0.0,0.0,0.53,1,0,0.0,0.0,0
1410,2018-11-10,2018,11,10,314,45,1,-0.5,0.866025,114.0,4,10.5,0.0,24.2,124.5,250.1,259.7,37.1,70.46,1,1,2,0,0,0,0.0,0.0,0.0,0.0,0.8,1,0,0.0,0.0,0
1411,2018-11-11,2018,11,11,315,45,1,-0.5,0.866025,53.0,4,114.0,10.5,0.0,177.5,201.7,303.1,43.3,71.27,1,0,3,0,0,0,0.0,0.0,0.0,0.0,0.81,1,1,1.5,42.8,3
1412,2018-11-12,2018,11,12,316,46,1,-0.5,0.866025,0.0,0,53.0,114.0,10.5,167.0,177.5,303.1,43.3,71.27,0,0,0,0,0,0,0.0,0.0,0.0,0.0,0.71,1,0,0.0,0.0,0
1413,2018-11-13,2018,11,13,317,46,1,-0.5,0.866025,10.5,3,0.0,53.0,114.0,63.5,188.0,212.2,30.31,71.01,0,0,1,0,0,0,0.0,0.0,0.0,0.0,0.52,1,0,0.0,0.0,0
1414,2018-11-14,2018,11,14,318,46,1,-0.5,0.866025,11.1,3,10.5,0.0,53.0,21.6,188.6,199.1,28.44,71.0,0,0,2,0,0,0,0.0,0.0,0.0,0.0,0.37,1,0,0.0,0.0,0
1415,2018-11-15,2018,11,15,319,46,1,-0.5,0.866025,0.0,0,11.1,10.5,0.0,21.6,74.6,199.1,28.44,69.36,0,0,0,0,0,0,0.0,0.0,0.0,0.0,0.25,1,0,0.0,0.0,0
1416,2018-11-16,2018,11,16,320,46,1,-0.5,0.866025,0.0,0,0.0,11.1,10.5,11.1,21.6,188.6,26.94,69.36,0,0,0,0,0,0,0.0,0.0,0.0,0.0,0.22,1,0,0.0,0.0,0
1417,2018-11-17,2018,11,17,321,46,1,-0.5,0.866025,0.0,0,0.0,0.0,11.1,0.0,21.6,74.6,10.66,69.36,0,0,0,0,0,0,0.0,0.0,0.0,0.0,0.12,1,0,0.0,0.0,0
1418,2018-11-18,2018,11,18,322,46,1,-0.5,0.866025,0.0,0,0.0,0.0,0.0,0.0,11.1,21.6,3.09,67.11,0,0,0,0,0,0,0.0,0.0,0.0,0.0,0.07,1,0,0.0,0.0,0
1419,2018-11-19,2018,11,19,323,47,1,-0.5,0.866025,101.4,4,0.0,0.0,0.0,101.4,101.4,123.0,17.57,70.08,1,1,1,0,0,0,0.0,0.0,0.0,0.0,0.47,1,0,0.0,0.0,0
1420,2018-11-20,2018,11,20,324,47,1,-0.5,0.866025,148.7,4,101.4,0.0,0.0,250.1,250.1,261.2,37.31,75.03,1,1,2,0,0,0,0.0,0.0,0.0,0.0,0.93,1,1,1.72,70.2,4
1421,2018-11-21,2018,11,21,325,47,1,-0.5,0.866025,0.0,0,148.7,101.4,0.0,250.1,250.1,250.1,35.73,74.71,0,0,0,0,0,0,0.0,0.0,0.0,0.0,0.7,1,0,0.0,0.0,0
1422,2018-11-22,2018,11,22,326,47,1,-0.5,0.866025,46.0,3,0.0,148.7,101.4,194.7,296.1,296.1,42.3,76.24,0,0,1,0,0,0,0.0,0.0,0.0,0.0,0.46,1,1,0.86,17.6,2
1423,2018-11-23,2018,11,23,327,47,1,-0.5,0.866025,69.0,4,46.0,0.0,148.7,115.0,365.1,365.1,52.16,76.93,1,0,2,0,0,0,0.0,0.0,0.0,0.0,0.49,1,0,0.0,0.0,0
1424,2018-11-24,2018,11,24,328,47,1,-0.5,0.866025,0.0,0,69.0,46.0,0.0,115.0,263.7,365.1,52.16,71.31,0,0,0,0,0,0,0.0,0.0,0.0,0.0,0.38,1,0,0.0,0.0,0
1425,2018-11-25,2018,11,25,329,47,1,-0.5,0.866025,0.0,0,0.0,69.0,46.0,69.0,115.0,365.1,52.16,71.07,0,0,0,0,0,0,0.0,0.0,0.0,0.0,0.35,1,0,0.0,0.0,0
1426,2018-11-26,2018,11,26,330,48,1,-0.5,0.866025,0.0,0,0.0,0.0,69.0,0.0,115.0,263.7,37.67,68.53,0,0,0,0,0,0,0.0,0.0,0.0,0.0,0.19,1,0,0.0,0.0,0
1427,2018-11-27,2018,11,27,331,48,1,-0.5,0.866025,0.0,0,0.0,0.0,0.0,0.0,69.0,115.0,16.43,58.53,0,0,0,0,0,0,0.0,0.0,0.0,0.0,0.2,1,0,0.0,0.0,0
1428,2018-11-28,2018,11,28,332,48,1,-0.5,0.866025,0.0,0,0.0,0.0,0.0,0.0,0.0,115.0,16.43,48.53,0,0,0,0,0,0,0.0,0.0,0.0,0.0,0.12,1,0,0.0,0.0,0
1429,2018-11-29,2018,11,29,333,48,1,-0.5,0.866025,30.6,3,0.0,0.0,0.0,30.6,30.6,99.6,14.23,42.62,0,0,1,0,0,0,0.0,0.0,0.0,0.0,0.23,1,0,0.0,0.0,0
1430,2018-11-30,2018,11,30,334,48,1,-0.5,0.866025,9.0,3,30.6,0.0,0.0,39.6,39.6,39.6,5.66,35.1,0,0,2,0,0,0,0.0,0.0,0.0,0.0,0.1,1,0,0.0,0.0,0
1431,2018-12-01,2018,12,1,335,48,0,-0.0,1.0,0.0,0,9.0,30.6,0.0,39.6,39.6,39.6,5.66,34.96,0,0,0,0,0,0,0.0,0.0,0.0,0.0,0.06,1,0,0.0,0.0,0
1432,2018-12-02,2018,12,2,336,48,0,-0.0,1.0,56.3,4,0.0,9.0,30.6,65.3,95.9,95.9,13.7,34.52,1,0,1,0,0,0,0.0,0.0,0.0,0.0,0.21,1,0,0.0,0.0,0
1433,2018-12-03,2018,12,3,337,49,0,-0.0,1.0,0.0,0,56.3,0.0,9.0,56.3,95.9,95.9,13.7,26.51,0,0,0,0,0,0,0.0,0.0,0.0,0.0,0.21,1,0,0.0,0.0,0
1434,2018-12-04,2018,12,4,338,49,0,-0.0,1.0,0.0,0,0.0,56.3,0.0,56.3,65.3,95.9,13.7,26.19,0,0,0,0,0,0,0.0,0.0,0.0,0.0,0.1,1,0,0.0,0.0,0
1435,2018-12-05,2018,12,5,339,49,0,-0.0,1.0,0.0,0,0.0,0.0,56.3,0.0,56.3,95.9,13.7,26.19,0,0,0,0,0,0,0.0,0.0,0.0,0.0,0.1,1,0,0.0,0.0,0
1436,2018-12-06,2018,12,6,340,49,0,-0.0,1.0,0.1,1,0.0,0.0,0.0,0.1,56.4,65.4,9.34,22.81,0,0,1,0,0,0,0.0,0.0,0.0,0.0,0.0,1,0,0.0,0.0,0
1437,2018-12-07,2018,12,7,341,49,0,-0.0,1.0,29.2,3,0.1,0.0,0.0,29.3,29.3,85.6,12.23,22.98,0,0,2,0,0,0,0.0,0.0,0.0,0.0,0.06,1,0,0.0,0.0,0
1438,2018-12-08,2018,12,8,342,49,0,-0.0,1.0,20.3,3,29.2,0.1,0.0,49.6,49.6,105.9,15.13,23.66,0,0,3,0,0,0,0.0,0.0,0.0,0.0,0.0,1,0,0.0,0.0,0
1439,2018-12-09,2018,12,9,343,49,0,-0.0,1.0,0.0,0,20.3,29.2,0.1,49.5,49.6,49.6,7.09,23.31,0,0,0,0,0,0,0.0,0.0,0.0,0.0,0.0,1,0,0.0,0.0,0
1440,2018-12-10,2018,12,10,344,50,0,-0.0,1.0,0.0,0,0.0,20.3,29.2,20.3,49.6,49.6,7.09,19.51,0,0,0,0,0,0,0.0,0.0,0.0,0.0,0.0,1,0,0.0,0.0,0
1441,2018-12-11,2018,12,11,345,50,0,-0.0,1.0,27.7,3,0.0,0.0,20.3,27.7,77.2,77.3,11.04,18.66,0,0,1,0,0,0,0.0,0.0,0.0,0.0,0.13,1,0,0.0,0.0,0
1442,2018-12-12,2018,12,12,346,50,0,-0.0,1.0,0.0,0,27.7,0.0,0.0,27.7,48.0,77.3,11.04,18.66,0,0,0,0,0,0,0.0,0.0,0.0,0.0,0.04,1,0,0.0,0.0,0
1443,2018-12-13,2018,12,13,347,50,0,-0.0,1.0,29.3,3,0.0,27.7,0.0,57.0,57.0,106.5,15.21,19.29,0,0,1,0,0,0,0.0,0.0,0.0,0.0,0.16,1,0,0.0,0.0,0
1444,2018-12-14,2018,12,14,348,50,0,-0.0,1.0,0.0,0,29.3,0.0,27.7,29.3,57.0,77.3,11.04,18.92,0,0,0,0,0,0,0.0,0.0,0.0,0.0,0.15,1,0,0.0,0.0,0
1445,2018-12-15,2018,12,15,349,50,0,-0.0,1.0,0.0,0,0.0,29.3,0.0,29.3,57.0,57.0,8.14,18.92,0,0,0,0,0,0,0.0,0.0,0.0,0.0,0.09,1,0,0.0,0.0,0
1446,2018-12-16,2018,12,16,350,50,0,-0.0,1.0,0.0,0,0.0,0.0,29.3,0.0,29.3,57.0,8.14,18.92,0,0,0,0,0,0,0.0,0.0,0.0,0.0,0.09,1,0,0.0,0.0,0
1447,2018-12-17,2018,12,17,351,51,0,-0.0,1.0,0.0,0,0.0,0.0,0.0,0.0,29.3,57.0,8.14,18.92,0,0,0,0,0,0,0.0,0.0,0.0,0.0,0.26,1,0,0.0,0.0,0
1448,2018-12-18,2018,12,18,352,51,0,-0.0,1.0,0.0,0,0.0,0.0,0.0,0.0,0.0,29.3,4.19,18.92,0,0,0,0,0,0,0.0,0.0,0.0,0.0,0.17,1,0,0.0,0.0,0
1449,2018-12-19,2018,12,19,353,51,0,-0.0,1.0,0.0,0,0.0,0.0,0.0,0.0,0.0,29.3,4.19,15.54,0,0,0,0,0,0,0.0,0.0,0.0,0.0,0.03,1,0,0.0,0.0,0
1450,2018-12-20,2018,12,20,354,51,0,-0.0,1.0,0.0,0,0.0,0.0,0.0,0.0,0.0,0.0,0.0,10.58,0,0,0,0,0,0,0.0,0.0,0.0,0.0,0.0,1,0,0.0,0.0,0
1451,2018-12-21,2018,12,21,355,51,0,-0.0,1.0,0.0,0,0.0,0.0,0.0,0.0,0.0,0.0,0.0,10.58,0,0,0,0,0,0,0.0,0.0,0.0,0.0,0.02,1,0,0.0,0.0,0
1452,2018-12-22,2018,12,22,356,51,0,-0.0,1.0,14.4,3,0.0,0.0,0.0,14.4,14.4,14.4,2.06,9.53,0,0,1,0,0,0,0.0,0.0,0.0,0.0,0.11,1,0,0.0,0.0,0
1453,2018-12-23,2018,12,23,357,51,0,-0.0,1.0,0.0,0,14.4,0.0,0.0,14.4,14.4,14.4,2.06,7.23,0,0,0,0,0,0,0.0,0.0,0.0,0.0,0.07,1,0,0.0,0.0,0
1454,2018-12-24,2018,12,24,358,52,0,-0.0,1.0,32.4,3,0.0,14.4,0.0,46.8,46.8,46.8,6.69,8.31,0,0,1,0,0,0,0.0,0.0,0.0,0.0,0.16,1,0,0.0,0.0,0
1455,2018-12-25,2018,12,25,359,52,0,-0.0,1.0,0.0,0,32.4,0.0,14.4,32.4,46.8,46.8,6.69,8.31,0,0,0,0,0,0,0.0,0.0,0.0,0.0,0.11,1,0,0.0,0.0,0
1456,2018-12-26,2018,12,26,360,52,0,-0.0,1.0,0.0,0,0.0,32.4,0.0,32.4,46.8,46.8,6.69,8.31,0,0,0,0,0,0,0.0,0.0,0.0,0.0,0.0,1,0,0.0,0.0,0
1457,2018-12-27,2018,12,27,361,52,0,-0.0,1.0,0.0,0,0.0,0.0,32.4,0.0,32.4,46.8,6.69,8.31,0,0,0,0,0,0,0.0,0.0,0.0,0.0,0.05,1,0,0.0,0.0,0
1458,2018-12-28,2018,12,28,362,52,0,-0.0,1.0,6.5,2,0.0,0.0,0.0,6.5,38.9,53.3,7.61,8.53,0,0,1,0,0,0,0.0,0.0,0.0,0.0,0.07,1,0,0.0,0.0,0
1459,2018-12-29,2018,12,29,363,52,0,-0.0,1.0,0.0,0,6.5,0.0,0.0,6.5,6.5,38.9,5.56,7.51,0,0,0,0,0,0,0.0,0.0,0.0,0.0,0.1,1,0,0.0,0.0,0
1460,2018-12-30,2018,12,30,364,52,0,-0.0,1.0,33.2,3,0.0,6.5,0.0,39.7,39.7,72.1,10.3,8.31,0,0,1,0,0,0,0.0,0.0,0.0,0.0,0.27,1,0,0.0,0.0,0
1461,2018-12-31,2018,12,31,365,1,0,-0.0,1.0,0.0,0,33.2,0.0,6.5,33.2,39.7,39.7,5.67,8.31,0,0,0,0,0,0,0.0,0.0,0.0,0.0,0.28,1,0,0.0,0.0,0
1462,2019-01-01,2019,1,1,1,1,0,0.5,0.866025,0.0,0,0.0,33.2,0.0,33.2,39.7,39.7,5.67,6.44,0,0,0,0,0,0,0.0,0.0,0.0,0.0,0.32,1,0,0.0,0.0,0
1463,2019-01-02,2019,1,2,2,1,0,0.5,0.866025,0.0,0,0.0,0.0,33.2,0.0,33.2,39.7,5.67,6.44,0,0,0,0,0,0,0.0,0.0,0.0,0.0,0.26,1,0,0.0,0.0,0
1464,2019-01-03,2019,1,3,3,1,0,0.5,0.866025,0.0,0,0.0,0.0,0.0,0.0,33.2,39.7,5.67,6.44,0,0,0,0,0,0,0.0,0.0,0.0,0.0,0.16,1,0,0.0,0.0,0
1465,2019-01-04,2019,1,4,4,1,0,0.5,0.866025,0.0,0,0.0,0.0,0.0,0.0,0.0,33.2,4.74,6.44,0,0,0,0,0,0,0.0,0.0,0.0,0.0,0.18,1,1,0.27,9.6,1
1466,2019-01-05,2019,1,5,5,1,0,0.5,0.866025,0.0,0,0.0,0.0,0.0,0.0,0.0,33.2,4.74,6.43,0,0,0,0,0,0,0.0,0.0,0.0,0.0,0.01,1,0,0.0,0.0,0
1467,2019-01-06,2019,1,6,6,1,0,0.5,0.866025,0.0,0,0.0,0.0,0.0,0.0,0.0,0.0,0.0,5.46,0,0,0,0,0,0,0.0,0.0,0.0,0.0,0.11,1,0,0.0,0.0,0
1468,2019-01-07,2019,1,7,7,2,0,0.5,0.866025,9.7,3,0.0,0.0,0.0,9.7,9.7,9.7,1.39,5.11,0,0,1,0,0,0,0.0,0.0,0.0,0.0,0.09,1,1,0.42,9.1,1
1469,2019-01-08,2019,1,8,8,2,0,0.5,0.866025,0.0,0,9.7,0.0,0.0,9.7,9.7,9.7,1.39,5.11,0,0,0,0,0,0,0.0,0.0,0.0,0.0,0.11,1,0,0.0,0.0,0
1470,2019-01-09,2019,1,9,9,2,0,0.5,0.866025,15.8,3,0.0,9.7,0.0,25.5,25.5,25.5,3.64,5.63,0,0,1,0,0,0,0.0,0.0,0.0,0.0,0.08,1,0,0.0,0.0,0
1471,2019-01-10,2019,1,10,10,2,0,0.5,0.866025,0.0,0,15.8,0.0,9.7,15.8,25.5,25.5,3.64,4.71,0,0,0,0,0,0,0.0,0.0,0.0,0.0,0.06,1,0,0.0,0.0,0
1472,2019-01-11,2019,1,11,11,2,0,0.5,0.866025,0.0,0,0.0,15.8,0.0,15.8,25.5,25.5,3.64,4.71,0,0,0,0,0,0,0.0,0.0,0.0,0.0,0.13,1,0,0.0,0.0,0
1473,2019-01-12,2019,1,12,12,2,0,0.5,0.866025,0.0,0,0.0,0.0,15.8,0.0,15.8,25.5,3.64,3.73,0,0,0,0,0,0,0.0,0.0,0.0,0.0,0.01,1,0,0.0,0.0,0
1474,2019-01-13,2019,1,13,13,2,0,0.5,0.866025,0.0,0,0.0,0.0,0.0,0.0,15.8,25.5,3.64,3.73,0,0,0,0,0,0,0.0,0.0,0.0,0.0,0.0,1,0,0.0,0.0,0
1475,2019-01-14,2019,1,14,14,3,0,0.5,0.866025,0.0,0,0.0,0.0,0.0,0.0,0.0,15.8,2.26,3.73,0,0,0,0,0,0,0.0,0.0,0.0,0.0,0.0,1,0,0.0,0.0,0
1476,2019-01-15,2019,1,15,15,3,0,0.5,0.866025,0.0,0,0.0,0.0,0.0,0.0,0.0,15.8,2.26,3.73,0,0,0,0,0,0,0.0,0.0,0.0,0.0,0.0,1,0,0.0,0.0,0
1477,2019-01-16,2019,1,16,16,3,0,0.5,0.866025,0.0,0,0.0,0.0,0.0,0.0,0.0,0.0,0.0,3.73,0,0,0,0,0,0,0.0,0.0,0.0,0.0,0.13,1,0,0.0,0.0,0
1478,2019-01-17,2019,1,17,17,3,0,0.5,0.866025,0.0,0,0.0,0.0,0.0,0.0,0.0,0.0,0.0,3.73,0,0,0,0,0,0,0.0,0.0,0.0,0.0,0.08,1,0,0.0,0.0,0
1479,2019-01-18,2019,1,18,18,3,0,0.5,0.866025,0.0,0,0.0,0.0,0.0,0.0,0.0,0.0,0.0,3.73,0,0,0,0,0,0,0.0,0.0,0.0,0.0,0.05,1,0,0.0,0.0,0
1480,2019-01-19,2019,1,19,19,3,0,0.5,0.866025,0.0,0,0.0,0.0,0.0,0.0,0.0,0.0,0.0,3.73,0,0,0,0,0,0,0.0,0.0,0.0,0.0,0.04,1,0,0.0,0.0,0
1481,2019-01-20,2019,1,20,20,3,0,0.5,0.866025,0.0,0,0.0,0.0,0.0,0.0,0.0,0.0,0.0,3.73,0,0,0,0,0,0,0.0,0.0,0.0,0.0,0.0,1,0,0.0,0.0,0
1482,2019-01-21,2019,1,21,21,4,0,0.5,0.866025,0.0,0,0.0,0.0,0.0,0.0,0.0,0.0,0.0,3.25,0,0,0,0,0,0,0.0,0.0,0.0,0.0,0.0,1,0,0.0,0.0,0
1483,2019-01-22,2019,1,22,22,4,0,0.5,0.866025,19.1,3,0.0,0.0,0.0,19.1,19.1,19.1,2.73,3.89,0,0,1,0,0,0,0.0,0.0,0.0,0.0,0.25,1,0,0.0,0.0,0
1484,2019-01-23,2019,1,23,23,4,0,0.5,0.866025,0.0,0,19.1,0.0,0.0,19.1,19.1,19.1,2.73,2.81,0,0,0,0,0,0,0.0,0.0,0.0,0.0,0.36,1,0,0.0,0.0,0
1485,2019-01-24,2019,1,24,24,4,0,0.5,0.866025,0.0,0,0.0,19.1,0.0,19.1,19.1,19.1,2.73,2.81,0,0,0,0,0,0,0.0,0.0,0.0,0.0,0.25,1,0,0.0,0.0,0
1486,2019-01-25,2019,1,25,25,4,0,0.5,0.866025,0.0,0,0.0,0.0,19.1,0.0,19.1,19.1,2.73,2.81,0,0,0,0,0,0,0.0,0.0,0.0,0.0,0.2,1,0,0.0,0.0,0
1487,2019-01-26,2019,1,26,26,4,0,0.5,0.866025,0.0,0,0.0,0.0,0.0,0.0,19.1,19.1,2.73,2.81,0,0,0,0,0,0,0.0,0.0,0.0,0.0,0.21,1,0,0.0,0.0,0
1488,2019-01-27,2019,1,27,27,4,0,0.5,0.866025,0.0,0,0.0,0.0,0.0,0.0,0.0,19.1,2.73,2.59,0,0,0,0,0,0,0.0,0.0,0.0,0.0,0.13,1,0,0.0,0.0,0
1489,2019-01-28,2019,1,28,28,5,0,0.5,0.866025,0.0,0,0.0,0.0,0.0,0.0,0.0,19.1,2.73,2.59,0,0,0,0,0,0,0.0,0.0,0.0,0.0,0.01,1,0,0.0,0.0,0
1490,2019-01-29,2019,1,29,29,5,0,0.5,0.866025,0.0,0,0.0,0.0,0.0,0.0,0.0,0.0,0.0,1.49,0,0,0,0,0,0,0.0,0.0,0.0,0.0,0.01,1,0,0.0,0.0,0
1491,2019-01-30,2019,1,30,30,5,0,0.5,0.866025,0.0,0,0.0,0.0,0.0,0.0,0.0,0.0,0.0,1.49,0,0,0,0,0,0,0.0,0.0,0.0,0.0,0.05,1,0,0.0,0.0,0
1492,2019-01-31,2019,1,31,31,5,0,0.5,0.866025,0.0,0,0.0,0.0,0.0,0.0,0.0,0.0,0.0,1.49,0,0,0,0,0,0,0.0,0.0,0.0,0.0,0.15,1,0,0.0,0.0,0
1493,2019-02-01,2019,2,1,32,5,0,0.866025,0.5,0.0,0,0.0,0.0,0.0,0.0,0.0,0.0,0.0,1.49,0,0,0,0,0,0,0.0,0.0,0.0,0.0,0.26,1,0,0.0,0.0,0
1494,2019-02-02,2019,2,2,33,5,0,0.866025,0.5,0.0,0,0.0,0.0,0.0,0.0,0.0,0.0,0.0,1.49,0,0,0,0,0,0,0.0,0.0,0.0,0.0,0.23,1,0,0.0,0.0,0
1495,2019-02-03,2019,2,3,34,5,0,0.866025,0.5,0.0,0,0.0,0.0,0.0,0.0,0.0,0.0,0.0,1.49,0,0,0,0,0,0,0.0,0.0,0.0,0.0,0.24,1,0,0.0,0.0,0
1496,2019-02-04,2019,2,4,35,6,0,0.866025,0.5,10.4,3,0.0,0.0,0.0,10.4,10.4,10.4,1.49,1.83,0,0,1,0,0,0,0.0,0.0,0.0,0.0,0.24,1,0,0.0,0.0,0
1497,2019-02-05,2019,2,5,36,6,0,0.866025,0.5,0.0,0,10.4,0.0,0.0,10.4,10.4,10.4,1.49,1.83,0,0,0,0,0,0,0.0,0.0,0.0,0.0,0.33,1,0,0.0,0.0,0
1498,2019-02-06,2019,2,6,37,6,0,0.866025,0.5,0.0,0,0.0,10.4,0.0,10.4,10.4,10.4,1.49,1.51,0,0,0,0,0,0,0.0,0.0,0.0,0.0,0.17,1,0,0.0,0.0,0
1499,2019-02-07,2019,2,7,38,6,0,0.866025,0.5,0.0,0,0.0,0.0,10.4,0.0,10.4,10.4,1.49,1.51,0,0,0,0,0,0,0.0,0.0,0.0,0.0,0.24,1,0,0.0,0.0,0
1500,2019-02-08,2019,2,8,39,6,0,0.866025,0.5,0.0,0,0.0,0.0,0.0,0.0,10.4,10.4,1.49,0.98,0,0,0,0,0,0,0.0,0.0,0.0,0.0,0.09,1,0,0.0,0.0,0
1501,2019-02-09,2019,2,9,40,6,0,0.866025,0.5,0.0,0,0.0,0.0,0.0,0.0,0.0,10.4,1.49,0.98,0,0,0,0,0,0,0.0,0.0,0.0,0.0,0.1,1,0,0.0,0.0,0
1502,2019-02-10,2019,2,10,41,6,0,0.866025,0.5,0.0,0,0.0,0.0,0.0,0.0,0.0,10.4,1.49,0.98,0,0,0,0,0,0,0.0,0.0,0.0,0.0,0.17,1,0,0.0,0.0,0
1503,2019-02-11,2019,2,11,42,7,0,0.866025,0.5,0.0,0,0.0,0.0,0.0,0.0,0.0,0.0,0.0,0.98,0,0,0,0,0,0,0.0,0.0,0.0,0.0,0.13,1,0,0.0,0.0,0
1504,2019-02-12,2019,2,12,43,7,0,0.866025,0.5,0.0,0,0.0,0.0,0.0,0.0,0.0,0.0,0.0,0.98,0,0,0,0,0,0,0.0,0.0,0.0,0.0,0.08,1,0,0.0,0.0,0
1505,2019-02-13,2019,2,13,44,7,0,0.866025,0.5,0.7,1,0.0,0.0,0.0,0.7,0.7,0.7,0.1,1.01,0,0,1,0,0,0,0.0,0.0,0.0,0.0,0.14,1,0,0.0,0.0,0
1506,2019-02-14,2019,2,14,45,7,0,0.866025,0.5,0.0,0,0.7,0.0,0.0,0.7,0.7,0.7,0.1,1.01,0,0,0,0,0,0,0.0,0.0,0.0,0.0,0.11,1,0,0.0,0.0,0
1507,2019-02-15,2019,2,15,46,7,0,0.866025,0.5,0.0,0,0.0,0.7,0.0,0.7,0.7,0.7,0.1,1.01,0,0,0,0,0,0,0.0,0.0,0.0,0.0,0.01,1,0,0.0,0.0,0
1508,2019-02-16,2019,2,16,47,7,0,0.866025,0.5,0.0,0,0.0,0.0,0.7,0.0,0.7,0.7,0.1,1.01,0,0,0,0,0,0,0.0,0.0,0.0,0.0,0.0,1,0,0.0,0.0,0
1509,2019-02-17,2019,2,17,48,7,0,0.866025,0.5,0.0,0,0.0,0.0,0.0,0.0,0.7,0.7,0.1,1.01,0,0,0,0,0,0,0.0,0.0,0.0,0.0,0.0,1,0,0.0,0.0,0
1510,2019-02-18,2019,2,18,49,8,0,0.866025,0.5,0.0,0,0.0,0.0,0.0,0.0,0.0,0.7,0.1,1.01,0,0,0,0,0,0,0.0,0.0,0.0,0.0,0.04,1,0,0.0,0.0,0
1511,2019-02-19,2019,2,19,50,8,0,0.866025,0.5,0.0,0,0.0,0.0,0.0,0.0,0.0,0.7,0.1,1.01,0,0,0,0,0,0,0.0,0.0,0.0,0.0,0.0,1,0,0.0,0.0,0
1512,2019-02-20,2019,2,20,51,8,0,0.866025,0.5,0.0,0,0.0,0.0,0.0,0.0,0.0,0.0,0.0,1.01,0,0,0,0,0,0,0.0,0.0,0.0,0.0,0.05,1,0,0.0,0.0,0
1513,2019-02-21,2019,2,21,52,8,0,0.866025,0.5,10.4,3,0.0,0.0,0.0,10.4,10.4,10.4,1.49,0.72,0,0,1,0,0,0,0.0,0.0,0.0,0.0,0.0,1,0,0.0,0.0,0
1514,2019-02-22,2019,2,22,53,8,0,0.866025,0.5,0.0,0,10.4,0.0,0.0,10.4,10.4,10.4,1.49,0.72,0,0,0,0,0,0,0.0,0.0,0.0,0.0,0.02,1,0,0.0,0.0,0
1515,2019-02-23,2019,2,23,54,8,0,0.866025,0.5,9.5,3,0.0,10.4,0.0,19.9,19.9,19.9,2.84,1.03,0,0,1,0,0,0,0.0,0.0,0.0,0.0,0.0,1,0,0.0,0.0,0
1516,2019-02-24,2019,2,24,55,8,0,0.866025,0.5,0.0,0,9.5,0.0,10.4,9.5,19.9,19.9,2.84,1.03,0,0,0,0,0,0,0.0,0.0,0.0,0.0,0.0,1,1,0.5,8.2,1
1517,2019-02-25,2019,2,25,56,9,0,0.866025,0.5,0.0,0,0.0,9.5,0.0,9.5,19.9,19.9,2.84,1.03,0,0,0,0,0,0,0.0,0.0,0.0,0.0,0.0,1,0,0.0,0.0,0
1518,2019-02-26,2019,2,26,57,9,0,0.866025,0.5,0.0,0,0.0,0.0,9.5,0.0,9.5,19.9,2.84,1.03,0,0,0,0,0,0,0.0,0.0,0.0,0.0,0.0,1,0,0.0,0.0,0
1519,2019-02-27,2019,2,27,58,9,0,0.866025,0.5,0.0,0,0.0,0.0,0.0,0.0,9.5,19.9,2.84,1.03,0,0,0,0,0,0,0.0,0.0,0.0,0.0,0.04,1,0,0.0,0.0,0
1520,2019-02-28,2019,2,28,59,9,0,0.866025,0.5,1.8,1,0.0,0.0,0.0,1.8,1.8,11.3,1.61,1.09,0,0,1,0,0,0,0.0,0.0,0.0,0.0,0.0,1,0,0.0,0.0,0
1521,2019-03-01,2019,3,1,60,9,0,1.0,0.0,0.0,0,1.8,0.0,0.0,1.8,1.8,11.3,1.61,1.09,0,0,0,0,0,0,0.0,0.0,0.0,0.0,0.0,1,0,0.0,0.0,0
1522,2019-03-02,2019,3,2,61,9,0,1.0,0.0,7.2,2,0.0,1.8,0.0,9.0,9.0,9.0,1.29,1.33,0,0,1,0,0,0,0.0,0.0,0.0,0.0,0.0,1,0,0.0,0.0,0
1523,2019-03-03,2019,3,3,62,9,0,1.0,0.0,0.0,0,7.2,0.0,1.8,7.2,9.0,9.0,1.29,1.33,0,0,0,0,0,0,0.0,0.0,0.0,0.0,0.0,1,0,0.0,0.0,0
1524,2019-03-04,2019,3,4,63,10,0,1.0,0.0,0.0,0,0.0,7.2,0.0,7.2,9.0,9.0,1.29,1.33,0,0,0,0,0,0,0.0,0.0,0.0,0.0,0.07,1,0,0.0,0.0,0
1525,2019-03-05,2019,3,5,64,10,0,1.0,0.0,0.0,0,0.0,0.0,7.2,0.0,7.2,9.0,1.29,1.33,0,0,0,0,0,0,0.0,0.0,0.0,0.0,0.07,1,0,0.0,0.0,0
1526,2019-03-06,2019,3,6,65,10,0,1.0,0.0,0.0,0,0.0,0.0,0.0,0.0,7.2,9.0,1.29,0.99,0,0,0,0,0,0,0.0,0.0,0.0,0.0,0.0,1,0,0.0,0.0,0
1527,2019-03-07,2019,3,7,66,10,0,1.0,0.0,0.0,0,0.0,0.0,0.0,0.0,0.0,7.2,1.03,0.99,0,0,0,0,0,0,0.0,0.0,0.0,0.0,0.0,1,0,0.0,0.0,0
1528,2019-03-08,2019,3,8,67,10,0,1.0,0.0,0.0,0,0.0,0.0,0.0,0.0,0.0,7.2,1.03,0.99,0,0,0,0,0,0,0.0,0.0,0.0,0.0,0.09,1,0,0.0,0.0,0
1529,2019-03-09,2019,3,9,68,10,0,1.0,0.0,0.0,0,0.0,0.0,0.0,0.0,0.0,0.0,0.0,0.99,0,0,0,0,0,0,0.0,0.0,0.0,0.0,0.0,1,0,0.0,0.0,0
1530,2019-03-10,2019,3,10,69,10,0,1.0,0.0,6.1,2,0.0,0.0,0.0,6.1,6.1,6.1,0.87,1.19,0,0,1,0,0,0,0.0,0.0,0.0,0.0,0.06,1,0,0.0,0.0,0
1531,2019-03-11,2019,3,11,70,11,0,1.0,0.0,0.0,0,6.1,0.0,0.0,6.1,6.1,6.1,0.87,1.19,0,0,0,0,0,0,0.0,0.0,0.0,0.0,0.12,1,0,0.0,0.0,0
1532,2019-03-12,2019,3,12,71,11,0,1.0,0.0,0.0,0,0.0,6.1,0.0,6.1,6.1,6.1,0.87,1.19,0,0,0,0,0,0,0.0,0.0,0.0,0.0,0.0,1,0,0.0,0.0,0
1533,2019-03-13,2019,3,13,72,11,0,1.0,0.0,0.0,0,0.0,0.0,6.1,0.0,6.1,6.1,0.87,1.19,0,0,0,0,0,0,0.0,0.0,0.0,0.0,0.0,1,0,0.0,0.0,0
1534,2019-03-14,2019,3,14,73,11,0,1.0,0.0,0.0,0,0.0,0.0,0.0,0.0,6.1,6.1,0.87,1.19,0,0,0,0,0,0,0.0,0.0,0.0,0.0,0.0,1,0,0.0,0.0,0
1535,2019-03-15,2019,3,15,74,11,0,1.0,0.0,0.0,0,0.0,0.0,0.0,0.0,0.0,6.1,0.87,1.17,0,0,0,0,0,0,0.0,0.0,0.0,0.0,0.07,1,0,0.0,0.0,0
1536,2019-03-16,2019,3,16,75,11,0,1.0,0.0,0.0,0,0.0,0.0,0.0,0.0,0.0,6.1,0.87,1.17,0,0,0,0,0,0,0.0,0.0,0.0,0.0,0.01,1,0,0.0,0.0,0
1537,2019-03-17,2019,3,17,76,11,0,1.0,0.0,0.0,0,0.0,0.0,0.0,0.0,0.0,0.0,0.0,1.17,0,0,0,0,0,0,0.0,0.0,0.0,0.0,0.0,1,0,0.0,0.0,0
1538,2019-03-18,2019,3,18,77,12,0,1.0,0.0,0.0,0,0.0,0.0,0.0,0.0,0.0,0.0,0.0,1.17,0,0,0,0,0,0,0.0,0.0,0.0,0.0,0.0,1,0,0.0,0.0,0
1539,2019-03-19,2019,3,19,78,12,0,1.0,0.0,17.7,3,0.0,0.0,0.0,17.7,17.7,17.7,2.53,1.76,0,0,1,0,0,0,0.0,0.0,0.0,0.0,0.05,1,0,0.0,0.0,0
1540,2019-03-20,2019,3,20,79,12,0,1.0,0.0,0.0,0,17.7,0.0,0.0,17.7,17.7,17.7,2.53,1.76,0,0,0,0,0,0,0.0,0.0,0.0,0.0,0.07,1,0,0.0,0.0,0
1541,2019-03-21,2019,3,21,80,12,0,1.0,0.0,0.0,0,0.0,17.7,0.0,17.7,17.7,17.7,2.53,1.76,0,0,0,0,0,0,0.0,0.0,0.0,0.0,0.0,1,0,0.0,0.0,0
1542,2019-03-22,2019,3,22,81,12,0,1.0,0.0,0.0,0,0.0,0.0,17.7,0.0,17.7,17.7,2.53,1.76,0,0,0,0,0,0,0.0,0.0,0.0,0.0,0.17,1,0,0.0,0.0,0
1543,2019-03-23,2019,3,23,82,12,0,1.0,0.0,0.0,0,0.0,0.0,0.0,0.0,17.7,17.7,2.53,1.41,0,0,0,0,0,0,0.0,0.0,0.0,0.0,0.16,1,0,0.0,0.0,0
1544,2019-03-24,2019,3,24,83,12,0,1.0,0.0,0.0,0,0.0,0.0,0.0,0.0,0.0,17.7,2.53,1.41,0,0,0,0,0,0,0.0,0.0,0.0,0.0,0.05,1,0,0.0,0.0,0
1545,2019-03-25,2019,3,25,84,13,0,1.0,0.0,0.0,0,0.0,0.0,0.0,0.0,0.0,17.7,2.53,1.09,0,0,0,0,0,0,0.0,0.0,0.0,0.0,0.17,1,0,0.0,0.0,0
1546,2019-03-26,2019,3,26,85,13,0,1.0,0.0,0.0,0,0.0,0.0,0.0,0.0,0.0,0.0,0.0,1.09,0,0,0,0,0,0,0.0,0.0,0.0,0.0,0.14,1,0,0.0,0.0,0
1547,2019-03-27,2019,3,27,86,13,0,1.0,0.0,0.0,0,0.0,0.0,0.0,0.0,0.0,0.0,0.0,1.09,0,0,0,0,0,0,0.0,0.0,0.0,0.0,0.04,1,0,0.0,0.0,0
1548,2019-03-28,2019,3,28,87,13,0,1.0,0.0,0.0,0,0.0,0.0,0.0,0.0,0.0,0.0,0.0,1.09,0,0,0,0,0,0,0.0,0.0,0.0,0.0,0.0,1,0,0.0,0.0,0
1549,2019-03-29,2019,3,29,88,13,0,1.0,0.0,0.0,0,0.0,0.0,0.0,0.0,0.0,0.0,0.0,1.09,0,0,0,0,0,0,0.0,0.0,0.0,0.0,0.04,1,0,0.0,0.0,0
1550,2019-03-30,2019,3,30,89,13,0,1.0,0.0,0.0,0,0.0,0.0,0.0,0.0,0.0,0.0,0.0,1.03,0,0,0,0,0,0,0.0,0.0,0.0,0.0,0.08,1,0,0.0,0.0,0
1551,2019-03-31,2019,3,31,90,13,0,1.0,0.0,0.0,0,0.0,0.0,0.0,0.0,0.0,0.0,0.0,1.03,0,0,0,0,0,0,0.0,0.0,0.0,0.0,0.11,1,0,0.0,0.0,0
1552,2019-04-01,2019,4,1,91,14,0,0.866025,-0.5,0.0,0,0.0,0.0,0.0,0.0,0.0,0.0,0.0,0.79,0,0,0,0,0,0,0.0,0.0,0.0,0.0,0.11,1,0,0.0,0.0,0
1553,2019-04-02,2019,4,2,92,14,0,0.866025,-0.5,14.3,3,0.0,0.0,0.0,14.3,14.3,14.3,2.04,1.27,0,0,1,0,0,0,0.0,0.0,0.0,0.0,0.21,1,0,0.0,0.0,0
1554,2019-04-03,2019,4,3,93,14,0,0.866025,-0.5,0.0,0,14.3,0.0,0.0,14.3,14.3,14.3,2.04,1.27,0,0,0,0,0,0,0.0,0.0,0.0,0.0,0.16,1,0,0.0,0.0,0
1555,2019-04-04,2019,4,4,94,14,0,0.866025,-0.5,0.0,0,0.0,14.3,0.0,14.3,14.3,14.3,2.04,1.27,0,0,0,0,0,0,0.0,0.0,0.0,0.0,0.1,1,0,0.0,0.0,0
1556,2019-04-05,2019,4,5,95,14,0,0.866025,-0.5,0.0,0,0.0,0.0,14.3,0.0,14.3,14.3,2.04,1.27,0,0,0,0,0,0,0.0,0.0,0.0,0.0,0.07,1,0,0.0,0.0,0
1557,2019-04-06,2019,4,6,96,14,0,0.866025,-0.5,0.0,0,0.0,0.0,0.0,0.0,14.3,14.3,2.04,1.27,0,0,0,0,0,0,0.0,0.0,0.0,0.0,0.16,1,0,0.0,0.0,0
1558,2019-04-07,2019,4,7,97,14,0,0.866025,-0.5,0.0,0,0.0,0.0,0.0,0.0,0.0,14.3,2.04,1.27,0,0,0,0,0,0,0.0,0.0,0.0,0.0,0.15,1,0,0.0,0.0,0
1559,2019-04-08,2019,4,8,98,15,0,0.866025,-0.5,19.3,3,0.0,0.0,0.0,19.3,19.3,33.6,4.8,1.91,0,0,1,0,0,0,0.0,0.0,0.0,0.0,0.03,1,0,0.0,0.0,0
1560,2019-04-09,2019,4,9,99,15,0,0.866025,-0.5,0.0,0,19.3,0.0,0.0,19.3,19.3,19.3,2.76,1.71,0,0,0,0,0,0,0.0,0.0,0.0,0.0,0.0,1,0,0.0,0.0,0
1561,2019-04-10,2019,4,10,100,15,0,0.866025,-0.5,0.0,0,0.0,19.3,0.0,19.3,19.3,19.3,2.76,1.71,0,0,0,0,0,0,0.0,0.0,0.0,0.0,0.0,1,0,0.0,0.0,0
1562,2019-04-11,2019,4,11,101,15,0,0.866025,-0.5,7.4,2,0.0,0.0,19.3,7.4,26.7,26.7,3.81,1.96,0,0,1,0,0,0,0.0,0.0,0.0,0.0,0.03,1,0,0.0,0.0,0
1563,2019-04-12,2019,4,12,102,15,0,0.866025,-0.5,0.0,0,7.4,0.0,0.0,7.4,26.7,26.7,3.81,1.96,0,0,0,0,0,0,0.0,0.0,0.0,0.0,0.17,1,0,0.0,0.0,0
1564,2019-04-13,2019,4,13,103,15,0,0.866025,-0.5,0.0,0,0.0,7.4,0.0,7.4,7.4,26.7,3.81,1.96,0,0,0,0,0,0,0.0,0.0,0.0,0.0,0.0,1,0,0.0,0.0,0
1565,2019-04-14,2019,4,14,104,15,0,0.866025,-0.5,20.0,3,0.0,0.0,7.4,20.0,27.4,46.7,6.67,2.62,0,0,1,0,0,0,0.0,0.0,0.0,0.0,0.0,1,0,0.0,0.0,0
1566,2019-04-15,2019,4,15,105,16,0,0.866025,-0.5,0.0,0,20.0,0.0,0.0,20.0,27.4,27.4,3.91,2.62,0,0,0,0,0,0,0.0,0.0,0.0,0.0,0.0,1,0,0.0,0.0,0
1567,2019-04-16,2019,4,16,106,16,0,0.866025,-0.5,26.2,3,0.0,20.0,0.0,46.2,46.2,53.6,7.66,3.5,0,0,1,0,0,0,0.0,0.0,0.0,0.0,0.08,1,0,0.0,0.0,0
1568,2019-04-17,2019,4,17,107,16,0,0.866025,-0.5,0.0,0,26.2,0.0,20.0,26.2,46.2,53.6,7.66,3.5,0,0,0,0,0,0,0.0,0.0,0.0,0.0,0.0,1,0,0.0,0.0,0
1569,2019-04-18,2019,4,18,108,16,0,0.866025,-0.5,0.0,0,0.0,26.2,0.0,26.2,46.2,46.2,6.6,2.91,0,0,0,0,0,0,0.0,0.0,0.0,0.0,0.07,1,0,0.0,0.0,0
1570,2019-04-19,2019,4,19,109,16,0,0.866025,-0.5,0.0,0,0.0,0.0,26.2,0.0,26.2,46.2,6.6,2.91,0,0,0,0,0,0,0.0,0.0,0.0,0.0,0.0,1,1,0.47,10.7,1
1571,2019-04-20,2019,4,20,110,16,0,0.866025,-0.5,0.0,0,0.0,0.0,0.0,0.0,26.2,46.2,6.6,2.91,0,0,0,0,0,0,0.0,0.0,0.0,0.0,0.03,1,0,0.0,0.0,0
1572,2019-04-21,2019,4,21,111,16,0,0.866025,-0.5,0.0,0,0.0,0.0,0.0,0.0,0.0,26.2,3.74,2.91,0,0,0,0,0,0,0.0,0.0,0.0,0.0,0.0,1,0,0.0,0.0,0
1573,2019-04-22,2019,4,22,112,17,0,0.866025,-0.5,0.0,0,0.0,0.0,0.0,0.0,0.0,26.2,3.74,2.91,0,0,0,0,0,0,0.0,0.0,0.0,0.0,0.09,1,0,0.0,0.0,0
1574,2019-04-23,2019,4,23,113,17,0,0.866025,-0.5,14.3,3,0.0,0.0,0.0,14.3,14.3,14.3,2.04,3.38,0,0,1,0,0,0,0.0,0.0,0.0,0.0,0.13,1,0,0.0,0.0,0
1575,2019-04-24,2019,4,24,114,17,0,0.866025,-0.5,0.0,0,14.3,0.0,0.0,14.3,14.3,14.3,2.04,3.38,0,0,0,0,0,0,0.0,0.0,0.0,0.0,0.03,1,0,0.0,0.0,0
1576,2019-04-25,2019,4,25,115,17,0,0.866025,-0.5,0.0,0,0.0,14.3,0.0,14.3,14.3,14.3,2.04,3.38,0,0,0,0,0,0,0.0,0.0,0.0,0.0,0.0,1,0,0.0,0.0,0
1577,2019-04-26,2019,4,26,116,17,0,0.866025,-0.5,0.0,0,0.0,0.0,14.3,0.0,14.3,14.3,2.04,3.38,0,0,0,0,0,0,0.0,0.0,0.0,0.0,0.1,1,0,0.0,0.0,0
1578,2019-04-27,2019,4,27,117,17,0,0.866025,-0.5,0.0,0,0.0,0.0,0.0,0.0,14.3,14.3,2.04,3.38,0,0,0,0,0,0,0.0,0.0,0.0,0.0,0.04,1,0,0.0,0.0,0
1579,2019-04-28,2019,4,28,118,17,0,0.866025,-0.5,0.0,0,0.0,0.0,0.0,0.0,0.0,14.3,2.04,3.38,0,0,0,0,0,0,0.0,0.0,0.0,0.0,0.0,1,0,0.0,0.0,0
1580,2019-04-29,2019,4,29,119,18,0,0.866025,-0.5,0.0,0,0.0,0.0,0.0,0.0,0.0,14.3,2.04,3.38,0,0,0,0,0,0,0.0,0.0,0.0,0.0,0.0,1,0,0.0,0.0,0
1581,2019-04-30,2019,4,30,120,18,0,0.866025,-0.5,0.0,0,0.0,0.0,0.0,0.0,0.0,0.0,0.0,3.38,0,0,0,0,0,0,0.0,0.0,0.0,0.0,0.01,1,0,0.0,0.0,0
1582,2019-05-01,2019,5,1,121,18,0,0.5,-0.866025,31.9,3,0.0,0.0,0.0,31.9,31.9,31.9,4.56,4.45,0,0,1,0,0,0,0.0,0.0,0.0,0.0,0.13,1,0,0.0,0.0,0
1583,2019-05-02,2019,5,2,122,18,0,0.5,-0.866025,20.6,3,31.9,0.0,0.0,52.5,52.5,52.5,7.5,4.66,0,0,2,0,0,0,0.0,0.0,0.0,0.0,0.11,1,0,0.0,0.0,0
1584,2019-05-03,2019,5,3,123,18,0,0.5,-0.866025,22.6,3,20.6,31.9,0.0,75.1,75.1,75.1,10.73,5.41,0,0,3,0,0,0,0.0,0.0,0.0,0.0,0.14,1,0,0.0,0.0,0
1585,2019-05-04,2019,5,4,124,18,0,0.5,-0.866025,0.0,0,22.6,20.6,31.9,43.2,75.1,75.1,10.73,5.41,0,0,0,0,0,0,0.0,0.0,0.0,0.0,0.07,1,0,0.0,0.0,0
1586,2019-05-05,2019,5,5,125,18,0,0.5,-0.866025,0.0,0,0.0,22.6,20.6,22.6,75.1,75.1,10.73,5.41,0,0,0,0,0,0,0.0,0.0,0.0,0.0,0.16,1,0,0.0,0.0,0
1587,2019-05-06,2019,5,6,126,19,0,0.5,-0.866025,0.0,0,0.0,0.0,22.6,0.0,43.2,75.1,10.73,5.41,0,0,0,0,0,0,0.0,0.0,0.0,0.0,0.06,1,0,0.0,0.0,0
1588,2019-05-07,2019,5,7,127,19,0,0.5,-0.866025,0.0,0,0.0,0.0,0.0,0.0,22.6,75.1,10.73,5.41,0,0,0,0,0,0,0.0,0.0,0.0,0.0,0.0,1,0,0.0,0.0,0
1589,2019-05-08,2019,5,8,128,19,0,0.5,-0.866025,57.9,4,0.0,0.0,0.0,57.9,57.9,101.1,14.44,6.7,1,0,1,0,0,0,0.0,0.0,0.0,0.0,0.09,1,0,0.0,0.0,0
1590,2019-05-09,2019,5,9,129,19,0,0.5,-0.866025,32.3,3,57.9,0.0,0.0,90.2,90.2,112.8,16.11,7.77,0,0,2,0,0,0,0.0,0.0,0.0,0.0,0.15,1,0,0.0,0.0,0
1591,2019-05-10,2019,5,10,130,19,0,0.5,-0.866025,30.6,3,32.3,57.9,0.0,120.8,120.8,120.8,17.26,8.79,0,0,3,0,0,0,0.0,0.0,0.0,0.0,0.29,1,0,0.0,0.0,0
1592,2019-05-11,2019,5,11,131,19,0,0.5,-0.866025,0.0,0,30.6,32.3,57.9,62.9,120.8,120.8,17.26,8.55,0,0,0,0,0,0,0.0,0.0,0.0,0.0,0.23,1,0,0.0,0.0,0
1593,2019-05-12,2019,5,12,132,19,0,0.5,-0.866025,15.5,3,0.0,30.6,32.3,46.1,136.3,136.3,19.47,9.06,0,0,1,0,0,0,0.0,0.0,0.0,0.0,0.23,1,0,0.0,0.0,0
1594,2019-05-13,2019,5,13,133,20,0,0.5,-0.866025,0.0,0,15.5,0.0,30.6,15.5,78.4,136.3,19.47,9.06,0,0,0,0,0,0,0.0,0.0,0.0,0.0,0.27,1,0,0.0,0.0,0
1595,2019-05-14,2019,5,14,134,20,0,0.5,-0.866025,0.0,0,0.0,15.5,0.0,15.5,46.1,136.3,19.47,8.4,0,0,0,0,0,0,0.0,0.0,0.0,0.0,0.28,1,0,0.0,0.0,0
1596,2019-05-15,2019,5,15,135,20,0,0.5,-0.866025,0.0,0,0.0,0.0,15.5,0.0,15.5,78.4,11.2,8.4,0,0,0,0,0,0,0.0,0.0,0.0,0.0,0.24,1,0,0.0,0.0,0
1597,2019-05-16,2019,5,16,136,20,0,0.5,-0.866025,32.3,3,0.0,0.0,0.0,32.3,47.8,78.4,11.2,8.6,0,0,1,0,0,0,0.0,0.0,0.0,0.0,0.47,1,0,0.0,0.0,0
1598,2019-05-17,2019,5,17,137,20,0,0.5,-0.866025,0.0,0,32.3,0.0,0.0,32.3,32.3,47.8,6.83,8.6,0,0,0,0,0,0,0.0,0.0,0.0,0.0,0.24,1,0,0.0,0.0,0
1599,2019-05-18,2019,5,18,138,20,0,0.5,-0.866025,0.0,0,0.0,32.3,0.0,32.3,32.3,47.8,6.83,8.6,0,0,0,0,0,0,0.0,0.0,0.0,0.0,0.3,1,0,0.0,0.0,0
1600,2019-05-19,2019,5,19,139,20,0,0.5,-0.866025,0.0,0,0.0,0.0,32.3,0.0,32.3,32.3,4.61,8.6,0,0,0,0,0,0,0.0,0.0,0.0,0.0,0.3,1,0,0.0,0.0,0
1601,2019-05-20,2019,5,20,140,21,0,0.5,-0.866025,0.0,0,0.0,0.0,0.0,0.0,32.3,32.3,4.61,8.6,0,0,0,0,0,0,0.0,0.0,0.0,0.0,0.13,1,0,0.0,0.0,0
1602,2019-05-21,2019,5,21,141,21,0,0.5,-0.866025,33.1,3,0.0,0.0,0.0,33.1,33.1,65.4,9.34,9.7,0,0,1,0,0,0,0.0,0.0,0.0,0.0,0.32,1,0,0.0,0.0,0
1603,2019-05-22,2019,5,22,142,21,0,0.5,-0.866025,8.1,3,33.1,0.0,0.0,41.2,41.2,73.5,10.5,9.97,0,0,2,0,0,0,0.0,0.0,0.0,0.0,0.38,1,0,0.0,0.0,0
1604,2019-05-23,2019,5,23,143,21,0,0.5,-0.866025,0.0,0,8.1,33.1,0.0,41.2,41.2,41.2,5.89,9.5,0,0,0,0,0,0,0.0,0.0,0.0,0.0,0.29,1,0,0.0,0.0,0
1605,2019-05-24,2019,5,24,144,21,0,0.5,-0.866025,0.0,0,0.0,8.1,33.1,8.1,41.2,41.2,5.89,9.5,0,0,0,0,0,0,0.0,0.0,0.0,0.0,0.16,1,0,0.0,0.0,0
1606,2019-05-25,2019,5,25,145,21,0,0.5,-0.866025,0.0,0,0.0,0.0,8.1,0.0,41.2,41.2,5.89,9.5,0,0,0,0,0,0,0.0,0.0,0.0,0.0,0.07,1,0,0.0,0.0,0
1607,2019-05-26,2019,5,26,146,21,0,0.5,-0.866025,0.0,0,0.0,0.0,0.0,0.0,8.1,41.2,5.89,9.5,0,0,0,0,0,0,0.0,0.0,0.0,0.0,0.18,1,0,0.0,0.0,0
1608,2019-05-27,2019,5,27,147,22,0,0.5,-0.866025,0.0,0,0.0,0.0,0.0,0.0,0.0,41.2,5.89,9.5,0,0,0,0,0,0,0.0,0.0,0.0,0.0,0.19,1,0,0.0,0.0,0
1609,2019-05-28,2019,5,28,148,22,0,0.5,-0.866025,31.9,3,0.0,0.0,0.0,31.9,31.9,40.0,5.71,10.56,0,0,1,0,0,0,0.0,0.0,0.0,0.0,0.16,1,0,0.0,0.0,0
1610,2019-05-29,2019,5,29,149,22,0,0.5,-0.866025,0.0,0,31.9,0.0,0.0,31.9,31.9,31.9,4.56,10.56,0,0,0,0,0,0,0.0,0.0,0.0,0.0,0.26,1,1,0.41,6.5,1
1611,2019-05-30,2019,5,30,150,22,0,0.5,-0.866025,0.0,0,0.0,31.9,0.0,31.9,31.9,31.9,4.56,10.56,0,0,0,0,0,0,0.0,0.0,0.0,0.0,0.29,1,0,0.0,0.0,0
1612,2019-05-31,2019,5,31,151,22,0,0.5,-0.866025,0.0,0,0.0,0.0,31.9,0.0,31.9,31.9,4.56,9.5,0,0,0,0,0,0,0.0,0.0,0.0,0.0,0.12,1,0,0.0,0.0,0
1613,2019-06-01,2019,6,1,152,22,1,0.0,-1.0,0.0,0,0.0,0.0,0.0,0.0,31.9,31.9,4.56,8.81,0,0,0,0,0,0,0.0,0.0,0.0,0.0,0.12,1,0,0.0,0.0,0
1614,2019-06-02,2019,6,2,153,22,1,0.0,-1.0,3.3,2,0.0,0.0,0.0,3.3,3.3,35.2,5.03,8.17,0,0,1,0,0,0,0.0,0.0,0.0,0.0,0.11,1,0,0.0,0.0,0
1615,2019-06-03,2019,6,3,154,23,1,0.0,-1.0,31.1,3,3.3,0.0,0.0,34.4,34.4,66.3,9.47,9.2,0,0,2,0,0,0,0.0,0.0,0.0,0.0,0.2,1,0,0.0,0.0,0
1616,2019-06-04,2019,6,4,155,23,1,0.0,-1.0,0.0,0,31.1,3.3,0.0,34.4,34.4,34.4,4.91,9.2,0,0,0,0,0,0,0.0,0.0,0.0,0.0,0.22,1,0,0.0,0.0,0
1617,2019-06-05,2019,6,5,156,23,1,0.0,-1.0,0.0,0,0.0,31.1,3.3,31.1,34.4,34.4,4.91,9.2,0,0,0,0,0,0,0.0,0.0,0.0,0.0,0.22,1,0,0.0,0.0,0
1618,2019-06-06,2019,6,6,157,23,1,0.0,-1.0,1.5,1,0.0,0.0,31.1,1.5,35.9,35.9,5.13,9.25,0,0,1,0,0,0,0.0,0.0,0.0,0.0,0.26,1,0,0.0,0.0,0
1619,2019-06-07,2019,6,7,158,23,1,0.0,-1.0,0.0,0,1.5,0.0,0.0,1.5,32.6,35.9,5.13,7.32,0,0,0,0,0,0,0.0,0.0,0.0,0.0,0.19,1,0,0.0,0.0,0
1620,2019-06-08,2019,6,8,159,23,1,0.0,-1.0,11.7,3,0.0,1.5,0.0,13.2,13.2,47.6,6.8,6.64,0,0,1,0,0,0,0.0,0.0,0.0,0.0,0.17,1,0,0.0,0.0,0
1621,2019-06-09,2019,6,9,160,23,1,0.0,-1.0,0.0,0,11.7,0.0,1.5,11.7,13.2,44.3,6.33,5.62,0,0,0,0,0,0,0.0,0.0,0.0,0.0,0.12,1,0,0.0,0.0,0
1622,2019-06-10,2019,6,10,161,24,1,0.0,-1.0,0.0,0,0.0,11.7,0.0,11.7,13.2,13.2,1.89,5.62,0,0,0,0,0,0,0.0,0.0,0.0,0.0,0.0,1,0,0.0,0.0,0
1623,2019-06-11,2019,6,11,162,24,1,0.0,-1.0,0.0,0,0.0,0.0,11.7,0.0,11.7,13.2,1.89,5.1,0,0,0,0,0,0,0.0,0.0,0.0,0.0,0.0,1,0,0.0,0.0,0
1624,2019-06-12,2019,6,12,163,24,1,0.0,-1.0,0.0,0,0.0,0.0,0.0,0.0,11.7,13.2,1.89,5.1,0,0,0,0,0,0,0.0,0.0,0.0,0.0,0.11,1,0,0.0,0.0,0
1625,2019-06-13,2019,6,13,164,24,1,0.0,-1.0,0.0,0,0.0,0.0,0.0,0.0,0.0,11.7,1.67,5.1,0,0,0,0,0,0,0.0,0.0,0.0,0.0,0.03,1,0,0.0,0.0,0
1626,2019-06-14,2019,6,14,165,24,1,0.0,-1.0,0.0,0,0.0,0.0,0.0,0.0,0.0,11.7,1.67,5.1,0,0,0,0,0,0,0.0,0.0,0.0,0.0,0.0,1,0,0.0,0.0,0
1627,2019-06-15,2019,6,15,166,24,1,0.0,-1.0,0.0,0,0.0,0.0,0.0,0.0,0.0,0.0,0.0,4.02,0,0,0,0,0,0,0.0,0.0,0.0,0.0,0.04,1,0,0.0,0.0,0
1628,2019-06-16,2019,6,16,167,24,1,0.0,-1.0,16.3,3,0.0,0.0,0.0,16.3,16.3,16.3,2.33,4.57,0,0,1,0,0,0,0.0,0.0,0.0,0.0,0.31,1,0,0.0,0.0,0
1629,2019-06-17,2019,6,17,168,25,1,0.0,-1.0,0.0,0,16.3,0.0,0.0,16.3,16.3,16.3,2.33,4.57,0,0,0,0,0,0,0.0,0.0,0.0,0.0,0.2,1,0,0.0,0.0,0
1630,2019-06-18,2019,6,18,169,25,1,0.0,-1.0,0.0,0,0.0,16.3,0.0,16.3,16.3,16.3,2.33,4.57,0,0,0,0,0,0,0.0,0.0,0.0,0.0,0.2,1,0,0.0,0.0,0
1631,2019-06-19,2019,6,19,170,25,1,0.0,-1.0,34.3,3,0.0,0.0,16.3,34.3,50.6,50.6,7.23,5.71,0,0,1,0,0,0,0.0,0.0,0.0,0.0,0.23,1,0,0.0,0.0,0
1632,2019-06-20,2019,6,20,171,25,1,0.0,-1.0,0.0,0,34.3,0.0,0.0,34.3,50.6,50.6,7.23,4.61,0,0,0,0,0,0,0.0,0.0,0.0,0.0,0.07,1,0,0.0,0.0,0
1633,2019-06-21,2019,6,21,172,25,1,0.0,-1.0,0.0,0,0.0,34.3,0.0,34.3,34.3,50.6,7.23,4.34,0,0,0,0,0,0,0.0,0.0,0.0,0.0,0.02,1,0,0.0,0.0,0
1634,2019-06-22,2019,6,22,173,25,1,0.0,-1.0,17.5,3,0.0,0.0,34.3,17.5,51.8,68.1,9.73,4.92,0,0,1,0,0,0,0.0,0.0,0.0,0.0,0.03,1,0,0.0,0.0,0
1635,2019-06-23,2019,6,23,174,25,1,0.0,-1.0,0.0,0,17.5,0.0,0.0,17.5,51.8,51.8,7.4,4.92,0,0,0,0,0,0,0.0,0.0,0.0,0.0,0.0,1,0,0.0,0.0,0
1636,2019-06-24,2019,6,24,175,26,1,0.0,-1.0,0.0,0,0.0,17.5,0.0,17.5,17.5,51.8,7.4,4.92,0,0,0,0,0,0,0.0,0.0,0.0,0.0,0.0,1,0,0.0,0.0,0
1637,2019-06-25,2019,6,25,176,26,1,0.0,-1.0,26.8,3,0.0,0.0,17.5,26.8,44.3,78.6,11.23,5.81,0,0,1,0,0,0,0.0,0.0,0.0,0.0,0.0,1,0,0.0,0.0,0
1638,2019-06-26,2019,6,26,177,26,1,0.0,-1.0,43.3,3,26.8,0.0,0.0,70.1,87.6,87.6,12.51,7.26,0,0,2,0,0,0,0.0,0.0,0.0,0.0,0.01,1,0,0.0,0.0,0
1639,2019-06-27,2019,6,27,178,26,1,0.0,-1.0,0.0,0,43.3,26.8,0.0,70.1,70.1,87.6,12.51,6.19,0,0,0,0,0,0,0.0,0.0,0.0,0.0,0.0,1,0,0.0,0.0,0
1640,2019-06-28,2019,6,28,179,26,1,0.0,-1.0,0.0,0,0.0,43.3,26.8,43.3,70.1,87.6,12.51,6.19,0,0,0,0,0,0,0.0,0.0,0.0,0.0,0.0,1,0,0.0,0.0,0
1641,2019-06-29,2019,6,29,180,26,1,0.0,-1.0,63.3,4,0.0,0.0,43.3,63.3,133.4,133.4,19.06,8.3,1,0,1,0,0,0,0.0,0.0,0.0,0.0,0.3,1,0,0.0,0.0,0
1642,2019-06-30,2019,6,30,181,26,1,0.0,-1.0,36.6,3,63.3,0.0,0.0,99.9,143.2,170.0,24.29,9.52,0,0,2,0,0,0,0.0,0.0,0.0,0.0,0.44,1,0,0.0,0.0,0
1643,2019-07-01,2019,7,1,182,27,1,-0.5,-0.866025,0.0,0,36.6,63.3,0.0,99.9,99.9,170.0,24.29,9.52,0,0,0,0,0,0,0.0,0.0,0.0,0.0,0.27,1,0,0.0,0.0,0
1644,2019-07-02,2019,7,2,183,27,1,-0.5,-0.866025,0.0,0,0.0,36.6,63.3,36.6,99.9,143.2,20.46,9.41,0,0,0,0,0,0,0.0,0.0,0.0,0.0,0.16,1,0,0.0,0.0,0
1645,2019-07-03,2019,7,3,184,27,1,-0.5,-0.866025,39.4,3,0.0,0.0,36.6,39.4,139.3,139.3,19.9,9.69,0,0,1,0,0,0,0.0,0.0,0.0,0.0,0.19,1,0,0.0,0.0,0
1646,2019-07-04,2019,7,4,185,27,1,-0.5,-0.866025,3.4,2,39.4,0.0,0.0,42.8,79.4,142.7,20.39,9.8,0,0,2,0,0,0,0.0,0.0,0.0,0.0,0.04,1,0,0.0,0.0,0
1647,2019-07-05,2019,7,5,186,27,1,-0.5,-0.866025,0.0,0,3.4,39.4,0.0,42.8,42.8,142.7,20.39,9.8,0,0,0,0,0,0,0.0,0.0,0.0,0.0,0.0,1,0,0.0,0.0,0
1648,2019-07-06,2019,7,6,187,27,1,-0.5,-0.866025,0.0,0,0.0,3.4,39.4,3.4,42.8,79.4,11.34,9.75,0,0,0,0,0,0,0.0,0.0,0.0,0.0,0.0,1,0,0.0,0.0,0
1649,2019-07-07,2019,7,7,188,27,1,-0.5,-0.866025,0.0,0,0.0,0.0,3.4,0.0,42.8,42.8,6.11,9.75,0,0,0,0,0,0,0.0,0.0,0.0,0.0,0.0,1,0,0.0,0.0,0
1650,2019-07-08,2019,7,8,189,28,1,-0.5,-0.866025,36.1,3,0.0,0.0,0.0,36.1,39.5,78.9,11.27,10.57,0,0,1,0,0,0,0.0,0.0,0.0,0.0,0.18,1,0,0.0,0.0,0
1651,2019-07-09,2019,7,9,190,28,1,-0.5,-0.866025,77.1,4,36.1,0.0,0.0,113.2,113.2,156.0,22.29,13.14,1,0,2,0,0,0,0.0,0.0,0.0,0.0,0.4,1,0,0.0,0.0,0
1652,2019-07-10,2019,7,10,191,28,1,-0.5,-0.866025,67.9,4,77.1,36.1,0.0,181.1,181.1,184.5,26.36,15.4,1,0,3,0,0,0,0.0,0.0,0.0,0.0,0.47,1,1,0.41,6.5,1
1653,2019-07-11,2019,7,11,192,28,1,-0.5,-0.866025,0.0,0,67.9,77.1,36.1,145.0,181.1,181.1,25.87,15.4,0,0,0,0,0,0,0.0,0.0,0.0,0.0,0.42,1,0,0.0,0.0,0
1654,2019-07-12,2019,7,12,193,28,1,-0.5,-0.866025,0.0,0,0.0,67.9,77.1,67.9,181.1,181.1,25.87,15.4,0,0,0,0,0,0,0.0,0.0,0.0,0.0,0.38,1,0,0.0,0.0,0
1655,2019-07-13,2019,7,13,194,28,1,-0.5,-0.866025,27.6,3,0.0,0.0,67.9,27.6,172.6,208.7,29.81,16.32,0,0,1,0,0,0,0.0,0.0,0.0,0.0,0.52,1,0,0.0,0.0,0
1656,2019-07-14,2019,7,14,195,28,1,-0.5,-0.866025,0.0,0,27.6,0.0,0.0,27.6,95.5,208.7,29.81,16.32,0,0,0,0,0,0,0.0,0.0,0.0,0.0,0.37,1,0,0.0,0.0,0
1657,2019-07-15,2019,7,15,196,29,1,-0.5,-0.866025,0.0,0,0.0,27.6,0.0,27.6,27.6,172.6,24.66,16.32,0,0,0,0,0,0,0.0,0.0,0.0,0.0,0.31,1,0,0.0,0.0,0
1658,2019-07-16,2019,7,16,197,29,1,-0.5,-0.866025,0.0,0,0.0,0.0,27.6,0.0,27.6,95.5,13.64,15.78,0,0,0,0,0,0,0.0,0.0,0.0,0.0,0.21,1,0,0.0,0.0,0
1659,2019-07-17,2019,7,17,198,29,1,-0.5,-0.866025,0.0,0,0.0,0.0,0.0,0.0,27.6,27.6,3.94,15.78,0,0,0,0,0,0,0.0,0.0,0.0,0.0,0.11,1,0,0.0,0.0,0
1660,2019-07-18,2019,7,18,199,29,1,-0.5,-0.866025,67.5,4,0.0,0.0,0.0,67.5,67.5,95.1,13.59,18.03,1,0,1,0,0,0,0.0,0.0,0.0,0.0,0.39,1,0,0.0,0.0,0
1661,2019-07-19,2019,7,19,200,29,1,-0.5,-0.866025,15.8,3,67.5,0.0,0.0,83.3,83.3,110.9,15.84,17.41,0,0,2,0,0,0,0.0,0.0,0.0,0.0,0.4,1,0,0.0,0.0,0
1662,2019-07-20,2019,7,20,201,29,1,-0.5,-0.866025,53.9,4,15.8,67.5,0.0,137.2,137.2,137.2,19.6,19.21,1,0,3,0,0,0,0.0,0.0,0.0,0.0,0.41,1,0,0.0,0.0,0
1663,2019-07-21,2019,7,21,202,29,1,-0.5,-0.866025,0.0,0,53.9,15.8,67.5,69.7,137.2,137.2,19.6,19.21,0,0,0,0,0,0,0.0,0.0,0.0,0.0,0.32,1,0,0.0,0.0,0
1664,2019-07-22,2019,7,22,203,30,1,-0.5,-0.866025,98.7,4,0.0,53.9,15.8,152.6,235.9,235.9,33.7,21.91,1,0,1,0,0,0,0.0,0.0,0.0,0.0,0.64,1,1,0.4,15.2,2
1665,2019-07-23,2019,7,23,204,30,1,-0.5,-0.866025,14.4,3,98.7,0.0,53.9,113.1,182.8,250.3,35.76,22.39,0,0,2,0,0,0,0.0,0.0,0.0,0.0,0.54,1,0,0.0,0.0,0
1666,2019-07-24,2019,7,24,205,30,1,-0.5,-0.866025,92.5,4,14.4,98.7,0.0,205.6,259.5,342.8,48.97,25.48,1,0,3,1,3,Julio,4.0,195.0,0.0,0.0,0.73,1,1,1.35,33.9,3
1667,2019-07-25,2019,7,25,206,30,1,-0.5,-0.866025,57.8,4,92.5,14.4,98.7,164.7,263.4,333.1,47.59,26.51,1,0,4,1,3,Julio,4.0,195.0,0.0,1.0,0.98,1,1,1.24,39.9,3
1668,2019-07-26,2019,7,26,207,30,1,-0.5,-0.866025,0.0,0,57.8,92.5,14.4,150.3,263.4,317.3,45.33,25.07,0,0,0,1,3,Julio,4.0,195.0,0.0,2.0,0.7,1,1,0.21,9.1,1
1669,2019-07-27,2019,7,27,208,30,1,-0.5,-0.866025,0.0,0,0.0,57.8,92.5,57.8,164.7,263.4,37.63,25.07,0,0,0,0,0,0,0.0,0.0,0.0,0.0,0.5,1,0,0.0,0.0,0
1670,2019-07-28,2019,7,28,209,30,1,-0.5,-0.866025,49.7,3,0.0,0.0,57.8,49.7,200.0,313.1,44.73,26.72,0,0,1,0,0,0,0.0,0.0,0.0,0.0,0.7,1,0,0.0,0.0,0
1671,2019-07-29,2019,7,29,210,31,1,-0.5,-0.866025,38.5,3,49.7,0.0,0.0,88.2,146.0,252.9,36.13,25.9,0,0,2,0,0,0,0.0,0.0,0.0,0.0,0.69,1,0,0.0,0.0,0
1672,2019-07-30,2019,7,30,211,31,1,-0.5,-0.866025,0.0,0,38.5,49.7,0.0,88.2,88.2,238.5,34.07,24.68,0,0,0,0,0,0,0.0,0.0,0.0,0.0,0.54,1,1,0.48,4.0,1
1673,2019-07-31,2019,7,31,212,31,1,-0.5,-0.866025,85.7,4,0.0,38.5,49.7,124.2,173.9,231.7,33.1,27.53,1,0,1,0,0,0,0.0,0.0,0.0,0.0,0.6,1,0,0.0,0.0,0
1674,2019-08-01,2019,8,1,213,31,1,-0.866025,-0.5,81.6,4,85.7,0.0,38.5,167.3,255.5,255.5,36.5,30.25,1,0,2,0,0,0,0.0,0.0,0.0,0.0,0.78,1,0,0.0,0.0,0
1675,2019-08-02,2019,8,2,214,31,1,-0.866025,-0.5,38.2,3,81.6,85.7,0.0,205.5,244.0,293.7,41.96,30.21,0,0,3,0,0,0,0.0,0.0,0.0,0.0,0.8,1,1,0.83,18.0,3
1676,2019-08-03,2019,8,3,215,31,1,-0.866025,-0.5,6.5,2,38.2,81.6,85.7,126.3,212.0,300.2,42.89,30.32,0,0,4,0,0,0,0.0,0.0,0.0,0.0,0.76,1,1,0.39,10.4,1
1677,2019-08-04,2019,8,4,216,31,1,-0.866025,-0.5,0.0,0,6.5,38.2,81.6,44.7,212.0,250.5,35.79,30.32,0,0,0,0,0,0,0.0,0.0,0.0,0.0,0.72,1,0,0.0,0.0,0
1678,2019-08-05,2019,8,5,217,32,1,-0.866025,-0.5,27.6,3,0.0,6.5,38.2,34.1,153.9,239.6,34.23,31.24,0,0,1,0,0,0,0.0,0.0,0.0,0.0,0.7,1,1,0.95,34.6,3
1679,2019-08-06,2019,8,6,218,32,1,-0.866025,-0.5,26.9,3,27.6,0.0,6.5,54.5,99.2,266.5,38.07,32.13,0,0,2,0,0,0,0.0,0.0,0.0,0.0,0.59,1,0,0.0,0.0,0
1680,2019-08-07,2019,8,7,219,32,1,-0.866025,-0.5,0.0,0,26.9,27.6,0.0,54.5,61.0,180.8,25.83,30.93,0,0,0,0,0,0,0.0,0.0,0.0,0.0,0.36,1,0,0.0,0.0,0
1681,2019-08-08,2019,8,8,220,32,1,-0.866025,-0.5,0.0,0,0.0,26.9,27.6,26.9,54.5,99.2,14.17,28.36,0,0,0,0,0,0,0.0,0.0,0.0,0.0,0.42,1,0,0.0,0.0,0
1682,2019-08-09,2019,8,9,221,32,1,-0.866025,-0.5,0.0,0,0.0,0.0,26.9,0.0,54.5,61.0,8.71,26.1,0,0,0,0,0,0,0.0,0.0,0.0,0.0,0.29,1,1,0.41,9.1,1
1683,2019-08-10,2019,8,10,222,32,1,-0.866025,-0.5,0.0,0,0.0,0.0,0.0,0.0,26.9,54.5,7.79,26.1,0,0,0,0,0,0,0.0,0.0,0.0,0.0,0.33,1,0,0.0,0.0,0
1684,2019-08-11,2019,8,11,223,32,1,-0.866025,-0.5,0.0,0,0.0,0.0,0.0,0.0,0.0,54.5,7.79,26.1,0,0,0,0,0,0,0.0,0.0,0.0,0.0,0.33,1,0,0.0,0.0,0
1685,2019-08-12,2019,8,12,224,33,1,-0.866025,-0.5,0.0,0,0.0,0.0,0.0,0.0,0.0,26.9,3.84,25.18,0,0,0,0,0,0,0.0,0.0,0.0,0.0,0.24,1,0,0.0,0.0,0
1686,2019-08-13,2019,8,13,225,33,1,-0.866025,-0.5,50.6,4,0.0,0.0,0.0,50.6,50.6,50.6,7.23,26.86,1,0,1,0,0,0,0.0,0.0,0.0,0.0,0.49,1,1,0.31,4.1,1
1687,2019-08-14,2019,8,14,226,33,1,-0.866025,-0.5,27.4,3,50.6,0.0,0.0,78.0,78.0,78.0,11.14,27.78,0,0,2,0,0,0,0.0,0.0,0.0,0.0,0.48,1,0,0.0,0.0,0
1688,2019-08-15,2019,8,15,227,33,1,-0.866025,-0.5,0.0,0,27.4,50.6,0.0,78.0,78.0,78.0,11.14,27.78,0,0,0,0,0,0,0.0,0.0,0.0,0.0,0.5,1,0,0.0,0.0,0
1689,2019-08-16,2019,8,16,228,33,1,-0.866025,-0.5,10.0,3,0.0,27.4,50.6,37.4,88.0,88.0,12.57,28.11,0,0,1,0,0,0,0.0,0.0,0.0,0.0,0.41,1,0,0.0,0.0,0
1690,2019-08-17,2019,8,17,229,33,1,-0.866025,-0.5,61.1,4,10.0,0.0,27.4,71.1,149.1,149.1,21.3,27.9,1,0,2,0,0,0,0.0,0.0,0.0,0.0,0.51,1,0,0.0,0.0,0
1691,2019-08-18,2019,8,18,230,33,1,-0.866025,-0.5,25.7,3,61.1,10.0,0.0,96.8,124.2,174.8,24.97,28.23,0,0,3,0,0,0,0.0,0.0,0.0,0.0,0.48,1,0,0.0,0.0,0
1692,2019-08-19,2019,8,19,231,34,1,-0.866025,-0.5,43.1,3,25.7,61.1,10.0,129.9,139.9,217.9,31.13,27.87,0,0,4,0,0,0,0.0,0.0,0.0,0.0,0.72,1,0,0.0,0.0,0
1693,2019-08-20,2019,8,20,232,34,1,-0.866025,-0.5,0.0,0,43.1,25.7,61.1,68.8,139.9,167.3,23.9,27.87,0,0,0,0,0,0,0.0,0.0,0.0,0.0,0.61,1,0,0.0,0.0,0
1694,2019-08-21,2019,8,21,233,34,1,-0.866025,-0.5,0.0,0,0.0,43.1,25.7,43.1,129.9,139.9,19.99,24.58,0,0,0,0,0,0,0.0,0.0,0.0,0.0,0.49,1,0,0.0,0.0,0
1695,2019-08-22,2019,8,22,234,34,1,-0.866025,-0.5,0.0,0,0.0,0.0,43.1,0.0,68.8,139.9,19.99,24.1,0,0,0,0,0,0,0.0,0.0,0.0,0.0,0.25,1,0,0.0,0.0,0
1696,2019-08-23,2019,8,23,235,34,1,-0.866025,-0.5,14.5,3,0.0,0.0,0.0,14.5,57.6,144.4,20.63,21.5,0,0,1,0,0,0,0.0,0.0,0.0,0.0,0.19,1,0,0.0,0.0,0
1697,2019-08-24,2019,8,24,236,34,1,-0.866025,-0.5,0.0,0,14.5,0.0,0.0,14.5,14.5,83.3,11.9,19.57,0,0,0,0,0,0,0.0,0.0,0.0,0.0,0.04,1,0,0.0,0.0,0
1698,2019-08-25,2019,8,25,237,34,1,-0.866025,-0.5,0.0,0,0.0,14.5,0.0,14.5,14.5,57.6,8.23,19.57,0,0,0,0,0,0,0.0,0.0,0.0,0.0,0.0,1,0,0.0,0.0,0
1699,2019-08-26,2019,8,26,238,35,1,-0.866025,-0.5,0.0,0,0.0,0.0,14.5,0.0,14.5,14.5,2.07,19.57,0,0,0,0,0,0,0.0,0.0,0.0,0.0,0.0,1,0,0.0,0.0,0
1700,2019-08-27,2019,8,27,239,35,1,-0.866025,-0.5,0.0,0,0.0,0.0,0.0,0.0,14.5,14.5,2.07,17.91,0,0,0,0,0,0,0.0,0.0,0.0,0.0,0.17,1,0,0.0,0.0,0
1701,2019-08-28,2019,8,28,240,35,1,-0.866025,-0.5,18.2,3,0.0,0.0,0.0,18.2,18.2,32.7,4.67,17.24,0,0,1,0,0,0,0.0,0.0,0.0,0.0,0.3,1,0,0.0,0.0,0
1702,2019-08-29,2019,8,29,241,35,1,-0.866025,-0.5,0.0,0,18.2,0.0,0.0,18.2,18.2,32.7,4.67,17.24,0,0,0,0,0,0,0.0,0.0,0.0,0.0,0.33,1,0,0.0,0.0,0
1703,2019-08-30,2019,8,30,242,35,1,-0.866025,-0.5,18.2,3,0.0,18.2,0.0,36.4,36.4,36.4,5.2,14.99,0,0,1,0,0,0,0.0,0.0,0.0,0.0,0.28,1,0,0.0,0.0,0
1704,2019-08-31,2019,8,31,243,35,1,-0.866025,-0.5,0.0,0,18.2,0.0,18.2,18.2,36.4,36.4,5.2,12.27,0,0,0,0,0,0,0.0,0.0,0.0,0.0,0.17,1,1,0.4,9.2,1
1705,2019-09-01,2019,9,1,244,35,1,-1.0,-0.0,3.6,2,0.0,18.2,0.0,21.8,40.0,40.0,5.71,11.11,0,0,1,0,0,0,0.0,0.0,0.0,0.0,0.0,1,0,0.0,0.0,0
1706,2019-09-02,2019,9,2,245,36,1,-1.0,-0.0,96.9,4,3.6,0.0,18.2,100.5,118.7,136.9,19.56,14.13,1,0,2,0,0,0,0.0,0.0,0.0,0.0,0.4,1,0,0.0,0.0,0
1707,2019-09-03,2019,9,3,246,36,1,-1.0,-0.0,0.0,0,96.9,3.6,0.0,100.5,118.7,136.9,19.56,14.13,0,0,0,0,0,0,0.0,0.0,0.0,0.0,0.29,1,0,0.0,0.0,0
1708,2019-09-04,2019,9,4,247,36,1,-1.0,-0.0,105.9,4,0.0,96.9,3.6,202.8,206.4,224.6,32.09,16.74,1,1,1,0,0,0,0.0,0.0,0.0,0.0,0.57,1,1,1.57,29.4,3
1709,2019-09-05,2019,9,5,248,36,1,-1.0,-0.0,13.2,3,105.9,0.0,96.9,119.1,219.6,237.8,33.97,16.28,0,0,2,0,0,0,0.0,0.0,0.0,0.0,0.56,1,0,0.0,0.0,0
1710,2019-09-06,2019,9,6,249,36,1,-1.0,-0.0,0.0,0,13.2,105.9,0.0,119.1,216.0,219.6,31.37,16.28,0,0,0,0,0,0,0.0,0.0,0.0,0.0,0.34,1,0,0.0,0.0,0
1711,2019-09-07,2019,9,7,250,36,1,-1.0,-0.0,0.0,0,0.0,13.2,105.9,13.2,119.1,219.6,31.37,16.28,0,0,0,0,0,0,0.0,0.0,0.0,0.0,0.36,1,0,0.0,0.0,0
1712,2019-09-08,2019,9,8,251,36,1,-1.0,-0.0,110.3,4,0.0,0.0,13.2,110.3,229.4,326.3,46.61,19.96,1,1,1,0,0,0,0.0,0.0,0.0,0.0,0.51,1,1,1.1,40.9,3
1713,2019-09-09,2019,9,9,252,37,1,-1.0,-0.0,0.0,0,110.3,0.0,0.0,110.3,123.5,229.4,32.77,19.96,0,0,0,0,0,0,0.0,0.0,0.0,0.0,0.27,1,1,0.27,8.1,1
1714,2019-09-10,2019,9,10,253,37,1,-1.0,-0.0,0.0,0,0.0,110.3,0.0,110.3,110.3,229.4,32.77,19.96,0,0,0,0,0,0,0.0,0.0,0.0,0.0,0.3,1,0,0.0,0.0,0
1715,2019-09-11,2019,9,11,254,37,1,-1.0,-0.0,14.7,3,0.0,0.0,110.3,14.7,125.0,138.2,19.74,20.45,0,0,1,0,0,0,0.0,0.0,0.0,0.0,0.32,1,0,0.0,0.0,0
1716,2019-09-12,2019,9,12,255,37,1,-1.0,-0.0,124.2,4,14.7,0.0,0.0,138.9,249.2,249.2,35.6,22.9,1,1,2,0,0,0,0.0,0.0,0.0,0.0,0.69,1,1,0.56,15.3,2
1717,2019-09-13,2019,9,13,256,37,1,-1.0,-0.0,34.8,3,124.2,14.7,0.0,173.7,173.7,284.0,40.57,23.15,0,0,3,0,0,0,0.0,0.0,0.0,0.0,0.49,1,1,0.43,7.1,1
1718,2019-09-14,2019,9,14,257,37,1,-1.0,-0.0,0.0,0,34.8,124.2,14.7,159.0,173.7,284.0,40.57,23.15,0,0,0,0,0,0,0.0,0.0,0.0,0.0,0.46,1,0,0.0,0.0,0
1719,2019-09-15,2019,9,15,258,37,1,-1.0,-0.0,12.4,3,0.0,34.8,124.2,47.2,186.1,186.1,26.59,23.23,0,0,1,0,0,0,0.0,0.0,0.0,0.0,0.53,1,0,0.0,0.0,0
1720,2019-09-16,2019,9,16,259,38,1,-1.0,-0.0,0.0,0,12.4,0.0,34.8,12.4,171.4,186.1,26.59,21.19,0,0,0,0,0,0,0.0,0.0,0.0,0.0,0.39,1,0,0.0,0.0,0
1721,2019-09-17,2019,9,17,260,38,1,-1.0,-0.0,40.3,3,0.0,12.4,0.0,52.7,87.5,226.4,32.34,21.68,0,0,1,0,0,0,0.0,0.0,0.0,0.0,0.4,1,0,0.0,0.0,0
1722,2019-09-18,2019,9,18,261,38,1,-1.0,-0.0,53.7,4,40.3,0.0,12.4,94.0,106.4,265.4,37.91,22.03,1,0,2,0,0,0,0.0,0.0,0.0,0.0,0.66,1,1,0.42,16.3,2
1723,2019-09-19,2019,9,19,262,38,1,-1.0,-0.0,3.6,2,53.7,40.3,0.0,97.6,110.0,144.8,20.69,22.15,0,0,3,0,0,0,0.0,0.0,0.0,0.0,0.47,1,0,0.0,0.0,0
1724,2019-09-20,2019,9,20,263,38,1,-1.0,-0.0,0.0,0,3.6,53.7,40.3,57.3,97.6,110.0,15.71,22.15,0,0,0,0,0,0,0.0,0.0,0.0,0.0,0.18,1,0,0.0,0.0,0
1725,2019-09-21,2019,9,21,264,38,1,-1.0,-0.0,57.4,4,0.0,3.6,53.7,61.0,155.0,167.4,23.91,24.06,1,0,1,0,0,0,0.0,0.0,0.0,0.0,0.38,1,1,0.45,9.2,1
1726,2019-09-22,2019,9,22,265,38,1,-1.0,-0.0,0.0,0,57.4,0.0,3.6,57.4,114.7,155.0,22.14,23.58,0,0,0,0,0,0,0.0,0.0,0.0,0.0,0.23,1,0,0.0,0.0,0
1727,2019-09-23,2019,9,23,266,39,1,-1.0,-0.0,164.8,4,0.0,57.4,0.0,222.2,225.8,319.8,45.69,29.07,1,1,1,0,0,0,0.0,0.0,0.0,0.0,0.8,1,1,1.3,15.5,3
1728,2019-09-24,2019,9,24,267,39,1,-1.0,-0.0,117.2,4,164.8,0.0,57.4,282.0,339.4,396.7,56.67,32.98,1,1,2,0,0,0,0.0,0.0,0.0,0.0,0.97,1,1,1.23,40.6,3
1729,2019-09-25,2019,9,25,268,39,1,-1.0,-0.0,0.0,0,117.2,164.8,0.0,282.0,339.4,343.0,49.0,32.98,0,0,0,0,0,0,0.0,0.0,0.0,0.0,0.75,1,0,0.0,0.0,0
1730,2019-09-26,2019,9,26,269,39,1,-1.0,-0.0,75.7,4,0.0,117.2,164.8,192.9,357.7,415.1,59.3,35.5,1,0,1,0,0,0,0.0,0.0,0.0,0.0,0.81,1,1,0.7,14.2,2
1731,2019-09-27,2019,9,27,270,39,1,-1.0,-0.0,9.7,3,75.7,0.0,117.2,85.4,367.4,424.8,60.69,35.22,0,0,2,0,0,0,0.0,0.0,0.0,0.0,0.62,1,0,0.0,0.0,0
1732,2019-09-28,2019,9,28,271,39,1,-1.0,-0.0,0.0,0,9.7,75.7,0.0,85.4,202.6,367.4,52.49,35.22,0,0,0,0,0,0,0.0,0.0,0.0,0.0,0.5,1,0,0.0,0.0,0
1733,2019-09-29,2019,9,29,272,39,1,-1.0,-0.0,71.3,4,0.0,9.7,75.7,81.0,156.7,438.7,62.67,36.99,1,0,1,0,0,0,0.0,0.0,0.0,0.0,0.76,1,1,0.89,13.1,2
1734,2019-09-30,2019,9,30,273,40,1,-1.0,-0.0,81.6,4,71.3,0.0,9.7,152.9,238.3,355.5,50.79,39.71,1,0,2,0,0,0,0.0,0.0,0.0,0.0,0.79,1,1,1.34,35.3,3
1735,2019-10-01,2019,10,1,274,40,1,-0.866025,0.5,29.4,3,81.6,71.3,0.0,182.3,192.0,267.7,38.24,40.57,0,0,3,0,0,0,0.0,0.0,0.0,0.0,0.76,1,0,0.0,0.0,0
1736,2019-10-02,2019,10,2,275,40,1,-0.866025,0.5,126.3,4,29.4,81.6,71.3,237.3,308.6,394.0,56.29,41.55,1,1,4,0,0,0,0.0,0.0,0.0,0.0,0.98,1,1,1.59,16.1,3
1737,2019-10-03,2019,10,3,276,40,1,-0.866025,0.5,0.0,0,126.3,29.4,81.6,155.7,308.6,318.3,45.47,41.55,0,0,0,0,0,0,0.0,0.0,0.0,0.0,0.77,1,0,0.0,0.0,0
1738,2019-10-04,2019,10,4,277,40,1,-0.866025,0.5,0.0,0,0.0,126.3,29.4,126.3,237.3,308.6,44.09,38.02,0,0,0,0,0,0,0.0,0.0,0.0,0.0,0.69,1,0,0.0,0.0,0
1739,2019-10-05,2019,10,5,278,40,1,-0.866025,0.5,90.8,4,0.0,0.0,126.3,90.8,246.5,399.4,57.06,40.61,1,0,1,0,0,0,0.0,0.0,0.0,0.0,0.85,1,1,1.0,32.3,3
1740,2019-10-06,2019,10,6,279,40,1,-0.866025,0.5,126.4,4,90.8,0.0,0.0,217.2,343.5,454.5,64.93,44.82,1,1,2,0,0,0,0.0,0.0,0.0,0.0,1.0,1,1,0.45,12.3,2
1741,2019-10-07,2019,10,7,280,41,1,-0.866025,0.5,33.6,3,126.4,90.8,0.0,250.8,250.8,406.5,58.07,45.94,0,0,3,0,0,0,0.0,0.0,0.0,0.0,0.78,1,1,0.92,11.4,2
1742,2019-10-08,2019,10,8,281,41,1,-0.866025,0.5,26.3,3,33.6,126.4,90.8,186.3,277.1,403.4,57.63,43.14,0,0,4,0,0,0,0.0,0.0,0.0,0.0,0.55,1,0,0.0,0.0,0
1743,2019-10-09,2019,10,9,282,41,1,-0.866025,0.5,0.0,0,26.3,33.6,126.4,59.9,277.1,277.1,39.59,43.14,0,0,0,0,0,0,0.0,0.0,0.0,0.0,0.41,1,0,0.0,0.0,0
1744,2019-10-10,2019,10,10,283,41,1,-0.866025,0.5,28.7,3,0.0,26.3,33.6,55.0,215.0,305.8,43.69,44.1,0,0,1,0,0,0,0.0,0.0,0.0,0.0,0.44,1,0,0.0,0.0,0
1745,2019-10-11,2019,10,11,284,41,1,-0.866025,0.5,162.6,4,28.7,0.0,26.3,191.3,251.2,468.4,66.91,49.03,1,1,2,0,0,0,0.0,0.0,0.0,0.0,0.98,1,1,0.73,34.5,3
1746,2019-10-12,2019,10,12,285,41,1,-0.866025,0.5,0.0,0,162.6,28.7,0.0,191.3,217.6,377.6,53.94,44.89,0,0,0,0,0,0,0.0,0.0,0.0,0.0,0.72,1,0,0.0,0.0,0
1747,2019-10-13,2019,10,13,286,41,1,-0.866025,0.5,0.0,0,0.0,162.6,28.7,162.6,191.3,251.2,35.89,43.73,0,0,0,0,0,0,0.0,0.0,0.0,0.0,0.57,1,0,0.0,0.0,0
1748,2019-10-14,2019,10,14,287,42,1,-0.866025,0.5,0.0,0,0.0,0.0,162.6,0.0,191.3,217.6,31.09,43.73,0,0,0,1,2,Osang,2.0,110.0,0.0,0.0,0.37,1,0,0.0,0.0,0
1749,2019-10-15,2019,10,15,288,42,1,-0.866025,0.5,261.4,4,0.0,0.0,0.0,261.4,424.0,452.7,64.67,52.03,1,1,1,1,2,Osang,2.0,110.0,0.0,1.0,1.0,1,1,1.94,33.8,4
1750,2019-10-16,2019,10,16,289,42,1,-0.866025,0.5,0.0,0,261.4,0.0,0.0,261.4,261.4,452.7,64.67,52.03,0,0,0,1,2,Osang,2.0,110.0,0.0,2.0,0.88,1,0,0.0,0.0,0
1751,2019-10-17,2019,10,17,290,42,1,-0.866025,0.5,168.6,4,0.0,261.4,0.0,430.0,430.0,592.6,84.66,56.3,1,1,1,0,0,0,0.0,0.0,0.0,0.0,1.0,1,1,1.52,19.0,3
1752,2019-10-18,2019,10,18,291,42,1,-0.866025,0.5,0.0,0,168.6,0.0,261.4,168.6,430.0,430.0,61.43,54.51,0,0,0,0,0,0,0.0,0.0,0.0,0.0,0.79,1,0,0.0,0.0,0
1753,2019-10-19,2019,10,19,292,42,1,-0.866025,0.5,0.0,0,0.0,168.6,0.0,168.6,430.0,430.0,61.43,54.39,0,0,0,0,0,0,0.0,0.0,0.0,0.0,0.62,1,0,0.0,0.0,0
1754,2019-10-20,2019,10,20,293,42,1,-0.866025,0.5,0.0,0,0.0,0.0,168.6,0.0,168.6,430.0,61.43,54.39,0,0,0,0,0,0,0.0,0.0,0.0,0.0,0.4,1,0,0.0,0.0,0
1755,2019-10-21,2019,10,21,294,43,1,-0.866025,0.5,0.0,0,0.0,0.0,0.0,0.0,168.6,430.0,61.43,52.48,0,0,0,0,0,0,0.0,0.0,0.0,0.0,0.18,1,0,0.0,0.0,0
1756,2019-10-22,2019,10,22,295,43,1,-0.866025,0.5,81.8,4,0.0,0.0,0.0,81.8,81.8,250.4,35.77,55.21,1,0,1,0,0,0,0.0,0.0,0.0,0.0,0.49,1,0,0.0,0.0,0
1757,2019-10-23,2019,10,23,296,43,1,-0.866025,0.5,0.0,0,81.8,0.0,0.0,81.8,81.8,250.4,35.77,49.71,0,0,0,0,0,0,0.0,0.0,0.0,0.0,0.43,1,0,0.0,0.0,0
1758,2019-10-24,2019,10,24,297,43,1,-0.866025,0.5,0.0,0,0.0,81.8,0.0,81.8,81.8,81.8,11.69,45.81,0,0,0,0,0,0,0.0,0.0,0.0,0.0,0.37,1,0,0.0,0.0,0
1759,2019-10-25,2019,10,25,298,43,1,-0.866025,0.5,0.0,0,0.0,0.0,81.8,0.0,81.8,81.8,11.69,45.81,0,0,0,0,0,0,0.0,0.0,0.0,0.0,0.23,1,0,0.0,0.0,0
1760,2019-10-26,2019,10,26,299,43,1,-0.866025,0.5,48.2,3,0.0,0.0,0.0,48.2,130.0,130.0,18.57,44.89,0,0,1,0,0,0,0.0,0.0,0.0,0.0,0.24,1,0,0.0,0.0,0
1761,2019-10-27,2019,10,27,300,43,1,-0.866025,0.5,65.2,4,48.2,0.0,0.0,113.4,113.4,195.2,27.89,46.74,1,0,2,0,0,0,0.0,0.0,0.0,0.0,0.47,1,1,0.29,10.1,1
1762,2019-10-28,2019,10,28,301,44,1,-0.866025,0.5,47.3,3,65.2,48.2,0.0,160.7,160.7,242.5,34.64,48.32,0,0,3,0,0,0,0.0,0.0,0.0,0.0,0.56,1,0,0.0,0.0,0
1763,2019-10-29,2019,10,29,302,44,1,-0.866025,0.5,0.0,0,47.3,65.2,48.2,112.5,160.7,160.7,22.96,45.94,0,0,0,0,0,0,0.0,0.0,0.0,0.0,0.42,1,0,0.0,0.0,0
1764,2019-10-30,2019,10,30,303,44,1,-0.866025,0.5,0.0,0,0.0,47.3,65.2,47.3,160.7,160.7,22.96,43.22,0,0,0,0,0,0,0.0,0.0,0.0,0.0,0.44,1,0,0.0,0.0,0
1765,2019-10-31,2019,10,31,304,44,1,-0.866025,0.5,106.5,4,0.0,0.0,47.3,106.5,219.0,267.2,38.17,45.79,1,1,1,0,0,0,0.0,0.0,0.0,0.0,0.85,1,0,0.0,0.0,0
1766,2019-11-01,2019,11,1,305,44,1,-0.5,0.866025,0.0,0,106.5,0.0,0.0,106.5,153.8,267.2,38.17,41.58,0,0,0,0,0,0,0.0,0.0,0.0,0.0,0.82,1,0,0.0,0.0,0
1767,2019-11-02,2019,11,2,306,44,1,-0.5,0.866025,70.4,4,0.0,106.5,0.0,176.9,176.9,289.4,41.34,43.93,1,0,1,0,0,0,0.0,0.0,0.0,0.0,0.85,1,1,0.94,28.4,3
1768,2019-11-03,2019,11,3,307,44,1,-0.5,0.866025,0.0,0,70.4,0.0,106.5,70.4,176.9,224.2,32.03,43.93,0,0,0,0,0,0,0.0,0.0,0.0,0.0,0.72,1,0,0.0,0.0,0
1769,2019-11-04,2019,11,4,308,45,1,-0.5,0.866025,0.0,0,0.0,70.4,0.0,70.4,176.9,176.9,25.27,40.9,0,0,0,0,0,0,0.0,0.0,0.0,0.0,0.66,1,0,0.0,0.0,0
1770,2019-11-05,2019,11,5,309,45,1,-0.5,0.866025,120.4,4,0.0,0.0,70.4,120.4,190.8,297.3,42.47,40.7,1,1,1,0,0,0,0.0,0.0,0.0,0.0,0.8,1,0,0.0,0.0,0
1771,2019-11-06,2019,11,6,310,45,1,-0.5,0.866025,9.0,3,120.4,0.0,0.0,129.4,199.8,306.3,43.76,39.88,0,0,2,0,0,0,0.0,0.0,0.0,0.0,0.89,1,1,0.36,4.1,1
1772,2019-11-07,2019,11,7,311,45,1,-0.5,0.866025,0.0,0,9.0,120.4,0.0,129.4,129.4,199.8,28.54,39.0,0,0,0,0,0,0,0.0,0.0,0.0,0.0,0.66,1,0,0.0,0.0,0
1773,2019-11-08,2019,11,8,312,45,1,-0.5,0.866025,71.9,4,0.0,9.0,120.4,80.9,201.3,271.7,38.81,41.4,1,0,1,0,0,0,0.0,0.0,0.0,0.0,0.84,1,1,0.22,4.4,1
1774,2019-11-09,2019,11,9,313,45,1,-0.5,0.866025,84.9,4,71.9,0.0,9.0,156.8,286.2,286.2,40.89,43.27,1,0,2,0,0,0,0.0,0.0,0.0,0.0,1.0,1,1,0.89,9.5,2
1775,2019-11-10,2019,11,10,314,45,1,-0.5,0.866025,0.0,0,84.9,71.9,0.0,156.8,165.8,286.2,40.89,37.85,0,0,0,0,0,0,0.0,0.0,0.0,0.0,0.91,1,1,0.75,20.1,2
1776,2019-11-11,2019,11,11,315,46,1,-0.5,0.866025,0.0,0,0.0,84.9,71.9,84.9,156.8,286.2,40.89,37.85,0,0,0,0,0,0,0.0,0.0,0.0,0.0,0.71,1,0,0.0,0.0,0
1777,2019-11-12,2019,11,12,316,46,1,-0.5,0.866025,0.0,0,0.0,0.0,84.9,0.0,156.8,165.8,23.69,37.85,0,0,0,0,0,0,0.0,0.0,0.0,0.0,0.48,1,0,0.0,0.0,0
1778,2019-11-13,2019,11,13,317,46,1,-0.5,0.866025,41.8,3,0.0,0.0,0.0,41.8,126.7,198.6,28.37,39.25,0,0,1,0,0,0,0.0,0.0,0.0,0.0,0.52,1,0,0.0,0.0,0
1779,2019-11-14,2019,11,14,318,46,1,-0.5,0.866025,0.0,0,41.8,0.0,0.0,41.8,41.8,198.6,28.37,30.53,0,0,0,0,0,0,0.0,0.0,0.0,0.0,0.44,1,0,0.0,0.0,0
1780,2019-11-15,2019,11,15,319,46,1,-0.5,0.866025,18.6,3,0.0,41.8,0.0,60.4,60.4,145.3,20.76,31.15,0,0,1,0,0,0,0.0,0.0,0.0,0.0,0.31,1,0,0.0,0.0,0
1781,2019-11-16,2019,11,16,320,46,1,-0.5,0.866025,0.0,0,18.6,0.0,41.8,18.6,60.4,60.4,8.63,25.53,0,0,0,0,0,0,0.0,0.0,0.0,0.0,0.36,1,0,0.0,0.0,0
1782,2019-11-17,2019,11,17,321,46,1,-0.5,0.866025,82.0,4,0.0,18.6,0.0,100.6,142.4,142.4,20.34,28.27,1,0,1,0,0,0,0.0,0.0,0.0,0.0,0.37,1,1,0.73,8.4,2
1783,2019-11-18,2019,11,18,322,47,1,-0.5,0.866025,0.0,0,82.0,0.0,18.6,82.0,100.6,142.4,20.34,28.27,0,0,0,0,0,0,0.0,0.0,0.0,0.0,0.35,1,0,0.0,0.0,0
1784,2019-11-19,2019,11,19,323,47,1,-0.5,0.866025,0.0,0,0.0,82.0,0.0,82.0,100.6,142.4,20.34,28.27,0,0,0,0,0,0,0.0,0.0,0.0,0.0,0.38,1,0,0.0,0.0,0
1785,2019-11-20,2019,11,20,324,47,1,-0.5,0.866025,0.0,0,0.0,0.0,82.0,0.0,82.0,100.6,14.37,28.27,0,0,0,0,0,0,0.0,0.0,0.0,0.0,0.25,1,0,0.0,0.0,0
1786,2019-11-21,2019,11,21,325,47,1,-0.5,0.866025,97.2,4,0.0,0.0,0.0,97.2,179.2,197.8,28.26,28.78,1,0,1,0,0,0,0.0,0.0,0.0,0.0,0.38,1,0,0.0,0.0,0
1787,2019-11-22,2019,11,22,326,47,1,-0.5,0.866025,114.0,4,97.2,0.0,0.0,211.2,211.2,293.2,41.89,32.58,1,1,2,0,0,0,0.0,0.0,0.0,0.0,0.67,1,1,0.42,11.0,2
1788,2019-11-23,2019,11,23,327,47,1,-0.5,0.866025,0.0,0,114.0,97.2,0.0,211.2,211.2,293.2,41.89,32.58,0,0,0,0,0,0,0.0,0.0,0.0,0.0,0.52,1,1,0.47,10.8,1
1789,2019-11-24,2019,11,24,328,47,1,-0.5,0.866025,45.4,3,0.0,114.0,97.2,159.4,256.6,256.6,36.66,34.09,0,0,1,0,0,0,0.0,0.0,0.0,0.0,0.52,1,0,0.0,0.0,0
1790,2019-11-25,2019,11,25,329,48,1,-0.5,0.866025,0.0,0,45.4,0.0,114.0,45.4,256.6,256.6,36.66,32.49,0,0,0,0,0,0,0.0,0.0,0.0,0.0,0.31,1,0,0.0,0.0,0
1791,2019-11-26,2019,11,26,330,48,1,-0.5,0.866025,0.0,0,0.0,45.4,0.0,45.4,159.4,256.6,36.66,30.31,0,0,0,0,0,0,0.0,0.0,0.0,0.0,0.51,1,0,0.0,0.0,0
1792,2019-11-27,2019,11,27,331,48,1,-0.5,0.866025,84.9,4,0.0,0.0,45.4,84.9,130.3,341.5,48.79,31.57,1,0,1,0,0,0,0.0,0.0,0.0,0.0,0.68,1,1,0.54,9.1,2
1793,2019-11-28,2019,11,28,332,48,1,-0.5,0.866025,0.0,0,84.9,0.0,0.0,84.9,130.3,244.3,34.9,31.57,0,0,0,0,0,0,0.0,0.0,0.0,0.0,0.48,1,0,0.0,0.0,0
1794,2019-11-29,2019,11,29,333,48,1,-0.5,0.866025,0.0,0,0.0,84.9,0.0,84.9,84.9,130.3,18.61,31.57,0,0,0,0,0,0,0.0,0.0,0.0,0.0,0.34,1,0,0.0,0.0,0
1795,2019-11-30,2019,11,30,334,48,1,-0.5,0.866025,114.0,4,0.0,0.0,84.9,114.0,198.9,244.3,34.9,31.82,1,1,1,0,0,0,0.0,0.0,0.0,0.0,0.7,1,1,1.5,46.0,3
1796,2019-12-01,2019,12,1,335,48,0,-0.0,1.0,0.0,0,114.0,0.0,0.0,114.0,198.9,198.9,28.41,31.82,0,0,0,0,0,0,0.0,0.0,0.0,0.0,0.56,1,0,0.0,0.0,0
1797,2019-12-02,2019,12,2,336,49,0,-0.0,1.0,0.0,0,0.0,114.0,0.0,114.0,114.0,198.9,28.41,29.47,0,0,0,0,0,0,0.0,0.0,0.0,0.0,0.32,1,0,0.0,0.0,0
1798,2019-12-03,2019,12,3,337,49,0,-0.0,1.0,0.0,0,0.0,0.0,114.0,0.0,114.0,198.9,28.41,29.47,0,0,0,0,0,0,0.0,0.0,0.0,0.0,0.21,1,0,0.0,0.0,0
1799,2019-12-04,2019,12,4,338,49,0,-0.0,1.0,0.0,0,0.0,0.0,0.0,0.0,114.0,114.0,16.29,29.47,0,0,0,0,0,0,0.0,0.0,0.0,0.0,0.2,1,0,0.0,0.0,0
1800,2019-12-05,2019,12,5,339,49,0,-0.0,1.0,0.0,0,0.0,0.0,0.0,0.0,0.0,114.0,16.29,25.46,0,0,0,0,0,0,0.0,0.0,0.0,0.0,0.12,1,0,0.0,0.0,0
1801,2019-12-06,2019,12,6,340,49,0,-0.0,1.0,0.0,0,0.0,0.0,0.0,0.0,0.0,114.0,16.29,25.16,0,0,0,0,0,0,0.0,0.0,0.0,0.0,0.17,1,0,0.0,0.0,0
1802,2019-12-07,2019,12,7,341,49,0,-0.0,1.0,0.0,0,0.0,0.0,0.0,0.0,0.0,0.0,0.0,25.16,0,0,0,0,0,0,0.0,0.0,0.0,0.0,0.16,1,0,0.0,0.0,0
1803,2019-12-08,2019,12,8,342,49,0,-0.0,1.0,0.0,0,0.0,0.0,0.0,0.0,0.0,0.0,0.0,22.76,0,0,0,0,0,0,0.0,0.0,0.0,0.0,0.21,1,0,0.0,0.0,0
1804,2019-12-09,2019,12,9,343,50,0,-0.0,1.0,25.6,3,0.0,0.0,0.0,25.6,25.6,25.6,3.66,20.78,0,0,1,0,0,0,0.0,0.0,0.0,0.0,0.33,1,0,0.0,0.0,0
1805,2019-12-10,2019,12,10,344,50,0,-0.0,1.0,0.0,0,25.6,0.0,0.0,25.6,25.6,25.6,3.66,20.78,0,0,0,0,0,0,0.0,0.0,0.0,0.0,0.3,1,0,0.0,0.0,0
1806,2019-12-11,2019,12,11,345,50,0,-0.0,1.0,32.4,3,0.0,25.6,0.0,58.0,58.0,58.0,8.29,21.86,0,0,1,0,0,0,0.0,0.0,0.0,0.0,0.49,1,0,0.0,0.0,0
1807,2019-12-12,2019,12,12,346,50,0,-0.0,1.0,0.0,0,32.4,0.0,25.6,32.4,58.0,58.0,8.29,21.86,0,0,0,0,0,0,0.0,0.0,0.0,0.0,0.26,1,0,0.0,0.0,0
1808,2019-12-13,2019,12,13,347,50,0,-0.0,1.0,0.0,0,0.0,32.4,0.0,32.4,58.0,58.0,8.29,20.47,0,0,0,0,0,0,0.0,0.0,0.0,0.0,0.07,1,0,0.0,0.0,0
1809,2019-12-14,2019,12,14,348,50,0,-0.0,1.0,0.0,0,0.0,0.0,32.4,0.0,32.4,58.0,8.29,20.47,0,0,0,0,0,0,0.0,0.0,0.0,0.0,0.0,1,0,0.0,0.0,0
1810,2019-12-15,2019,12,15,349,50,0,-0.0,1.0,0.0,0,0.0,0.0,0.0,0.0,32.4,58.0,8.29,19.85,0,0,0,0,0,0,0.0,0.0,0.0,0.0,0.0,1,0,0.0,0.0,0
1811,2019-12-16,2019,12,16,350,51,0,-0.0,1.0,0.0,0,0.0,0.0,0.0,0.0,0.0,32.4,4.63,19.85,0,0,0,0,0,0,0.0,0.0,0.0,0.0,0.0,1,0,0.0,0.0,0
1812,2019-12-17,2019,12,17,351,51,0,-0.0,1.0,30.0,3,0.0,0.0,0.0,30.0,30.0,62.4,8.91,18.12,0,0,1,0,0,0,0.0,0.0,0.0,0.0,0.0,1,0,0.0,0.0,0
1813,2019-12-18,2019,12,18,352,51,0,-0.0,1.0,66.8,4,30.0,0.0,0.0,96.8,96.8,96.8,13.83,20.34,1,0,2,1,3,Nardo,3.0,185.0,0.0,0.0,0.34,1,1,0.54,7.4,1
1814,2019-12-19,2019,12,19,353,51,0,-0.0,1.0,73.8,4,66.8,30.0,0.0,170.6,170.6,170.6,24.37,22.8,1,0,3,1,3,Nardo,3.0,185.0,0.0,1.0,0.52,1,1,0.97,12.6,2
1815,2019-12-20,2019,12,20,354,51,0,-0.0,1.0,2.3,1,73.8,66.8,30.0,142.9,172.9,172.9,24.7,22.88,0,0,4,1,3,Nardo,3.0,185.0,0.0,2.0,0.43,1,0,0.0,0.0,0
1816,2019-12-21,2019,12,21,355,51,0,-0.0,1.0,67.8,4,2.3,73.8,66.8,143.9,240.7,240.7,34.39,21.9,1,0,5,1,3,Nardo,3.0,185.0,0.0,3.0,0.47,1,1,0.52,14.6,2
1817,2019-12-22,2019,12,22,356,51,0,-0.0,1.0,0.0,0,67.8,2.3,73.8,70.1,210.7,240.7,34.39,18.1,0,0,0,0,0,0,0.0,0.0,0.0,0.0,0.35,1,0,0.0,0.0,0
1818,2019-12-23,2019,12,23,357,52,0,-0.0,1.0,0.0,0,0.0,67.8,2.3,67.8,143.9,240.7,34.39,18.1,0,0,0,0,0,0,0.0,0.0,0.0,0.0,0.24,1,1,0.29,5.4,1
1819,2019-12-24,2019,12,24,358,52,0,-0.0,1.0,0.0,0,0.0,0.0,67.8,0.0,70.1,210.7,30.1,16.59,0,0,0,0,0,0,0.0,0.0,0.0,0.0,0.21,1,0,0.0,0.0,0
1820,2019-12-25,2019,12,25,359,52,0,-0.0,1.0,0.0,0,0.0,0.0,0.0,0.0,67.8,143.9,20.56,16.59,0,0,0,0,0,0,0.0,0.0,0.0,0.0,0.26,1,0,0.0,0.0,0
1821,2019-12-26,2019,12,26,360,52,0,-0.0,1.0,74.1,4,0.0,0.0,0.0,74.1,74.1,144.2,20.6,19.06,1,0,1,0,0,0,0.0,0.0,0.0,0.0,0.46,1,1,0.75,18.3,2
1822,2019-12-27,2019,12,27,361,52,0,-0.0,1.0,0.0,0,74.1,0.0,0.0,74.1,74.1,141.9,20.27,16.23,0,0,0,0,0,0,0.0,0.0,0.0,0.0,0.29,1,0,0.0,0.0,0
1823,2019-12-28,2019,12,28,362,52,0,-0.0,1.0,18.3,3,0.0,74.1,0.0,92.4,92.4,92.4,13.2,16.84,0,0,1,0,0,0,0.0,0.0,0.0,0.0,0.32,1,0,0.0,0.0,0
1824,2019-12-29,2019,12,29,363,52,0,-0.0,1.0,0.0,0,18.3,0.0,74.1,18.3,92.4,92.4,13.2,16.84,0,0,0,0,0,0,0.0,0.0,0.0,0.0,0.26,1,0,0.0,0.0,0
1825,2019-12-30,2019,12,30,364,1,0,-0.0,1.0,0.0,0,0.0,18.3,0.0,18.3,92.4,92.4,13.2,13.04,0,0,0,0,0,0,0.0,0.0,0.0,0.0,0.13,1,0,0.0,0.0,0
1826,2019-12-31,2019,12,31,365,1,0,-0.0,1.0,15.8,3,0.0,0.0,18.3,15.8,34.1,108.2,15.46,13.56,0,0,1,0,0,0,0.0,0.0,0.0,0.0,0.15,1,0,0.0,0.0,0
1827,2020-01-01,2020,1,1,1,1,0,0.5,0.866025,0.0,0,0.0,0.0,0.0,0.0,0.0,0.0,0.0,0.0,0,0,0,0,0,0,0.0,0.0,0.0,0.0,0.05,1,0,0.0,0.0,0
1828,2020-01-02,2020,1,2,2,1,0,0.5,0.866025,19.5,3,0.0,0.0,0.0,19.5,19.5,19.5,2.79,9.75,0,0,1,0,0,0,0.0,0.0,0.0,0.0,0.08,1,0,0.0,0.0,0
1829,2020-01-03,2020,1,3,3,1,0,0.5,0.866025,0.0,0,19.5,0.0,0.0,19.5,19.5,19.5,2.79,6.5,0,0,0,0,0,0,0.0,0.0,0.0,0.0,0.08,1,0,0.0,0.0,0
1830,2020-01-04,2020,1,4,4,1,0,0.5,0.866025,0.0,0,0.0,19.5,0.0,19.5,19.5,19.5,2.79,4.88,0,0,0,0,0,0,0.0,0.0,0.0,0.0,0.08,1,0,0.0,0.0,0
1831,2020-01-05,2020,1,5,5,1,0,0.5,0.866025,0.0,0,0.0,0.0,19.5,0.0,19.5,19.5,2.79,3.9,0,0,0,0,0,0,0.0,0.0,0.0,0.0,0.08,1,0,0.0,0.0,0
1832,2020-01-06,2020,1,6,6,2,0,0.5,0.866025,9.9,3,0.0,0.0,0.0,9.9,29.4,29.4,4.2,4.9,0,0,1,0,0,0,0.0,0.0,0.0,0.0,0.1,1,0,0.0,0.0,0
1833,2020-01-07,2020,1,7,7,2,0,0.5,0.866025,21.7,3,9.9,0.0,0.0,31.6,31.6,51.1,7.3,7.3,0,0,2,0,0,0,0.0,0.0,0.0,0.0,0.19,1,0,0.0,0.0,0
1834,2020-01-08,2020,1,8,8,2,0,0.5,0.866025,0.0,0,21.7,9.9,0.0,31.6,31.6,51.1,7.3,6.39,0,0,0,0,0,0,0.0,0.0,0.0,0.0,0.14,1,0,0.0,0.0,0
1835,2020-01-09,2020,1,9,9,2,0,0.5,0.866025,34.8,3,0.0,21.7,9.9,56.5,66.4,66.4,9.49,9.54,0,0,1,0,0,0,0.0,0.0,0.0,0.0,0.16,1,0,0.0,0.0,0
1836,2020-01-10,2020,1,10,10,2,0,0.5,0.866025,0.0,0,34.8,0.0,21.7,34.8,66.4,66.4,9.49,8.59,0,0,0,0,0,0,0.0,0.0,0.0,0.0,0.16,1,1,0.5,9.0,1
1837,2020-01-11,2020,1,11,11,2,0,0.5,0.866025,0.0,0,0.0,34.8,0.0,34.8,56.5,66.4,9.49,7.81,0,0,0,0,0,0,0.0,0.0,0.0,0.0,0.16,1,0,0.0,0.0,0
1838,2020-01-12,2020,1,12,12,2,0,0.5,0.866025,0.0,0,0.0,0.0,34.8,0.0,34.8,66.4,9.49,7.16,0,0,0,0,0,0,0.0,0.0,0.0,0.0,0.16,1,0,0.0,0.0,0
1839,2020-01-13,2020,1,13,13,3,0,0.5,0.866025,8.5,3,0.0,0.0,0.0,8.5,43.3,65.0,9.29,7.26,0,0,1,0,0,0,0.0,0.0,0.0,0.0,0.16,1,0,0.0,0.0,0
1840,2020-01-14,2020,1,14,14,3,0,0.5,0.866025,0.0,0,8.5,0.0,0.0,8.5,8.5,43.3,6.19,6.74,0,0,0,0,0,0,0.0,0.0,0.0,0.0,0.12,1,0,0.0,0.0,0
1841,2020-01-15,2020,1,15,15,3,0,0.5,0.866025,0.0,0,0.0,8.5,0.0,8.5,8.5,43.3,6.19,6.29,0,0,0,0,0,0,0.0,0.0,0.0,0.0,0.12,1,0,0.0,0.0,0
1842,2020-01-16,2020,1,16,16,3,0,0.5,0.866025,0.0,0,0.0,0.0,8.5,0.0,8.5,8.5,1.21,5.9,0,0,0,0,0,0,0.0,0.0,0.0,0.0,0.06,1,0,0.0,0.0,0
1843,2020-01-17,2020,1,17,17,3,0,0.5,0.866025,0.0,0,0.0,0.0,0.0,0.0,8.5,8.5,1.21,5.55,0,0,0,0,0,0,0.0,0.0,0.0,0.0,0.06,1,0,0.0,0.0,0
1844,2020-01-18,2020,1,18,18,3,0,0.5,0.866025,0.0,0,0.0,0.0,0.0,0.0,0.0,8.5,1.21,5.24,0,0,0,0,0,0,0.0,0.0,0.0,0.0,0.06,1,0,0.0,0.0,0
1845,2020-01-19,2020,1,19,19,3,0,0.5,0.866025,0.0,0,0.0,0.0,0.0,0.0,0.0,8.5,1.21,4.97,0,0,0,0,0,0,0.0,0.0,0.0,0.0,0.06,1,0,0.0,0.0,0
1846,2020-01-20,2020,1,20,20,4,0,0.5,0.866025,0.0,0,0.0,0.0,0.0,0.0,0.0,0.0,0.0,4.72,0,0,0,0,0,0,0.0,0.0,0.0,0.0,0.05,1,0,0.0,0.0,0
1847,2020-01-21,2020,1,21,21,4,0,0.5,0.866025,8.5,3,0.0,0.0,0.0,8.5,8.5,8.5,1.21,4.9,0,0,1,0,0,0,0.0,0.0,0.0,0.0,0.06,1,0,0.0,0.0,0
1848,2020-01-22,2020,1,22,22,4,0,0.5,0.866025,35.7,3,8.5,0.0,0.0,44.2,44.2,44.2,6.31,6.3,0,0,2,0,0,0,0.0,0.0,0.0,0.0,0.18,1,0,0.0,0.0,0
1849,2020-01-23,2020,1,23,23,4,0,0.5,0.866025,23.5,3,35.7,8.5,0.0,67.7,67.7,67.7,9.67,7.05,0,0,3,0,0,0,0.0,0.0,0.0,0.0,0.52,1,0,0.0,0.0,0
1850,2020-01-24,2020,1,24,24,4,0,0.5,0.866025,0.0,0,23.5,35.7,8.5,59.2,67.7,67.7,9.67,6.75,0,0,0,0,0,0,0.0,0.0,0.0,0.0,0.17,1,0,0.0,0.0,0
1851,2020-01-25,2020,1,25,25,4,0,0.5,0.866025,0.0,0,0.0,23.5,35.7,23.5,67.7,67.7,9.67,6.48,0,0,0,0,0,0,0.0,0.0,0.0,0.0,0.17,1,0,0.0,0.0,0
1852,2020-01-26,2020,1,26,26,4,0,0.5,0.866025,5.0,2,0.0,0.0,23.5,5.0,64.2,72.7,10.39,6.43,0,0,1,0,0,0,0.0,0.0,0.0,0.0,0.17,1,0,0.0,0.0,0
1853,2020-01-27,2020,1,27,27,5,0,0.5,0.866025,0.0,0,5.0,0.0,0.0,5.0,28.5,72.7,10.39,6.19,0,0,0,0,0,0,0.0,0.0,0.0,0.0,0.17,1,0,0.0,0.0,0
1854,2020-01-28,2020,1,28,28,5,0,0.5,0.866025,20.1,3,0.0,5.0,0.0,25.1,25.1,84.3,12.04,6.69,0,0,1,0,0,0,0.0,0.0,0.0,0.0,0.19,1,0,0.0,0.0,0
1855,2020-01-29,2020,1,29,29,5,0,0.5,0.866025,5.0,2,20.1,0.0,5.0,25.1,30.1,53.6,7.66,6.63,0,0,2,0,0,0,0.0,0.0,0.0,0.0,0.19,1,0,0.0,0.0,0
1856,2020-01-30,2020,1,30,30,5,0,0.5,0.866025,0.0,0,5.0,20.1,0.0,25.1,30.1,30.1,4.3,6.41,0,0,0,0,0,0,0.0,0.0,0.0,0.0,0.1,1,0,0.0,0.0,0
1857,2020-01-31,2020,1,31,31,5,0,0.5,0.866025,0.0,0,0.0,5.0,20.1,5.0,25.1,30.1,4.3,6.41,0,0,0,0,0,0,0.0,0.0,0.0,0.0,0.1,1,0,0.0,0.0,0
1858,2020-02-01,2020,2,1,32,5,0,0.866025,0.5,0.0,0,0.0,0.0,5.0,0.0,25.1,30.1,4.3,5.76,0,0,0,0,0,0,0.0,0.0,0.0,0.0,0.1,1,0,0.0,0.0,0
1859,2020-02-02,2020,2,2,33,5,0,0.866025,0.5,3.3,2,0.0,0.0,0.0,3.3,8.3,28.4,4.06,5.87,0,0,1,0,0,0,0.0,0.0,0.0,0.0,0.1,1,0,0.0,0.0,0
1860,2020-02-03,2020,2,3,34,6,0,0.866025,0.5,0.0,0,3.3,0.0,0.0,3.3,3.3,28.4,4.06,5.87,0,0,0,0,0,0,0.0,0.0,0.0,0.0,0.1,1,0,0.0,0.0,0
1861,2020-02-04,2020,2,4,35,6,0,0.866025,0.5,10.4,3,0.0,3.3,0.0,13.7,13.7,18.7,2.67,6.21,0,0,1,0,0,0,0.0,0.0,0.0,0.0,0.08,1,0,0.0,0.0,0
1862,2020-02-05,2020,2,5,36,6,0,0.866025,0.5,0.0,0,10.4,0.0,3.3,10.4,13.7,13.7,1.96,5.88,0,0,0,0,0,0,0.0,0.0,0.0,0.0,0.07,1,0,0.0,0.0,0
1863,2020-02-06,2020,2,6,37,6,0,0.866025,0.5,0.0,0,0.0,10.4,0.0,10.4,13.7,13.7,1.96,5.16,0,0,0,0,0,0,0.0,0.0,0.0,0.0,0.07,1,0,0.0,0.0,0
1864,2020-02-07,2020,2,7,38,6,0,0.866025,0.5,0.0,0,0.0,0.0,10.4,0.0,10.4,13.7,1.96,5.16,0,0,0,0,0,0,0.0,0.0,0.0,0.0,0.07,1,0,0.0,0.0,0
1865,2020-02-08,2020,2,8,39,6,0,0.866025,0.5,0.0,0,0.0,0.0,0.0,0.0,10.4,13.7,1.96,4.0,0,0,0,0,0,0,0.0,0.0,0.0,0.0,0.07,1,0,0.0,0.0,0
1866,2020-02-09,2020,2,9,40,6,0,0.866025,0.5,0.0,0,0.0,0.0,0.0,0.0,0.0,10.4,1.49,4.0,0,0,0,0,0,0,0.0,0.0,0.0,0.0,0.07,1,0,0.0,0.0,0
1867,2020-02-10,2020,2,10,41,7,0,0.866025,0.5,0.0,0,0.0,0.0,0.0,0.0,0.0,10.4,1.49,4.0,0,0,0,0,0,0,0.0,0.0,0.0,0.0,0.07,1,0,0.0,0.0,0
1868,2020-02-11,2020,2,11,42,7,0,0.866025,0.5,0.0,0,0.0,0.0,0.0,0.0,0.0,0.0,0.0,4.0,0,0,0,0,0,0,0.0,0.0,0.0,0.0,0.05,1,0,0.0,0.0,0
1869,2020-02-12,2020,2,12,43,7,0,0.866025,0.5,0.0,0,0.0,0.0,0.0,0.0,0.0,0.0,0.0,3.72,0,0,0,0,0,0,0.0,0.0,0.0,0.0,0.05,1,0,0.0,0.0,0
1870,2020-02-13,2020,2,13,44,7,0,0.866025,0.5,0.0,0,0.0,0.0,0.0,0.0,0.0,0.0,0.0,3.72,0,0,0,0,0,0,0.0,0.0,0.0,0.0,0.05,1,0,0.0,0.0,0
1871,2020-02-14,2020,2,14,45,7,0,0.866025,0.5,0.0,0,0.0,0.0,0.0,0.0,0.0,0.0,0.0,3.72,0,0,0,0,0,0,0.0,0.0,0.0,0.0,0.05,1,0,0.0,0.0,0
1872,2020-02-15,2020,2,15,46,7,0,0.866025,0.5,0.0,0,0.0,0.0,0.0,0.0,0.0,0.0,0.0,3.72,0,0,0,0,0,0,0.0,0.0,0.0,0.0,0.05,1,0,0.0,0.0,0
1873,2020-02-16,2020,2,16,47,7,0,0.866025,0.5,2.4,1,0.0,0.0,0.0,2.4,2.4,2.4,0.34,3.8,0,0,1,0,0,0,0.0,0.0,0.0,0.0,0.05,1,0,0.0,0.0,0
1874,2020-02-17,2020,2,17,48,8,0,0.866025,0.5,0.0,0,2.4,0.0,0.0,2.4,2.4,2.4,0.34,3.8,0,0,0,0,0,0,0.0,0.0,0.0,0.0,0.05,1,0,0.0,0.0,0
1875,2020-02-18,2020,2,18,49,8,0,0.866025,0.5,0.0,0,0.0,2.4,0.0,2.4,2.4,2.4,0.34,3.8,0,0,0,0,0,0,0.0,0.0,0.0,0.0,0.05,1,0,0.0,0.0,0
1876,2020-02-19,2020,2,19,50,8,0,0.866025,0.5,0.0,0,0.0,0.0,2.4,0.0,2.4,2.4,0.34,3.8,0,0,0,0,0,0,0.0,0.0,0.0,0.0,0.05,1,0,0.0,0.0,0
1877,2020-02-20,2020,2,20,51,8,0,0.866025,0.5,0.0,0,0.0,0.0,0.0,0.0,2.4,2.4,0.34,3.51,0,0,0,0,0,0,0.0,0.0,0.0,0.0,0.05,1,0,0.0,0.0,0
1878,2020-02-21,2020,2,21,52,8,0,0.866025,0.5,0.0,0,0.0,0.0,0.0,0.0,0.0,2.4,0.34,2.32,0,0,0,0,0,0,0.0,0.0,0.0,0.0,0.05,1,0,0.0,0.0,0
1879,2020-02-22,2020,2,22,53,8,0,0.866025,0.5,11.1,3,0.0,0.0,0.0,11.1,11.1,13.5,1.93,1.91,0,0,1,0,0,0,0.0,0.0,0.0,0.0,0.07,1,0,0.0,0.0,0
1880,2020-02-23,2020,2,23,54,8,0,0.866025,0.5,0.0,0,11.1,0.0,0.0,11.1,11.1,11.1,1.59,1.91,0,0,0,0,0,0,0.0,0.0,0.0,0.0,0.07,1,0,0.0,0.0,0
1881,2020-02-24,2020,2,24,55,9,0,0.866025,0.5,0.0,0,0.0,11.1,0.0,11.1,11.1,11.1,1.59,1.91,0,0,0,0,0,0,0.0,0.0,0.0,0.0,0.07,1,0,0.0,0.0,0
1882,2020-02-25,2020,2,25,56,9,0,0.866025,0.5,0.0,0,0.0,0.0,11.1,0.0,11.1,11.1,1.59,1.74,0,0,0,0,0,0,0.0,0.0,0.0,0.0,0.07,1,0,0.0,0.0,0
1883,2020-02-26,2020,2,26,57,9,0,0.866025,0.5,0.0,0,0.0,0.0,0.0,0.0,11.1,11.1,1.59,1.74,0,0,0,0,0,0,0.0,0.0,0.0,0.0,0.07,1,0,0.0,0.0,0
1884,2020-02-27,2020,2,27,58,9,0,0.866025,0.5,0.0,0,0.0,0.0,0.0,0.0,0.0,11.1,1.59,1.07,0,0,0,0,0,0,0.0,0.0,0.0,0.0,0.07,1,0,0.0,0.0,0
1885,2020-02-28,2020,2,28,59,9,0,0.866025,0.5,0.0,0,0.0,0.0,0.0,0.0,0.0,11.1,1.59,0.91,0,0,0,0,0,0,0.0,0.0,0.0,0.0,0.07,1,0,0.0,0.0,0
1886,2020-02-29,2020,2,29,60,9,0,0.866025,0.5,0.0,0,0.0,0.0,0.0,0.0,0.0,0.0,0.0,0.91,0,0,0,0,0,0,0.0,0.0,0.0,0.0,0.05,1,0,0.0,0.0,0
1887,2020-03-01,2020,3,1,61,9,0,1.0,0.0,0.0,0,0.0,0.0,0.0,0.0,0.0,0.0,0.0,0.91,0,0,0,0,0,0,0.0,0.0,0.0,0.0,0.05,1,0,0.0,0.0,0
1888,2020-03-02,2020,3,2,62,10,0,1.0,0.0,0.0,0,0.0,0.0,0.0,0.0,0.0,0.0,0.0,0.91,0,0,0,0,0,0,0.0,0.0,0.0,0.0,0.05,1,0,0.0,0.0,0
1889,2020-03-03,2020,3,3,63,10,0,1.0,0.0,0.0,0,0.0,0.0,0.0,0.0,0.0,0.0,0.0,0.8,0,0,0,0,0,0,0.0,0.0,0.0,0.0,0.05,1,0,0.0,0.0,0
1890,2020-03-04,2020,3,4,64,10,0,1.0,0.0,0.0,0,0.0,0.0,0.0,0.0,0.0,0.0,0.0,0.8,0,0,0,0,0,0,0.0,0.0,0.0,0.0,0.05,1,0,0.0,0.0,0
1891,2020-03-05,2020,3,5,65,10,0,1.0,0.0,0.0,0,0.0,0.0,0.0,0.0,0.0,0.0,0.0,0.45,0,0,0,0,0,0,0.0,0.0,0.0,0.0,0.05,1,0,0.0,0.0,0
1892,2020-03-06,2020,3,6,66,10,0,1.0,0.0,0.0,0,0.0,0.0,0.0,0.0,0.0,0.0,0.0,0.45,0,0,0,0,0,0,0.0,0.0,0.0,0.0,0.05,1,0,0.0,0.0,0
1893,2020-03-07,2020,3,7,67,10,0,1.0,0.0,17.7,3,0.0,0.0,0.0,17.7,17.7,17.7,2.53,1.04,0,0,1,0,0,0,0.0,0.0,0.0,0.0,0.08,1,0,0.0,0.0,0
1894,2020-03-08,2020,3,8,68,10,0,1.0,0.0,4.2,2,17.7,0.0,0.0,21.9,21.9,21.9,3.13,1.18,0,0,2,0,0,0,0.0,0.0,0.0,0.0,0.14,1,0,0.0,0.0,0
1895,2020-03-09,2020,3,9,69,11,0,1.0,0.0,0.0,0,4.2,17.7,0.0,21.9,21.9,21.9,3.13,1.18,0,0,0,0,0,0,0.0,0.0,0.0,0.0,0.09,1,0,0.0,0.0,0
1896,2020-03-10,2020,3,10,70,11,0,1.0,0.0,0.0,0,0.0,4.2,17.7,4.2,21.9,21.9,3.13,1.18,0,0,0,0,0,0,0.0,0.0,0.0,0.0,0.09,1,0,0.0,0.0,0
1897,2020-03-11,2020,3,11,71,11,0,1.0,0.0,0.0,0,0.0,0.0,4.2,0.0,21.9,21.9,3.13,1.18,0,0,0,0,0,0,0.0,0.0,0.0,0.0,0.09,1,0,0.0,0.0,0
1898,2020-03-12,2020,3,12,72,11,0,1.0,0.0,0.0,0,0.0,0.0,0.0,0.0,4.2,21.9,3.13,1.18,0,0,0,0,0,0,0.0,0.0,0.0,0.0,0.09,1,0,0.0,0.0,0
1899,2020-03-13,2020,3,13,73,11,0,1.0,0.0,0.0,0,0.0,0.0,0.0,0.0,0.0,21.9,3.13,1.18,0,0,0,0,0,0,0.0,0.0,0.0,0.0,0.09,1,0,0.0,0.0,0
1900,2020-03-14,2020,3,14,74,11,0,1.0,0.0,0.0,0,0.0,0.0,0.0,0.0,0.0,4.2,0.6,1.18,0,0,0,0,0,0,0.0,0.0,0.0,0.0,0.06,1,0,0.0,0.0,0
1901,2020-03-15,2020,3,15,75,11,0,1.0,0.0,0.0,0,0.0,0.0,0.0,0.0,0.0,0.0,0.0,1.18,0,0,0,0,0,0,0.0,0.0,0.0,0.0,0.05,1,0,0.0,0.0,0
1902,2020-03-16,2020,3,16,76,12,0,1.0,0.0,0.0,0,0.0,0.0,0.0,0.0,0.0,0.0,0.0,1.18,0,0,0,0,0,0,0.0,0.0,0.0,0.0,0.05,1,0,0.0,0.0,0
1903,2020-03-17,2020,3,17,77,12,0,1.0,0.0,6.5,2,0.0,0.0,0.0,6.5,6.5,6.5,0.93,1.32,0,0,1,0,0,0,0.0,0.0,0.0,0.0,0.06,1,0,0.0,0.0,0
1904,2020-03-18,2020,3,18,78,12,0,1.0,0.0,0.0,0,6.5,0.0,0.0,6.5,6.5,6.5,0.93,1.32,0,0,0,0,0,0,0.0,0.0,0.0,0.0,0.06,1,0,0.0,0.0,0
1905,2020-03-19,2020,3,19,79,12,0,1.0,0.0,0.0,0,0.0,6.5,0.0,6.5,6.5,6.5,0.93,1.32,0,0,0,0,0,0,0.0,0.0,0.0,0.0,0.06,1,0,0.0,0.0,0
1906,2020-03-20,2020,3,20,80,12,0,1.0,0.0,0.0,0,0.0,0.0,6.5,0.0,6.5,6.5,0.93,1.32,0,0,0,0,0,0,0.0,0.0,0.0,0.0,0.06,1,0,0.0,0.0,0
1907,2020-03-21,2020,3,21,81,12,0,1.0,0.0,0.0,0,0.0,0.0,0.0,0.0,6.5,6.5,0.93,1.32,0,0,0,0,0,0,0.0,0.0,0.0,0.0,0.06,1,0,0.0,0.0,0
1908,2020-03-22,2020,3,22,82,12,0,1.0,0.0,0.0,0,0.0,0.0,0.0,0.0,0.0,6.5,0.93,1.32,0,0,0,0,0,0,0.0,0.0,0.0,0.0,0.06,1,0,0.0,0.0,0
1909,2020-03-23,2020,3,23,83,13,0,1.0,0.0,0.0,0,0.0,0.0,0.0,0.0,0.0,6.5,0.93,0.95,0,0,0,0,0,0,0.0,0.0,0.0,0.0,0.06,1,0,0.0,0.0,0
1910,2020-03-24,2020,3,24,84,13,0,1.0,0.0,0.0,0,0.0,0.0,0.0,0.0,0.0,0.0,0.0,0.95,0,0,0,0,0,0,0.0,0.0,0.0,0.0,0.05,1,0,0.0,0.0,0
1911,2020-03-25,2020,3,25,85,13,0,1.0,0.0,0.0,0,0.0,0.0,0.0,0.0,0.0,0.0,0.0,0.95,0,0,0,0,0,0,0.0,0.0,0.0,0.0,0.05,1,0,0.0,0.0,0
1912,2020-03-26,2020,3,26,86,13,0,1.0,0.0,0.0,0,0.0,0.0,0.0,0.0,0.0,0.0,0.0,0.95,0,0,0,0,0,0,0.0,0.0,0.0,0.0,0.05,1,0,0.0,0.0,0
1913,2020-03-27,2020,3,27,87,13,0,1.0,0.0,0.0,0,0.0,0.0,0.0,0.0,0.0,0.0,0.0,0.95,0,0,0,0,0,0,0.0,0.0,0.0,0.0,0.05,1,0,0.0,0.0,0
1914,2020-03-28,2020,3,28,88,13,0,1.0,0.0,1.6,1,0.0,0.0,0.0,1.6,1.6,1.6,0.23,1.0,0,0,1,0,0,0,0.0,0.0,0.0,0.0,0.05,1,0,0.0,0.0,0
1915,2020-03-29,2020,3,29,89,13,0,1.0,0.0,0.0,0,1.6,0.0,0.0,1.6,1.6,1.6,0.23,1.0,0,0,0,0,0,0,0.0,0.0,0.0,0.0,0.05,1,0,0.0,0.0,0
1916,2020-03-30,2020,3,30,90,14,0,1.0,0.0,0.0,0,0.0,1.6,0.0,1.6,1.6,1.6,0.23,1.0,0,0,0,0,0,0,0.0,0.0,0.0,0.0,0.05,1,0,0.0,0.0,0
1917,2020-03-31,2020,3,31,91,14,0,1.0,0.0,0.0,0,0.0,0.0,1.6,0.0,1.6,1.6,0.23,1.0,0,0,0,0,0,0,0.0,0.0,0.0,0.0,0.05,1,0,0.0,0.0,0
1918,2020-04-01,2020,4,1,92,14,0,0.866025,-0.5,0.0,0,0.0,0.0,0.0,0.0,1.6,1.6,0.23,1.0,0,0,0,0,0,0,0.0,0.0,0.0,0.0,0.05,1,0,0.0,0.0,0
1919,2020-04-02,2020,4,2,93,14,0,0.866025,-0.5,0.0,0,0.0,0.0,0.0,0.0,0.0,1.6,0.23,1.0,0,0,0,0,0,0,0.0,0.0,0.0,0.0,0.05,1,0,0.0,0.0,0
1920,2020-04-03,2020,4,3,94,14,0,0.866025,-0.5,11.3,3,0.0,0.0,0.0,11.3,11.3,12.9,1.84,1.38,0,0,1,0,0,0,0.0,0.0,0.0,0.0,0.07,1,0,0.0,0.0,0
1921,2020-04-04,2020,4,4,95,14,0,0.866025,-0.5,0.0,0,11.3,0.0,0.0,11.3,11.3,11.3,1.61,1.38,0,0,0,0,0,0,0.0,0.0,0.0,0.0,0.07,1,0,0.0,0.0,0
1922,2020-04-05,2020,4,5,96,14,0,0.866025,-0.5,0.0,0,0.0,11.3,0.0,11.3,11.3,11.3,1.61,1.38,0,0,0,0,0,0,0.0,0.0,0.0,0.0,0.07,1,0,0.0,0.0,0
1923,2020-04-06,2020,4,6,97,15,0,0.866025,-0.5,0.0,0,0.0,0.0,11.3,0.0,11.3,11.3,1.61,0.79,0,0,0,0,0,0,0.0,0.0,0.0,0.0,0.07,1,0,0.0,0.0,0
1924,2020-04-07,2020,4,7,98,15,0,0.866025,-0.5,0.0,0,0.0,0.0,0.0,0.0,11.3,11.3,1.61,0.65,0,0,0,0,0,0,0.0,0.0,0.0,0.0,0.07,1,0,0.0,0.0,0
1925,2020-04-08,2020,4,8,99,15,0,0.866025,-0.5,0.0,0,0.0,0.0,0.0,0.0,0.0,11.3,1.61,0.65,0,0,0,0,0,0,0.0,0.0,0.0,0.0,0.07,1,0,0.0,0.0,0
1926,2020-04-09,2020,4,9,100,15,0,0.866025,-0.5,0.0,0,0.0,0.0,0.0,0.0,0.0,11.3,1.61,0.65,0,0,0,0,0,0,0.0,0.0,0.0,0.0,0.07,1,0,0.0,0.0,0
1927,2020-04-10,2020,4,10,101,15,0,0.866025,-0.5,0.0,0,0.0,0.0,0.0,0.0,0.0,0.0,0.0,0.65,0,0,0,0,0,0,0.0,0.0,0.0,0.0,0.05,1,0,0.0,0.0,0
1928,2020-04-11,2020,4,11,102,15,0,0.866025,-0.5,0.0,0,0.0,0.0,0.0,0.0,0.0,0.0,0.0,0.65,0,0,0,0,0,0,0.0,0.0,0.0,0.0,0.05,1,0,0.0,0.0,0
1929,2020-04-12,2020,4,12,103,15,0,0.866025,-0.5,0.0,0,0.0,0.0,0.0,0.0,0.0,0.0,0.0,0.65,0,0,0,0,0,0,0.0,0.0,0.0,0.0,0.05,1,0,0.0,0.0,0
1930,2020-04-13,2020,4,13,104,16,0,0.866025,-0.5,0.0,0,0.0,0.0,0.0,0.0,0.0,0.0,0.0,0.65,0,0,0,0,0,0,0.0,0.0,0.0,0.0,0.05,1,0,0.0,0.0,0
1931,2020-04-14,2020,4,14,105,16,0,0.866025,-0.5,0.0,0,0.0,0.0,0.0,0.0,0.0,0.0,0.0,0.65,0,0,0,0,0,0,0.0,0.0,0.0,0.0,0.05,1,0,0.0,0.0,0
1932,2020-04-15,2020,4,15,106,16,0,0.866025,-0.5,0.0,0,0.0,0.0,0.0,0.0,0.0,0.0,0.0,0.65,0,0,0,0,0,0,0.0,0.0,0.0,0.0,0.05,1,0,0.0,0.0,0
1933,2020-04-16,2020,4,16,107,16,0,0.866025,-0.5,0.0,0,0.0,0.0,0.0,0.0,0.0,0.0,0.0,0.43,0,0,0,0,0,0,0.0,0.0,0.0,0.0,0.05,1,0,0.0,0.0,0
1934,2020-04-17,2020,4,17,108,16,0,0.866025,-0.5,0.0,0,0.0,0.0,0.0,0.0,0.0,0.0,0.0,0.43,0,0,0,0,0,0,0.0,0.0,0.0,0.0,0.05,1,0,0.0,0.0,0
1935,2020-04-18,2020,4,18,109,16,0,0.866025,-0.5,14.5,3,0.0,0.0,0.0,14.5,14.5,14.5,2.07,0.91,0,0,1,0,0,0,0.0,0.0,0.0,0.0,0.07,1,0,0.0,0.0,0
1936,2020-04-19,2020,4,19,110,16,0,0.866025,-0.5,0.0,0,14.5,0.0,0.0,14.5,14.5,14.5,2.07,0.91,0,0,0,0,0,0,0.0,0.0,0.0,0.0,0.07,1,0,0.0,0.0,0
1937,2020-04-20,2020,4,20,111,17,0,0.866025,-0.5,0.0,0,0.0,14.5,0.0,14.5,14.5,14.5,2.07,0.91,0,0,0,0,0,0,0.0,0.0,0.0,0.0,0.07,1,0,0.0,0.0,0
1938,2020-04-21,2020,4,21,112,17,0,0.866025,-0.5,2.8,2,0.0,0.0,14.5,2.8,17.3,17.3,2.47,1.01,0,0,1,0,0,0,0.0,0.0,0.0,0.0,0.08,1,0,0.0,0.0,0
1939,2020-04-22,2020,4,22,113,17,0,0.866025,-0.5,0.0,0,2.8,0.0,0.0,2.8,17.3,17.3,2.47,1.01,0,0,0,0,0,0,0.0,0.0,0.0,0.0,0.08,1,0,0.0,0.0,0
1940,2020-04-23,2020,4,23,114,17,0,0.866025,-0.5,6.5,2,0.0,2.8,0.0,9.3,9.3,23.8,3.4,1.22,0,0,1,0,0,0,0.0,0.0,0.0,0.0,0.09,1,0,0.0,0.0,0
1941,2020-04-24,2020,4,24,115,17,0,0.866025,-0.5,2.8,2,6.5,0.0,2.8,9.3,12.1,26.6,3.8,1.32,0,0,2,0,0,0,0.0,0.0,0.0,0.0,0.15,1,0,0.0,0.0,0
1942,2020-04-25,2020,4,25,116,17,0,0.866025,-0.5,0.0,0,2.8,6.5,0.0,9.3,12.1,12.1,1.73,1.32,0,0,0,0,0,0,0.0,0.0,0.0,0.0,0.07,1,0,0.0,0.0,0
1943,2020-04-26,2020,4,26,117,17,0,0.866025,-0.5,32.2,3,0.0,2.8,6.5,35.0,41.5,44.3,6.33,2.39,0,0,1,0,0,0,0.0,0.0,0.0,0.0,0.13,1,0,0.0,0.0,0
1944,2020-04-27,2020,4,27,118,18,0,0.866025,-0.5,0.0,0,32.2,0.0,2.8,32.2,41.5,44.3,6.33,2.34,0,0,0,0,0,0,0.0,0.0,0.0,0.0,0.13,1,0,0.0,0.0,0
1945,2020-04-28,2020,4,28,119,18,0,0.866025,-0.5,0.0,0,0.0,32.2,0.0,32.2,35.0,41.5,5.93,2.34,0,0,0,0,0,0,0.0,0.0,0.0,0.0,0.12,1,0,0.0,0.0,0
1946,2020-04-29,2020,4,29,120,18,0,0.866025,-0.5,0.0,0,0.0,0.0,32.2,0.0,32.2,41.5,5.93,2.34,0,0,0,0,0,0,0.0,0.0,0.0,0.0,0.12,1,0,0.0,0.0,0
1947,2020-04-30,2020,4,30,121,18,0,0.866025,-0.5,0.0,0,0.0,0.0,0.0,0.0,32.2,35.0,5.0,2.34,0,0,0,0,0,0,0.0,0.0,0.0,0.0,0.11,1,0,0.0,0.0,0
1948,2020-05-01,2020,5,1,122,18,0,0.5,-0.866025,17.7,3,0.0,0.0,0.0,17.7,17.7,49.9,7.13,2.93,0,0,1,0,0,0,0.0,0.0,0.0,0.0,0.14,1,0,0.0,0.0,0
1949,2020-05-02,2020,5,2,123,18,0,0.5,-0.866025,0.0,0,17.7,0.0,0.0,17.7,17.7,49.9,7.13,2.93,0,0,0,0,0,0,0.0,0.0,0.0,0.0,0.14,1,0,0.0,0.0,0
1950,2020-05-03,2020,5,3,124,18,0,0.5,-0.866025,0.0,0,0.0,17.7,0.0,17.7,17.7,17.7,2.53,2.55,0,0,0,0,0,0,0.0,0.0,0.0,0.0,0.08,1,0,0.0,0.0,0
1951,2020-05-04,2020,5,4,125,19,0,0.5,-0.866025,36.1,3,0.0,0.0,17.7,36.1,53.8,53.8,7.69,3.75,0,0,1,0,0,0,0.0,0.0,0.0,0.0,0.14,1,0,0.0,0.0,0
1952,2020-05-05,2020,5,5,126,19,0,0.5,-0.866025,0.0,0,36.1,0.0,0.0,36.1,53.8,53.8,7.69,3.75,0,0,0,0,0,0,0.0,0.0,0.0,0.0,0.14,1,0,0.0,0.0,0
1953,2020-05-06,2020,5,6,127,19,0,0.5,-0.866025,0.0,0,0.0,36.1,0.0,36.1,36.1,53.8,7.69,3.75,0,0,0,0,0,0,0.0,0.0,0.0,0.0,0.14,1,0,0.0,0.0,0
1954,2020-05-07,2020,5,7,128,19,0,0.5,-0.866025,22.6,3,0.0,0.0,36.1,22.6,58.7,76.4,10.91,4.51,0,0,1,0,0,0,0.0,0.0,0.0,0.0,0.18,1,0,0.0,0.0,0
1955,2020-05-08,2020,5,8,129,19,0,0.5,-0.866025,0.0,0,22.6,0.0,0.0,22.6,58.7,58.7,8.39,4.51,0,0,0,0,0,0,0.0,0.0,0.0,0.0,0.15,1,0,0.0,0.0,0
1956,2020-05-09,2020,5,9,130,19,0,0.5,-0.866025,0.0,0,0.0,22.6,0.0,22.6,22.6,58.7,8.39,4.51,0,0,0,0,0,0,0.0,0.0,0.0,0.0,0.15,1,0,0.0,0.0,0
1957,2020-05-10,2020,5,10,131,19,0,0.5,-0.866025,0.0,0,0.0,0.0,22.6,0.0,22.6,58.7,8.39,4.51,0,0,0,0,0,0,0.0,0.0,0.0,0.0,0.15,1,0,0.0,0.0,0
1958,2020-05-11,2020,5,11,132,20,0,0.5,-0.866025,0.0,0,0.0,0.0,0.0,0.0,22.6,22.6,3.23,4.51,0,0,0,0,0,0,0.0,0.0,0.0,0.0,0.09,1,0,0.0,0.0,0
1959,2020-05-12,2020,5,12,133,20,0,0.5,-0.866025,0.0,0,0.0,0.0,0.0,0.0,0.0,22.6,3.23,4.51,0,0,0,0,0,0,0.0,0.0,0.0,0.0,0.09,1,0,0.0,0.0,0
1960,2020-05-13,2020,5,13,134,20,0,0.5,-0.866025,0.0,0,0.0,0.0,0.0,0.0,0.0,22.6,3.23,4.51,0,0,0,0,0,0,0.0,0.0,0.0,0.0,0.09,1,1,0.5,5.0,1
1961,2020-05-14,2020,5,14,135,20,0,0.5,-0.866025,0.0,0,0.0,0.0,0.0,0.0,0.0,0.0,0.0,4.51,0,0,0,0,0,0,0.0,0.0,0.0,0.0,0.05,1,0,0.0,0.0,0
1962,2020-05-15,2020,5,15,136,20,0,0.5,-0.866025,22.3,3,0.0,0.0,0.0,22.3,22.3,22.3,3.19,5.25,0,0,1,0,0,0,0.0,0.0,0.0,0.0,0.09,1,0,0.0,0.0,0
1963,2020-05-16,2020,5,16,137,20,0,0.5,-0.866025,34.2,3,22.3,0.0,0.0,56.5,56.5,56.5,8.07,6.39,0,0,2,0,0,0,0.0,0.0,0.0,0.0,0.2,1,0,0.0,0.0,0
1964,2020-05-17,2020,5,17,138,20,0,0.5,-0.866025,21.8,3,34.2,22.3,0.0,78.3,78.3,78.3,11.19,7.12,0,0,3,0,0,0,0.0,0.0,0.0,0.0,0.53,1,0,0.0,0.0,0
1965,2020-05-18,2020,5,18,139,21,0,0.5,-0.866025,0.0,0,21.8,34.2,22.3,56.0,78.3,78.3,11.19,6.63,0,0,0,0,0,0,0.0,0.0,0.0,0.0,0.18,1,0,0.0,0.0,0
1966,2020-05-19,2020,5,19,140,21,0,0.5,-0.866025,0.0,0,0.0,21.8,34.2,21.8,78.3,78.3,11.19,6.63,0,0,0,0,0,0,0.0,0.0,0.0,0.0,0.18,1,0,0.0,0.0,0
1967,2020-05-20,2020,5,20,141,21,0,0.5,-0.866025,0.0,0,0.0,0.0,21.8,0.0,56.0,78.3,11.19,6.63,0,0,0,0,0,0,0.0,0.0,0.0,0.0,0.18,1,0,0.0,0.0,0
1968,2020-05-21,2020,5,21,142,21,0,0.5,-0.866025,0.0,0,0.0,0.0,0.0,0.0,21.8,78.3,11.19,6.54,0,0,0,0,0,0,0.0,0.0,0.0,0.0,0.18,1,0,0.0,0.0,0
1969,2020-05-22,2020,5,22,143,21,0,0.5,-0.866025,15.5,3,0.0,0.0,0.0,15.5,15.5,71.5,10.21,7.06,0,0,1,0,0,0,0.0,0.0,0.0,0.0,0.17,1,0,0.0,0.0,0
1970,2020-05-23,2020,5,23,144,21,0,0.5,-0.866025,11.4,3,15.5,0.0,0.0,26.9,26.9,48.7,6.96,7.22,0,0,2,0,0,0,0.0,0.0,0.0,0.0,0.18,1,0,0.0,0.0,0
1971,2020-05-24,2020,5,24,145,21,0,0.5,-0.866025,0.0,0,11.4,15.5,0.0,26.9,26.9,26.9,3.84,7.13,0,0,0,0,0,0,0.0,0.0,0.0,0.0,0.1,1,0,0.0,0.0,0
1972,2020-05-25,2020,5,25,146,22,0,0.5,-0.866025,0.0,0,0.0,11.4,15.5,11.4,26.9,26.9,3.84,7.13,0,0,0,0,0,0,0.0,0.0,0.0,0.0,0.1,1,0,0.0,0.0,0
1973,2020-05-26,2020,5,26,147,22,0,0.5,-0.866025,0.0,0,0.0,0.0,11.4,0.0,26.9,26.9,3.84,6.05,0,0,0,0,0,0,0.0,0.0,0.0,0.0,0.1,1,1,0.2,11.0,1
1974,2020-05-27,2020,5,27,148,22,0,0.5,-0.866025,0.0,0,0.0,0.0,0.0,0.0,11.4,26.9,3.84,6.05,0,0,0,0,0,0,0.0,0.0,0.0,0.0,0.1,1,0,0.0,0.0,0
1975,2020-05-28,2020,5,28,149,22,0,0.5,-0.866025,0.0,0,0.0,0.0,0.0,0.0,0.0,26.9,3.84,6.05,0,0,0,0,0,0,0.0,0.0,0.0,0.0,0.1,1,0,0.0,0.0,0
1976,2020-05-29,2020,5,29,150,22,0,0.5,-0.866025,2.2,1,0.0,0.0,0.0,2.2,2.2,13.6,1.94,6.13,0,0,1,0,0,0,0.0,0.0,0.0,0.0,0.07,1,0,0.0,0.0,0
1977,2020-05-30,2020,5,30,151,22,0,0.5,-0.866025,7.9,3,2.2,0.0,0.0,10.1,10.1,10.1,1.44,6.39,0,0,2,0,0,0,0.0,0.0,0.0,0.0,0.12,1,0,0.0,0.0,0
1978,2020-05-31,2020,5,31,152,22,0,0.5,-0.866025,0.0,0,7.9,2.2,0.0,10.1,10.1,10.1,1.44,5.8,0,0,0,0,0,0,0.0,0.0,0.0,0.0,0.07,1,0,0.0,0.0,0
1979,2020-06-01,2020,6,1,153,23,1,0.0,-1.0,0.0,0,0.0,7.9,2.2,7.9,10.1,10.1,1.44,5.8,0,0,0,0,0,0,0.0,0.0,0.0,0.0,0.07,1,0,0.0,0.0,0
1980,2020-06-02,2020,6,2,154,23,1,0.0,-1.0,54.6,4,0.0,0.0,7.9,54.6,64.7,64.7,9.24,7.62,1,0,1,0,0,0,0.0,0.0,0.0,0.0,0.16,1,0,0.0,0.0,0
1981,2020-06-03,2020,6,3,155,23,1,0.0,-1.0,0.0,0,54.6,0.0,0.0,54.6,62.5,64.7,9.24,6.42,0,0,0,0,0,0,0.0,0.0,0.0,0.0,0.16,1,0,0.0,0.0,0
1982,2020-06-04,2020,6,4,156,23,1,0.0,-1.0,34.6,3,0.0,54.6,0.0,89.2,89.2,99.3,14.19,7.57,0,0,1,0,0,0,0.0,0.0,0.0,0.0,0.22,1,0,0.0,0.0,0
1983,2020-06-05,2020,6,5,157,23,1,0.0,-1.0,0.0,0,34.6,0.0,54.6,34.6,89.2,97.1,13.87,7.57,0,0,0,0,0,0,0.0,0.0,0.0,0.0,0.22,1,0,0.0,0.0,0
1984,2020-06-06,2020,6,6,158,23,1,0.0,-1.0,0.0,0,0.0,34.6,0.0,34.6,89.2,89.2,12.74,6.82,0,0,0,0,0,0,0.0,0.0,0.0,0.0,0.2,1,0,0.0,0.0,0
1985,2020-06-07,2020,6,7,159,23,1,0.0,-1.0,0.0,0,0.0,0.0,34.6,0.0,34.6,89.2,12.74,6.82,0,0,0,0,0,0,0.0,0.0,0.0,0.0,0.2,1,0,0.0,0.0,0
1986,2020-06-08,2020,6,8,160,24,1,0.0,-1.0,34.1,3,0.0,0.0,0.0,34.1,68.7,123.3,17.61,7.95,0,0,1,0,0,0,0.0,0.0,0.0,0.0,0.26,1,0,0.0,0.0,0
1987,2020-06-09,2020,6,9,161,24,1,0.0,-1.0,14.2,3,34.1,0.0,0.0,48.3,48.3,82.9,11.84,8.43,0,0,2,0,0,0,0.0,0.0,0.0,0.0,0.24,1,0,0.0,0.0,0
1988,2020-06-10,2020,6,10,162,24,1,0.0,-1.0,0.0,0,14.2,34.1,0.0,48.3,48.3,82.9,11.84,8.43,0,0,0,0,0,0,0.0,0.0,0.0,0.0,0.19,1,0,0.0,0.0,0
1989,2020-06-11,2020,6,11,163,24,1,0.0,-1.0,0.0,0,0.0,14.2,34.1,14.2,48.3,48.3,6.9,8.43,0,0,0,0,0,0,0.0,0.0,0.0,0.0,0.13,1,0,0.0,0.0,0
1990,2020-06-12,2020,6,12,164,24,1,0.0,-1.0,0.0,0,0.0,0.0,14.2,0.0,48.3,48.3,6.9,8.43,0,0,0,0,0,0,0.0,0.0,0.0,0.0,0.13,1,0,0.0,0.0,0
1991,2020-06-13,2020,6,13,165,24,1,0.0,-1.0,0.0,0,0.0,0.0,0.0,0.0,14.2,48.3,6.9,8.43,0,0,0,0,0,0,0.0,0.0,0.0,0.0,0.13,1,0,0.0,0.0,0
1992,2020-06-14,2020,6,14,166,24,1,0.0,-1.0,6.0,2,0.0,0.0,0.0,6.0,6.0,54.3,7.76,7.88,0,0,1,0,0,0,0.0,0.0,0.0,0.0,0.14,1,0,0.0,0.0,0
1993,2020-06-15,2020,6,15,167,25,1,0.0,-1.0,42.1,3,6.0,0.0,0.0,48.1,48.1,62.3,8.9,8.15,0,0,2,0,0,0,0.0,0.0,0.0,0.0,0.21,1,0,0.0,0.0,0
1994,2020-06-16,2020,6,16,168,25,1,0.0,-1.0,0.0,0,42.1,6.0,0.0,48.1,48.1,48.1,6.87,7.42,0,0,0,0,0,0,0.0,0.0,0.0,0.0,0.13,1,0,0.0,0.0,0
1995,2020-06-17,2020,6,17,169,25,1,0.0,-1.0,53.9,4,0.0,42.1,6.0,96.0,102.0,102.0,14.57,9.22,1,0,1,0,0,0,0.0,0.0,0.0,0.0,0.22,1,1,0.3,11.0,1
1996,2020-06-18,2020,6,18,170,25,1,0.0,-1.0,0.0,0,53.9,0.0,42.1,53.9,102.0,102.0,14.57,9.22,0,0,0,0,0,0,0.0,0.0,0.0,0.0,0.22,1,0,0.0,0.0,0
1997,2020-06-19,2020,6,19,171,25,1,0.0,-1.0,0.0,0,0.0,53.9,0.0,53.9,96.0,102.0,14.57,9.22,0,0,0,0,0,0,0.0,0.0,0.0,0.0,0.22,1,0,0.0,0.0,0
1998,2020-06-20,2020,6,20,172,25,1,0.0,-1.0,0.0,0,0.0,0.0,53.9,0.0,53.9,102.0,14.57,9.22,0,0,0,0,0,0,0.0,0.0,0.0,0.0,0.22,1,0,0.0,0.0,0
1999,2020-06-21,2020,6,21,173,25,1,0.0,-1.0,0.0,0,0.0,0.0,0.0,0.0,53.9,96.0,13.71,8.7,0,0,0,0,0,0,0.0,0.0,0.0,0.0,0.21,1,0,0.0,0.0,0
2000,2020-06-22,2020,6,22,174,26,1,0.0,-1.0,0.0,0,0.0,0.0,0.0,0.0,0.0,53.9,7.7,8.32,0,0,0,0,0,0,0.0,0.0,0.0,0.0,0.14,1,0,0.0,0.0,0
2001,2020-06-23,2020,6,23,175,26,1,0.0,-1.0,0.0,0,0.0,0.0,0.0,0.0,0.0,53.9,7.7,8.32,0,0,0,0,0,0,0.0,0.0,0.0,0.0,0.14,1,0,0.0,0.0,0
2002,2020-06-24,2020,6,24,176,26,1,0.0,-1.0,51.1,4,0.0,0.0,0.0,51.1,51.1,51.1,7.3,10.02,1,0,1,0,0,0,0.0,0.0,0.0,0.0,0.14,1,0,0.0,0.0,0
2003,2020-06-25,2020,6,25,177,26,1,0.0,-1.0,0.0,0,51.1,0.0,0.0,51.1,51.1,51.1,7.3,10.02,0,0,0,0,0,0,0.0,0.0,0.0,0.0,0.14,1,0,0.0,0.0,0
2004,2020-06-26,2020,6,26,178,26,1,0.0,-1.0,0.0,0,0.0,51.1,0.0,51.1,51.1,51.1,7.3,10.02,0,0,0,0,0,0,0.0,0.0,0.0,0.0,0.14,1,0,0.0,0.0,0
2005,2020-06-27,2020,6,27,179,26,1,0.0,-1.0,1.5,1,0.0,0.0,51.1,1.5,52.6,52.6,7.51,10.07,0,0,1,0,0,0,0.0,0.0,0.0,0.0,0.14,1,0,0.0,0.0,0
2006,2020-06-28,2020,6,28,180,26,1,0.0,-1.0,16.3,3,1.5,0.0,0.0,17.8,68.9,68.9,9.84,10.54,0,0,2,0,0,0,0.0,0.0,0.0,0.0,0.22,1,0,0.0,0.0,0
2007,2020-06-29,2020,6,29,181,27,1,0.0,-1.0,34.3,3,16.3,1.5,0.0,52.1,52.1,103.2,14.74,11.42,0,0,3,0,0,0,0.0,0.0,0.0,0.0,0.58,1,0,0.0,0.0,0
2008,2020-06-30,2020,6,30,182,27,1,0.0,-1.0,52.3,4,34.3,16.3,1.5,102.9,104.4,155.5,22.21,13.17,1,0,4,0,0,0,0.0,0.0,0.0,0.0,0.67,1,0,0.0,0.0,0
2009,2020-07-01,2020,7,1,183,27,1,-0.5,-0.866025,0.0,0,52.3,34.3,16.3,86.6,104.4,104.4,14.91,13.17,0,0,0,0,0,0,0.0,0.0,0.0,0.0,0.23,1,0,0.0,0.0,0
2010,2020-07-02,2020,7,2,184,27,1,-0.5,-0.866025,15.8,3,0.0,52.3,34.3,68.1,118.7,120.2,17.17,11.87,0,0,1,0,0,0,0.0,0.0,0.0,0.0,0.26,1,0,0.0,0.0,0
2011,2020-07-03,2020,7,3,185,27,1,-0.5,-0.866025,27.6,3,15.8,0.0,52.3,43.4,130.0,147.8,21.11,12.79,0,0,2,0,0,0,0.0,0.0,0.0,0.0,0.35,1,0,0.0,0.0,0
2012,2020-07-04,2020,7,4,186,27,1,-0.5,-0.866025,0.0,0,27.6,15.8,0.0,43.4,95.7,146.3,20.9,11.64,0,0,0,0,0,0,0.0,0.0,0.0,0.0,0.3,1,0,0.0,0.0,0
2013,2020-07-05,2020,7,5,187,27,1,-0.5,-0.866025,0.0,0,0.0,27.6,15.8,27.6,43.4,130.0,18.57,11.64,0,0,0,0,0,0,0.0,0.0,0.0,0.0,0.27,1,0,0.0,0.0,0
2014,2020-07-06,2020,7,6,188,28,1,-0.5,-0.866025,0.0,0,0.0,0.0,27.6,0.0,43.4,95.7,13.67,11.64,0,0,0,0,0,0,0.0,0.0,0.0,0.0,0.21,1,0,0.0,0.0,0
2015,2020-07-07,2020,7,7,189,28,1,-0.5,-0.866025,67.5,4,0.0,0.0,0.0,67.5,95.1,110.9,15.84,13.89,1,0,1,0,0,0,0.0,0.0,0.0,0.0,0.24,1,0,0.0,0.0,0
2016,2020-07-08,2020,7,8,190,28,1,-0.5,-0.866025,89.2,4,67.5,0.0,0.0,156.7,156.7,200.1,28.59,15.73,1,0,2,0,0,0,0.0,0.0,0.0,0.0,0.44,1,1,0.9,15.0,2
2017,2020-07-09,2020,7,9,191,28,1,-0.5,-0.866025,0.0,0,89.2,67.5,0.0,156.7,156.7,184.3,26.33,15.25,0,0,0,0,0,0,0.0,0.0,0.0,0.0,0.37,1,0,0.0,0.0,0
2018,2020-07-10,2020,7,10,192,28,1,-0.5,-0.866025,32.1,3,0.0,89.2,67.5,121.3,188.8,188.8,26.97,16.32,0,0,1,0,0,0,0.0,0.0,0.0,0.0,0.37,1,0,0.0,0.0,0
2019,2020-07-11,2020,7,11,193,28,1,-0.5,-0.866025,75.1,4,32.1,0.0,89.2,107.2,263.9,263.9,37.7,18.83,1,0,2,0,0,0,0.0,0.0,0.0,0.0,0.55,1,0,0.0,0.0,0
2020,2020-07-12,2020,7,12,194,28,1,-0.5,-0.866025,49.5,3,75.1,32.1,0.0,156.7,245.9,313.4,44.77,20.48,0,0,3,0,0,0,0.0,0.0,0.0,0.0,0.94,1,1,0.7,13.0,2
2021,2020-07-13,2020,7,13,195,29,1,-0.5,-0.866025,9.2,3,49.5,75.1,32.1,133.8,165.9,322.6,46.09,20.78,0,0,4,0,0,0,0.0,0.0,0.0,0.0,0.95,1,1,0.3,11.0,1
2022,2020-07-14,2020,7,14,196,29,1,-0.5,-0.866025,0.0,0,9.2,49.5,75.1,58.7,165.9,255.1,36.44,20.58,0,0,0,0,0,0,0.0,0.0,0.0,0.0,0.49,1,0,0.0,0.0,0
2023,2020-07-15,2020,7,15,197,29,1,-0.5,-0.866025,49.5,3,0.0,9.2,49.5,58.7,183.3,215.4,30.77,20.83,0,0,1,0,0,0,0.0,0.0,0.0,0.0,0.42,1,0,0.0,0.0,0
2024,2020-07-16,2020,7,16,198,29,1,-0.5,-0.866025,96.5,4,49.5,0.0,9.2,146.0,204.7,311.9,44.56,24.05,1,0,2,0,0,0,0.0,0.0,0.0,0.0,0.63,1,1,0.8,17.0,2
2025,2020-07-17,2020,7,17,199,29,1,-0.5,-0.866025,33.6,3,96.5,49.5,0.0,179.6,188.8,313.4,44.77,23.37,0,0,3,0,0,0,0.0,0.0,0.0,0.0,0.94,1,1,0.5,6.0,2
2026,2020-07-18,2020,7,18,200,29,1,-0.5,-0.866025,97.6,4,33.6,96.5,49.5,227.7,277.2,335.9,47.99,26.62,1,0,4,0,0,0,0.0,0.0,0.0,0.0,0.98,1,1,1.5,17.0,3
2027,2020-07-19,2020,7,19,201,29,1,-0.5,-0.866025,0.0,0,97.6,33.6,96.5,131.2,277.2,286.4,40.91,26.62,0,0,0,0,0,0,0.0,0.0,0.0,0.0,0.54,1,0,0.0,0.0,0
2028,2020-07-20,2020,7,20,202,30,1,-0.5,-0.866025,67.9,4,0.0,97.6,33.6,165.5,295.6,345.1,49.3,28.89,1,0,1,0,0,0,0.0,0.0,0.0,0.0,0.64,1,0,0.0,0.0,0
2029,2020-07-21,2020,7,21,203,30,1,-0.5,-0.866025,38.5,3,67.9,0.0,97.6,106.4,237.6,383.6,54.8,30.17,0,0,2,0,0,0,0.0,0.0,0.0,0.0,0.76,1,0,0.0,0.0,0
2030,2020-07-22,2020,7,22,204,30,1,-0.5,-0.866025,23.0,3,38.5,67.9,0.0,129.4,227.0,357.1,51.01,30.94,0,0,3,0,0,0,0.0,0.0,0.0,0.0,1.0,1,1,0.5,10.0,1
2031,2020-07-23,2020,7,23,205,30,1,-0.5,-0.866025,38.7,3,23.0,38.5,67.9,100.2,168.1,299.3,42.76,32.23,0,0,4,0,0,0,0.0,0.0,0.0,0.0,0.91,1,1,0.5,19.0,2
2032,2020-07-24,2020,7,24,206,30,1,-0.5,-0.866025,0.0,0,38.7,23.0,38.5,61.7,168.1,265.7,37.96,30.52,0,0,0,0,0,0,0.0,0.0,0.0,0.0,0.51,1,0,0.0,0.0,0
2033,2020-07-25,2020,7,25,207,30,1,-0.5,-0.866025,26.2,3,0.0,38.7,23.0,64.9,126.4,194.3,27.76,31.4,0,0,1,0,0,0,0.0,0.0,0.0,0.0,0.38,1,0,0.0,0.0,0
2034,2020-07-26,2020,7,26,208,30,1,-0.5,-0.866025,49.3,3,26.2,0.0,38.7,75.5,137.2,243.6,34.8,33.04,0,0,2,0,0,0,0.0,0.0,0.0,0.0,0.52,1,0,0.0,0.0,0
2035,2020-07-27,2020,7,27,209,31,1,-0.5,-0.866025,94.1,4,49.3,26.2,0.0,169.6,208.3,269.8,38.54,36.13,1,0,3,0,0,0,0.0,0.0,0.0,0.0,0.86,1,0,0.0,0.0,0
2036,2020-07-28,2020,7,28,210,31,1,-0.5,-0.866025,14.3,3,94.1,49.3,26.2,157.7,183.9,245.6,35.09,36.06,0,0,4,0,0,0,0.0,0.0,0.0,0.0,0.82,1,0,0.0,0.0,0
2037,2020-07-29,2020,7,29,211,31,1,-0.5,-0.866025,0.0,0,14.3,94.1,49.3,108.4,183.9,222.6,31.8,34.92,0,0,0,0,0,0,0.0,0.0,0.0,0.0,0.43,1,0,0.0,0.0,0
2038,2020-07-30,2020,7,30,212,31,1,-0.5,-0.866025,0.0,0,0.0,14.3,94.1,14.3,157.7,183.9,26.27,33.17,0,0,0,0,0,0,0.0,0.0,0.0,0.0,0.37,1,0,0.0,0.0,0
2039,2020-07-31,2020,7,31,213,31,1,-0.5,-0.866025,0.0,0,0.0,0.0,14.3,0.0,108.4,183.9,26.27,33.17,0,0,0,0,0,0,0.0,0.0,0.0,0.0,0.37,1,0,0.0,0.0,0
2040,2020-08-01,2020,8,1,214,31,1,-0.866025,-0.5,0.0,0,0.0,0.0,0.0,0.0,14.3,157.7,22.53,32.65,0,0,0,0,0,0,0.0,0.0,0.0,0.0,0.32,1,0,0.0,0.0,0
2041,2020-08-02,2020,8,2,215,31,1,-0.866025,-0.5,1.6,1,0.0,0.0,0.0,1.6,1.6,110.0,15.71,31.78,0,0,1,0,0,0,0.0,0.0,0.0,0.0,0.24,1,0,0.0,0.0,0
2042,2020-08-03,2020,8,3,216,32,1,-0.866025,-0.5,15.4,3,1.6,0.0,0.0,17.0,17.0,31.3,4.47,32.29,0,0,2,0,0,0,0.0,0.0,0.0,0.0,0.15,1,0,0.0,0.0,0
2043,2020-08-04,2020,8,4,217,32,1,-0.866025,-0.5,0.0,0,15.4,1.6,0.0,17.0,17.0,17.0,2.43,32.29,0,0,0,0,0,0,0.0,0.0,0.0,0.0,0.08,1,0,0.0,0.0,0
2044,2020-08-05,2020,8,5,218,32,1,-0.866025,-0.5,79.2,4,0.0,15.4,1.6,94.6,96.2,96.2,13.74,34.93,1,0,1,0,0,0,0.0,0.0,0.0,0.0,0.21,1,0,0.0,0.0,0
2045,2020-08-06,2020,8,6,219,32,1,-0.866025,-0.5,52.8,4,79.2,0.0,15.4,132.0,149.0,149.0,21.29,34.44,1,0,2,0,0,0,0.0,0.0,0.0,0.0,0.36,1,0,0.0,0.0,0
2046,2020-08-07,2020,8,7,220,32,1,-0.866025,-0.5,14.2,3,52.8,79.2,0.0,146.2,161.6,163.2,23.31,31.94,0,0,3,0,0,0,0.0,0.0,0.0,0.0,0.68,1,0,0.0,0.0,0
2047,2020-08-08,2020,8,8,221,32,1,-0.866025,-0.5,61.1,4,14.2,52.8,79.2,128.1,207.3,224.3,32.04,33.98,1,0,4,0,0,0,0.0,0.0,0.0,0.0,0.78,1,1,0.5,16.0,2
2048,2020-08-09,2020,8,9,222,32,1,-0.866025,-0.5,42.4,3,61.1,14.2,52.8,117.7,249.7,265.1,37.87,34.32,0,0,5,0,0,0,0.0,0.0,0.0,0.0,0.85,1,1,0.6,14.0,2
2049,2020-08-10,2020,8,10,223,33,1,-0.866025,-0.5,81.6,4,42.4,61.1,14.2,185.1,252.1,331.3,47.33,34.54,1,0,6,0,0,0,0.0,0.0,0.0,0.0,0.97,1,1,1.1,39.0,3
2050,2020-08-11,2020,8,11,224,33,1,-0.866025,-0.5,6.4,2,81.6,42.4,61.1,130.4,205.7,337.7,48.24,33.1,0,0,7,0,0,0,0.0,0.0,0.0,0.0,0.98,1,0,0.0,0.0,0
2051,2020-08-12,2020,8,12,225,33,1,-0.866025,-0.5,0.0,0,6.4,81.6,42.4,88.0,191.5,258.5,36.93,32.8,0,0,0,0,0,0,0.0,0.0,0.0,0.0,0.49,1,0,0.0,0.0,0
2052,2020-08-13,2020,8,13,226,33,1,-0.866025,-0.5,23.3,3,0.0,6.4,81.6,29.7,153.7,229.0,32.71,33.57,0,0,1,0,0,0,0.0,0.0,0.0,0.0,0.44,1,1,0.3,10.0,1
2053,2020-08-14,2020,8,14,227,33,1,-0.866025,-0.5,0.0,0,23.3,0.0,6.4,23.3,111.3,214.8,30.69,31.92,0,0,0,0,0,0,0.0,0.0,0.0,0.0,0.42,1,0,0.0,0.0,0
2054,2020-08-15,2020,8,15,228,33,1,-0.866025,-0.5,20.4,3,0.0,23.3,0.0,43.7,50.1,174.1,24.87,29.39,0,0,1,0,0,0,0.0,0.0,0.0,0.0,0.35,1,0,0.0,0.0,0
2055,2020-08-16,2020,8,16,229,33,1,-0.866025,-0.5,0.0,0,20.4,0.0,23.3,20.4,43.7,131.7,18.81,28.27,0,0,0,0,0,0,0.0,0.0,0.0,0.0,0.28,1,0,0.0,0.0,0
2056,2020-08-17,2020,8,17,230,34,1,-0.866025,-0.5,51.3,4,0.0,20.4,0.0,71.7,95.0,101.4,14.49,26.72,1,0,1,0,0,0,0.0,0.0,0.0,0.0,0.22,1,0,0.0,0.0,0
2057,2020-08-18,2020,8,18,231,34,1,-0.866025,-0.5,49.7,3,51.3,0.0,20.4,101.0,121.4,144.7,20.67,28.38,0,0,2,0,0,0,0.0,0.0,0.0,0.0,0.35,1,1,0.3,9.0,1
2058,2020-08-19,2020,8,19,232,34,1,-0.866025,-0.5,38.2,3,49.7,51.3,0.0,139.2,159.6,182.9,26.13,27.39,0,0,3,0,0,0,0.0,0.0,0.0,0.0,0.71,1,1,0.3,3.0,1
2059,2020-08-20,2020,8,20,233,34,1,-0.866025,-0.5,27.4,3,38.2,49.7,51.3,115.3,166.6,187.0,26.71,27.02,0,0,4,0,0,0,0.0,0.0,0.0,0.0,0.72,1,1,0.3,8.0,1
2060,2020-08-21,2020,8,21,234,34,1,-0.866025,-0.5,0.0,0,27.4,38.2,49.7,65.6,166.6,187.0,26.71,26.25,0,0,0,0,0,0,0.0,0.0,0.0,0.0,0.37,1,0,0.0,0.0,0
2061,2020-08-22,2020,8,22,235,34,1,-0.866025,-0.5,19.1,3,0.0,27.4,38.2,46.5,134.4,185.7,26.53,25.6,0,0,1,0,0,0,0.0,0.0,0.0,0.0,0.37,1,0,0.0,0.0,0
2062,2020-08-23,2020,8,23,236,34,1,-0.866025,-0.5,22.6,3,19.1,0.0,27.4,41.7,107.3,208.3,29.76,26.35,0,0,2,0,0,0,0.0,0.0,0.0,0.0,0.46,1,0,0.0,0.0,0
2063,2020-08-24,2020,8,24,237,35,1,-0.866025,-0.5,1.9,1,22.6,19.1,0.0,43.6,71.0,158.9,22.7,25.54,0,0,3,0,0,0,0.0,0.0,0.0,0.0,0.67,1,0,0.0,0.0,0
2064,2020-08-25,2020,8,25,238,35,1,-0.866025,-0.5,0.0,0,1.9,22.6,19.1,24.5,43.6,109.2,15.6,23.9,0,0,0,0,0,0,0.0,0.0,0.0,0.0,0.24,1,0,0.0,0.0,0
2065,2020-08-26,2020,8,26,239,35,1,-0.866025,-0.5,0.0,0,0.0,1.9,22.6,1.9,43.6,71.0,10.14,20.76,0,0,0,0,0,0,0.0,0.0,0.0,0.0,0.17,1,0,0.0,0.0,0
2066,2020-08-27,2020,8,27,240,35,1,-0.866025,-0.5,30.7,3,0.0,0.0,1.9,30.7,55.2,74.3,10.61,21.31,0,0,1,0,0,0,0.0,0.0,0.0,0.0,0.18,1,0,0.0,0.0,0
2067,2020-08-28,2020,8,28,241,35,1,-0.866025,-0.5,56.2,4,30.7,0.0,0.0,86.9,88.8,130.5,18.64,23.18,1,0,2,0,0,0,0.0,0.0,0.0,0.0,0.32,1,0,0.0,0.0,0
2068,2020-08-29,2020,8,29,242,35,1,-0.866025,-0.5,0.0,0,56.2,30.7,0.0,86.9,86.9,111.4,15.91,23.18,0,0,0,0,0,0,0.0,0.0,0.0,0.0,0.24,1,0,0.0,0.0,0
2069,2020-08-30,2020,8,30,243,35,1,-0.866025,-0.5,122.9,4,0.0,56.2,30.7,179.1,209.8,211.7,30.24,27.28,1,1,1,0,0,0,0.0,0.0,0.0,0.0,0.41,1,0,0.0,0.0,0
2070,2020-08-31,2020,8,31,244,36,1,-0.866025,-0.5,45.9,3,122.9,0.0,56.2,168.8,255.7,255.7,36.53,28.81,0,0,2,0,0,0,0.0,0.0,0.0,0.0,0.54,1,0,0.0,0.0,0
2071,2020-09-01,2020,9,1,245,36,1,-1.0,-0.0,0.0,0,45.9,122.9,0.0,168.8,225.0,255.7,36.53,28.76,0,0,0,0,0,0,0.0,0.0,0.0,0.0,0.49,1,0,0.0,0.0,0
2072,2020-09-02,2020,9,2,246,36,1,-1.0,-0.0,54.9,4,0.0,45.9,122.9,100.8,223.7,310.6,44.37,30.07,1,0,1,0,0,0,0.0,0.0,0.0,0.0,0.58,1,1,0.2,9.0,1
2073,2020-09-03,2020,9,3,247,36,1,-1.0,-0.0,38.3,3,54.9,0.0,45.9,93.2,262.0,318.2,45.46,31.35,0,0,2,0,0,0,0.0,0.0,0.0,0.0,0.65,1,1,0.4,10.0,1
2074,2020-09-04,2020,9,4,248,36,1,-1.0,-0.0,0.0,0,38.3,54.9,0.0,93.2,139.1,262.0,37.43,28.71,0,0,0,0,0,0,0.0,0.0,0.0,0.0,0.5,1,0,0.0,0.0,0
2075,2020-09-05,2020,9,5,249,36,1,-1.0,-0.0,40.7,3,0.0,38.3,54.9,79.0,133.9,302.7,43.24,28.31,0,0,1,0,0,0,0.0,0.0,0.0,0.0,0.57,1,0,0.0,0.0,0
2076,2020-09-06,2020,9,6,250,36,1,-1.0,-0.0,0.0,0,40.7,0.0,38.3,40.7,133.9,179.8,25.69,27.83,0,0,0,0,0,0,0.0,0.0,0.0,0.0,0.36,1,0,0.0,0.0,0
2077,2020-09-07,2020,9,7,251,37,1,-1.0,-0.0,45.0,3,0.0,40.7,0.0,85.7,124.0,178.9,25.56,27.3,0,0,1,0,0,0,0.0,0.0,0.0,0.0,0.36,1,1,0.3,9.0,1
2078,2020-09-08,2020,9,8,252,37,1,-1.0,-0.0,0.0,0,45.0,0.0,40.7,45.0,85.7,178.9,25.56,25.88,0,0,0,0,0,0,0.0,0.0,0.0,0.0,0.36,1,0,0.0,0.0,0
2079,2020-09-09,2020,9,9,253,37,1,-1.0,-0.0,165.2,4,0.0,45.0,0.0,210.2,250.9,289.2,41.31,28.67,1,1,1,0,0,0,0.0,0.0,0.0,0.0,0.55,1,1,0.8,15.0,2
2080,2020-09-10,2020,9,10,254,37,1,-1.0,-0.0,32.4,3,165.2,0.0,45.0,197.6,242.6,283.3,40.47,29.54,0,0,2,0,0,0,0.0,0.0,0.0,0.0,0.59,1,0,0.0,0.0,0
2081,2020-09-11,2020,9,11,255,37,1,-1.0,-0.0,0.0,0,32.4,165.2,0.0,197.6,242.6,283.3,40.47,29.54,0,0,0,0,0,0,0.0,0.0,0.0,0.0,0.54,1,0,0.0,0.0,0
2082,2020-09-12,2020,9,12,256,37,1,-1.0,-0.0,57.1,4,0.0,32.4,165.2,89.5,254.7,299.7,42.81,30.66,1,0,1,0,0,0,0.0,0.0,0.0,0.0,0.56,1,0,0.0,0.0,0
2083,2020-09-13,2020,9,13,257,37,1,-1.0,-0.0,0.0,0,57.1,0.0,32.4,57.1,254.7,299.7,42.81,30.66,0,0,0,0,0,0,0.0,0.0,0.0,0.0,0.56,1,0,0.0,0.0,0
2084,2020-09-14,2020,9,14,258,38,1,-1.0,-0.0,40.3,3,0.0,57.1,0.0,97.4,129.8,295.0,42.14,31.33,0,0,1,0,0,0,0.0,0.0,0.0,0.0,0.56,1,0,0.0,0.0,0
2085,2020-09-15,2020,9,15,259,38,1,-1.0,-0.0,0.0,0,40.3,0.0,57.1,40.3,97.4,295.0,42.14,31.33,0,0,0,0,0,0,0.0,0.0,0.0,0.0,0.56,1,0,0.0,0.0,0
2086,2020-09-16,2020,9,16,260,38,1,-1.0,-0.0,0.0,0,0.0,40.3,0.0,40.3,97.4,129.8,18.54,29.62,0,0,0,0,0,0,0.0,0.0,0.0,0.0,0.27,1,0,0.0,0.0,0
2087,2020-09-17,2020,9,17,261,38,1,-1.0,-0.0,99.1,4,0.0,0.0,40.3,99.1,139.4,196.5,28.07,31.26,1,0,1,0,0,0,0.0,0.0,0.0,0.0,0.39,1,0,0.0,0.0,0
2088,2020-09-18,2020,9,18,262,38,1,-1.0,-0.0,79.6,4,99.1,0.0,0.0,178.7,219.0,276.1,39.44,32.64,1,0,2,0,0,0,0.0,0.0,0.0,0.0,0.57,1,0,0.0,0.0,0
2089,2020-09-19,2020,9,19,263,38,1,-1.0,-0.0,81.6,4,79.6,99.1,0.0,260.3,260.3,300.6,42.94,34.45,1,0,3,0,0,0,0.0,0.0,0.0,0.0,0.92,1,1,1.4,41.0,3
2090,2020-09-20,2020,9,20,264,38,1,-1.0,-0.0,0.0,0,81.6,79.6,99.1,161.2,260.3,300.6,42.94,34.45,0,0,0,0,0,0,0.0,0.0,0.0,0.0,0.57,1,0,0.0,0.0,0
2091,2020-09-21,2020,9,21,265,39,1,-1.0,-0.0,112.1,4,0.0,81.6,79.6,193.7,372.4,372.4,53.2,37.55,1,1,1,0,0,0,0.0,0.0,0.0,0.0,0.69,1,1,1.1,35.0,3
2092,2020-09-22,2020,9,22,266,39,1,-1.0,-0.0,0.0,0,112.1,0.0,81.6,112.1,273.3,372.4,53.2,36.8,0,0,0,0,0,0,0.0,0.0,0.0,0.0,0.69,1,0,0.0,0.0,0
2093,2020-09-23,2020,9,23,267,39,1,-1.0,-0.0,0.0,0,0.0,112.1,0.0,112.1,193.7,372.4,53.2,36.73,0,0,0,0,0,0,0.0,0.0,0.0,0.0,0.69,1,1,0.5,4.0,1
2094,2020-09-24,2020,9,24,268,39,1,-1.0,-0.0,71.3,4,0.0,0.0,112.1,71.3,183.4,344.6,49.23,39.11,1,0,1,0,0,0,0.0,0.0,0.0,0.0,0.64,1,0,0.0,0.0,0
2095,2020-09-25,2020,9,25,269,39,1,-1.0,-0.0,151.5,4,71.3,0.0,0.0,222.8,334.9,416.5,59.5,44.16,1,1,2,0,0,0,0.0,0.0,0.0,0.0,0.81,1,1,1.5,20.0,3
2096,2020-09-26,2020,9,26,270,39,1,-1.0,-0.0,0.0,0,151.5,71.3,0.0,222.8,222.8,334.9,47.84,43.14,0,0,0,0,0,0,0.0,0.0,0.0,0.0,0.62,1,0,0.0,0.0,0
2097,2020-09-27,2020,9,27,271,39,1,-1.0,-0.0,13.7,3,0.0,151.5,71.3,165.2,236.5,348.6,49.8,41.72,0,0,1,0,0,0,0.0,0.0,0.0,0.0,0.65,1,0,0.0,0.0,0
2098,2020-09-28,2020,9,28,272,40,1,-1.0,-0.0,47.0,3,13.7,0.0,151.5,60.7,283.5,283.5,40.5,43.29,0,0,2,0,0,0,0.0,0.0,0.0,0.0,0.59,1,0,0.0,0.0,0
2099,2020-09-29,2020,9,29,273,40,1,-1.0,-0.0,16.8,3,47.0,13.7,0.0,77.5,229.0,300.3,42.9,39.75,0,0,3,0,0,0,0.0,0.0,0.0,0.0,0.91,1,0,0.0,0.0,0
2100,2020-09-30,2020,9,30,274,40,1,-1.0,-0.0,0.0,0,16.8,47.0,13.7,63.8,77.5,300.3,42.9,38.22,0,0,0,0,0,0,0.0,0.0,0.0,0.0,0.56,1,0,0.0,0.0,0
2101,2020-10-01,2020,10,1,275,40,1,-0.866025,0.5,260.6,4,0.0,16.8,47.0,277.4,338.1,489.6,69.94,46.91,1,1,1,1,4,Rolly,4.0,195.0,0.0,4.0,0.89,1,1,2.4,55.0,4
2102,2020-10-02,2020,10,2,276,40,1,-0.866025,0.5,0.0,0,260.6,0.0,16.8,260.6,324.4,338.1,48.3,45.08,0,0,0,0,0,0,0.0,0.0,0.0,0.0,0.63,1,0,0.0,0.0,0
2103,2020-10-03,2020,10,3,277,40,1,-0.866025,0.5,0.0,0,0.0,260.6,0.0,260.6,277.4,338.1,48.3,43.8,0,0,0,0,0,0,0.0,0.0,0.0,0.0,0.63,1,1,0.2,9.0,1
2104,2020-10-04,2020,10,4,278,40,1,-0.866025,0.5,76.4,4,0.0,0.0,260.6,76.4,337.0,400.8,57.26,46.35,1,0,1,0,0,0,0.0,0.0,0.0,0.0,0.74,1,0,0.0,0.0,0
2105,2020-10-05,2020,10,5,279,41,1,-0.866025,0.5,0.0,0,76.4,0.0,0.0,76.4,337.0,353.8,50.54,44.99,0,0,0,0,0,0,0.0,0.0,0.0,0.0,0.66,1,0,0.0,0.0,0
2106,2020-10-06,2020,10,6,280,41,1,-0.866025,0.5,141.0,4,0.0,76.4,0.0,217.4,217.4,478.0,68.29,49.69,1,1,1,0,0,0,0.0,0.0,0.0,0.0,0.87,1,1,1.0,34.0,3
2107,2020-10-07,2020,10,7,281,41,1,-0.866025,0.5,1.0,1,141.0,0.0,76.4,142.0,218.4,479.0,68.43,48.22,0,0,2,0,0,0,0.0,0.0,0.0,0.0,0.92,1,0,0.0,0.0,0
2108,2020-10-08,2020,10,8,282,41,1,-0.866025,0.5,28.7,3,1.0,141.0,0.0,170.7,247.1,247.1,35.3,49.18,0,0,3,0,0,0,0.0,0.0,0.0,0.0,0.82,1,1,0.4,14.0,2
2109,2020-10-09,2020,10,9,283,41,1,-0.866025,0.5,96.8,4,28.7,1.0,141.0,126.5,267.5,343.9,49.13,46.9,1,0,4,0,0,0,0.0,0.0,0.0,0.0,0.99,1,1,0.5,13.0,2
2110,2020-10-10,2020,10,10,284,41,1,-0.866025,0.5,0.0,0,96.8,28.7,1.0,125.5,267.5,343.9,49.13,45.82,0,0,0,0,0,0,0.0,0.0,0.0,0.0,0.64,1,0,0.0,0.0,0
2111,2020-10-11,2020,10,11,285,41,1,-0.866025,0.5,61.6,4,0.0,96.8,28.7,158.4,188.1,329.1,47.01,47.87,1,0,1,0,0,0,0.0,0.0,0.0,0.0,0.61,1,1,0.4,9.0,2
2112,2020-10-12,2020,10,12,286,42,1,-0.866025,0.5,126.4,4,61.6,0.0,96.8,188.0,313.5,455.5,65.07,50.18,1,1,2,0,0,0,0.0,0.0,0.0,0.0,0.88,1,1,0.7,29.0,3
2113,2020-10-13,2020,10,13,287,42,1,-0.866025,0.5,0.0,0,126.4,61.6,0.0,188.0,284.8,314.5,44.93,50.18,0,0,0,0,0,0,0.0,0.0,0.0,0.0,0.59,1,0,0.0,0.0,0
2114,2020-10-14,2020,10,14,288,42,1,-0.866025,0.5,59.1,4,0.0,126.4,61.6,185.5,247.1,372.6,53.23,50.81,1,0,1,0,0,0,0.0,0.0,0.0,0.0,0.69,1,0,0.0,0.0,0
2115,2020-10-15,2020,10,15,289,42,1,-0.866025,0.5,63.6,4,59.1,0.0,126.4,122.7,310.7,407.5,58.21,52.93,1,0,2,0,0,0,0.0,0.0,0.0,0.0,0.8,1,0,0.0,0.0,0
2116,2020-10-16,2020,10,16,290,42,1,-0.866025,0.5,94.9,4,63.6,59.1,0.0,217.6,344.0,405.6,57.94,56.09,1,0,3,0,0,0,0.0,0.0,0.0,0.0,1.0,1,0,0.0,0.0,0
2117,2020-10-17,2020,10,17,291,42,1,-0.866025,0.5,0.0,0,94.9,63.6,59.1,158.5,217.6,405.6,57.94,52.79,0,0,0,0,0,0,0.0,0.0,0.0,0.0,0.75,1,0,0.0,0.0,0
2118,2020-10-18,2020,10,18,292,42,1,-0.866025,0.5,0.0,0,0.0,94.9,63.6,94.9,217.6,344.0,49.14,50.14,0,0,0,0,0,0,0.0,0.0,0.0,0.0,0.64,1,0,0.0,0.0,0
2119,2020-10-19,2020,10,19,293,43,1,-0.866025,0.5,79.3,4,0.0,0.0,94.9,79.3,237.8,296.9,42.41,50.06,1,0,1,0,0,0,0.0,0.0,9.0,0.0,0.56,1,0,0.0,0.0,0
2120,2020-10-20,2020,10,20,294,43,1,-0.866025,0.5,65.8,4,79.3,0.0,0.0,145.1,240.0,362.7,51.81,52.25,1,0,2,0,0,0,0.0,0.0,8.0,0.0,0.72,1,0,0.0,0.0,0
2121,2020-10-21,2020,10,21,295,43,1,-0.866025,0.5,63.0,4,65.8,79.3,0.0,208.1,208.1,366.6,52.37,50.62,1,0,3,0,0,0,0.0,0.0,7.0,0.0,1.0,1,1,1.3,16.0,3
2122,2020-10-22,2020,10,22,296,43,1,-0.866025,0.5,68.8,4,63.0,65.8,79.3,197.6,276.9,371.8,53.11,52.91,1,0,4,0,0,0,0.0,0.0,6.0,0.0,1.0,1,1,1.0,42.0,3
2123,2020-10-23,2020,10,23,297,43,1,-0.866025,0.5,7.2,2,68.8,63.0,65.8,139.0,284.1,284.1,40.59,53.15,0,0,5,0,0,0,0.0,0.0,5.0,0.0,0.89,1,0,0.0,0.0,0
2124,2020-10-24,2020,10,24,298,43,1,-0.866025,0.5,61.9,4,7.2,68.8,63.0,137.9,266.7,346.0,49.43,52.84,1,0,6,0,0,0,0.0,0.0,4.0,0.0,0.99,1,0,0.0,0.0,0
2125,2020-10-25,2020,10,25,299,43,1,-0.866025,0.5,65.6,4,61.9,7.2,68.8,134.7,266.5,411.6,58.8,49.97,1,0,7,0,0,0,0.0,0.0,3.0,0.0,1.0,1,1,0.6,12.0,2
2126,2020-10-26,2020,10,26,300,44,1,-0.866025,0.5,0.0,0,65.6,61.9,7.2,127.5,203.5,332.3,47.47,49.97,0,0,0,0,0,0,0.0,0.0,2.0,0.0,0.62,1,0,0.0,0.0,0
2127,2020-10-27,2020,10,27,301,44,1,-0.866025,0.5,5.1,2,0.0,65.6,61.9,70.7,139.8,271.6,38.8,49.69,0,0,1,0,0,0,0.0,0.0,1.0,0.0,0.52,1,0,0.0,0.0,0
2128,2020-10-28,2020,10,28,302,44,1,-0.866025,0.5,300.0,4,5.1,0.0,65.6,305.1,432.6,508.6,72.66,58.12,1,1,2,1,4,Rolly,4.0,195.0,0.0,0.0,0.97,1,1,2.4,64.0,4
2129,2020-10-29,2020,10,29,303,44,1,-0.866025,0.5,300.0,4,300.0,5.1,0.0,605.1,670.7,739.8,105.69,67.56,1,1,3,1,4,Rolly,4.0,195.0,0.0,1.0,1.0,1,1,1.5,54.0,4
2130,2020-10-30,2020,10,30,304,44,1,-0.866025,0.5,187.2,4,300.0,300.0,5.1,787.2,792.3,919.8,131.4,73.8,1,1,4,1,3,Rolly,3.0,195.0,1.0,0.0,0.92,1,1,1.2,48.0,3
2131,2020-10-31,2020,10,31,305,44,1,-0.866025,0.5,211.5,4,187.2,300.0,300.0,698.7,1003.8,1069.4,152.77,72.16,1,1,5,1,4,Rolly,4.0,195.0,0.0,1.0,0.98,1,1,1.8,36.0,4
2132,2020-11-01,2020,11,1,306,44,1,-0.5,0.866025,45.3,3,211.5,187.2,300.0,444.0,1044.0,1049.1,149.87,73.67,0,0,6,1,2,Rolly,3.0,165.0,0.0,2.0,0.85,1,1,0.6,12.0,2
2133,2020-11-02,2020,11,2,307,45,1,-0.5,0.866025,8.1,3,45.3,211.5,187.2,264.9,752.1,1057.2,151.03,73.94,0,0,7,0,0,0,0.0,0.0,15.0,3.0,0.6,1,0,0.0,0.0,0
2134,2020-11-03,2020,11,3,308,45,1,-0.5,0.866025,0.0,0,8.1,45.3,211.5,53.4,452.1,1052.1,150.3,71.4,0,0,0,0,0,0,0.0,0.0,8.0,0.0,1.0,1,0,0.0,0.0,0
2135,2020-11-04,2020,11,4,309,45,1,-0.5,0.866025,64.5,4,0.0,8.1,45.3,72.6,329.4,816.6,116.66,73.55,1,0,1,0,0,0,0.0,0.0,7.0,0.0,1.0,1,1,0.6,14.0,2
2136,2020-11-05,2020,11,5,310,45,1,-0.5,0.866025,0.0,0,64.5,0.0,8.1,64.5,117.9,516.6,73.8,68.85,0,0,0,0,0,0,0.0,0.0,6.0,0.0,0.94,1,0,0.0,0.0,0
2137,2020-11-06,2020,11,6,311,45,1,-0.5,0.866025,0.0,0,0.0,64.5,0.0,64.5,72.6,329.4,47.06,68.81,0,0,0,0,0,0,0.0,0.0,5.0,0.0,0.61,1,0,0.0,0.0,0
2138,2020-11-07,2020,11,7,312,45,1,-0.5,0.866025,70.4,4,0.0,0.0,64.5,70.4,134.9,188.3,26.9,70.2,1,0,1,0,0,0,0.0,0.0,4.0,0.0,0.37,1,0,0.0,0.0,0
2139,2020-11-08,2020,11,8,313,45,1,-0.5,0.866025,0.0,0,70.4,0.0,0.0,70.4,134.9,143.0,20.43,66.98,0,0,0,0,0,0,0.0,0.0,3.0,0.0,0.3,1,0,0.0,0.0,0
2140,2020-11-09,2020,11,9,314,46,1,-0.5,0.866025,87.1,4,0.0,70.4,0.0,157.5,157.5,222.0,31.71,69.88,1,0,1,0,0,0,0.0,0.0,2.0,0.0,0.43,1,0,0.0,0.0,0
2141,2020-11-10,2020,11,10,315,46,1,-0.5,0.866025,0.0,0,87.1,0.0,70.4,87.1,157.5,222.0,31.71,67.83,0,0,0,0,0,0,0.0,0.0,1.0,0.0,0.43,1,0,0.0,0.0,0
2142,2020-11-11,2020,11,11,316,46,1,-0.5,0.866025,0.0,0,0.0,87.1,0.0,87.1,157.5,157.5,22.5,63.61,0,0,0,1,3,Ulysses,3.0,175.0,0.0,0.0,0.32,1,0,0.0,0.0,0
2143,2020-11-12,2020,11,12,317,46,1,-0.5,0.866025,88.5,4,0.0,0.0,87.1,88.5,175.6,246.0,35.14,66.56,1,0,1,1,2,Ulysses,3.0,175.0,1.0,12.0,0.75,1,0,0.0,0.0,0
2144,2020-11-13,2020,11,13,318,46,1,-0.5,0.866025,112.4,4,88.5,0.0,0.0,200.9,288.0,358.4,51.2,68.34,1,1,2,1,2,Ulysses,3.0,175.0,0.0,13.0,0.88,1,1,0.9,42.0,2
2145,2020-11-14,2020,11,14,319,46,1,-0.5,0.866025,178.6,4,112.4,88.5,0.0,379.5,379.5,466.6,66.66,72.17,1,1,3,1,3,Ulysses,3.0,175.0,0.0,14.0,0.96,1,1,1.5,32.0,3
2146,2020-11-15,2020,11,15,320,46,1,-0.5,0.866025,32.0,3,178.6,112.4,88.5,323.0,411.5,498.6,71.23,70.08,0,0,4,1,1,Ulysses,3.0,140.0,0.0,15.0,0.78,1,0,0.0,0.0,0
2147,2020-11-16,2020,11,16,321,47,1,-0.5,0.866025,274.2,4,32.0,178.6,112.4,484.8,685.7,685.7,97.96,79.22,1,1,5,1,3,Ulysses,3.0,175.0,0.0,5.0,1.0,1,1,2.7,60.0,4
2148,2020-11-17,2020,11,17,322,47,1,-0.5,0.866025,53.6,4,274.2,32.0,178.6,359.8,650.8,739.3,105.61,81.0,1,0,6,0,0,0,0.0,0.0,0.0,6.0,1.0,1,1,1.0,35.0,3
2149,2020-11-18,2020,11,18,323,47,1,-0.5,0.866025,72.0,4,53.6,274.2,32.0,399.8,610.4,811.3,115.9,80.76,1,0,7,0,0,0,0.0,0.0,0.0,7.0,1.0,1,1,0.8,34.0,3
2150,2020-11-19,2020,11,19,324,47,1,-0.5,0.866025,0.0,0,72.0,53.6,274.2,125.6,431.8,722.8,103.26,78.57,0,0,0,0,0,0,0.0,0.0,0.0,8.0,1.0,1,0,0.0,0.0,0
2151,2020-11-20,2020,11,20,325,47,1,-0.5,0.866025,120.4,4,0.0,72.0,53.6,192.4,520.2,730.8,104.4,80.48,1,1,1,0,0,0,0.0,0.0,0.0,9.0,1.0,1,1,0.8,16.0,3
2152,2020-11-21,2020,11,21,326,47,1,-0.5,0.866025,24.0,3,120.4,0.0,72.0,144.4,270.0,576.2,82.31,78.99,0,0,2,0,0,0,0.0,0.0,0.0,10.0,1.0,1,0,0.0,0.0,0
2153,2020-11-22,2020,11,22,327,47,1,-0.5,0.866025,1.1,1,24.0,120.4,0.0,145.5,217.5,545.3,77.9,78.78,0,0,3,0,0,0,0.0,0.0,0.0,11.0,1.0,1,1,0.5,10.0,1
2154,2020-11-23,2020,11,23,328,48,1,-0.5,0.866025,0.0,0,1.1,24.0,120.4,25.1,145.5,271.1,38.73,76.72,0,0,0,0,0,0,0.0,0.0,0.0,12.0,0.51,1,0,0.0,0.0,0
2155,2020-11-24,2020,11,24,329,48,1,-0.5,0.866025,0.0,0,0.0,1.1,24.0,1.1,145.5,217.5,31.07,74.53,0,0,0,0,0,0,0.0,0.0,0.0,13.0,0.42,1,0,0.0,0.0,0
2156,2020-11-25,2020,11,25,330,48,1,-0.5,0.866025,0.0,0,0.0,0.0,1.1,0.0,25.1,145.5,20.79,74.53,0,0,0,0,0,0,0.0,0.0,0.0,14.0,0.3,1,0,0.0,0.0,0
2157,2020-11-26,2020,11,26,331,48,1,-0.5,0.866025,0.0,0,0.0,0.0,0.0,0.0,1.1,145.5,20.79,74.36,0,0,0,0,0,0,0.0,0.0,0.0,15.0,0.3,1,0,0.0,0.0,0
2158,2020-11-27,2020,11,27,332,48,1,-0.5,0.866025,31.5,3,0.0,0.0,0.0,31.5,31.5,56.6,8.09,65.41,0,0,1,0,0,0,0.0,0.0,0.0,16.0,0.15,1,0,0.0,0.0,0
2159,2020-11-28,2020,11,28,333,48,1,-0.5,0.866025,50.4,4,31.5,0.0,0.0,81.9,81.9,83.0,11.86,57.09,1,0,2,0,0,0,0.0,0.0,0.0,17.0,0.24,1,0,0.0,0.0,0
2160,2020-11-29,2020,11,29,334,48,1,-0.5,0.866025,47.5,3,50.4,31.5,0.0,129.4,129.4,129.4,18.49,52.44,0,0,3,0,0,0,0.0,0.0,0.0,18.0,0.62,1,0,0.0,0.0,0
2161,2020-11-30,2020,11,30,335,49,1,-0.5,0.866025,72.2,4,47.5,50.4,31.5,170.1,201.6,201.6,28.8,47.79,1,0,4,0,0,0,0.0,0.0,0.0,19.0,0.75,1,1,0.5,15.0,2
2162,2020-12-01,2020,12,1,336,49,0,-0.0,1.0,0.0,0,72.2,47.5,50.4,119.7,201.6,201.6,28.8,46.28,0,0,0,0,0,0,0.0,0.0,0.0,20.0,0.4,1,0,0.0,0.0,0
2163,2020-12-02,2020,12,2,337,49,0,-0.0,1.0,0.0,0,0.0,72.2,47.5,72.2,170.1,201.6,28.8,46.01,0,0,0,0,0,0,0.0,0.0,0.0,21.0,0.4,1,0,0.0,0.0,0
2164,2020-12-03,2020,12,3,338,49,0,-0.0,1.0,0.0,0,0.0,0.0,72.2,0.0,119.7,201.6,28.8,46.01,0,0,0,0,0,0,0.0,0.0,0.0,22.0,0.4,1,0,0.0,0.0,0
2165,2020-12-04,2020,12,4,339,49,0,-0.0,1.0,0.0,0,0.0,0.0,0.0,0.0,72.2,170.1,24.3,43.86,0,0,0,0,0,0,0.0,0.0,0.0,23.0,0.34,1,0,0.0,0.0,0
2166,2020-12-05,2020,12,5,340,49,0,-0.0,1.0,20.3,3,0.0,0.0,0.0,20.3,20.3,140.0,20.0,44.54,0,0,1,0,0,0,0.0,0.0,0.0,24.0,0.29,1,0,0.0,0.0,0
2167,2020-12-06,2020,12,6,341,49,0,-0.0,1.0,0.0,0,20.3,0.0,0.0,20.3,20.3,92.5,13.21,44.54,0,0,0,0,0,0,0.0,0.0,0.0,25.0,0.21,1,0,0.0,0.0,0
2168,2020-12-07,2020,12,7,342,50,0,-0.0,1.0,0.0,0,0.0,20.3,0.0,20.3,20.3,20.3,2.9,42.19,0,0,0,0,0,0,0.0,0.0,0.0,26.0,0.08,1,0,0.0,0.0,0
2169,2020-12-08,2020,12,8,343,50,0,-0.0,1.0,0.0,0,0.0,0.0,20.3,0.0,20.3,20.3,2.9,42.19,0,0,0,0,0,0,0.0,0.0,0.0,27.0,0.08,1,0,0.0,0.0,0
2170,2020-12-09,2020,12,9,344,50,0,-0.0,1.0,56.3,4,0.0,0.0,0.0,56.3,76.6,76.6,10.94,41.17,1,0,1,0,0,0,0.0,0.0,0.0,28.0,0.18,1,0,0.0,0.0,0
2171,2020-12-10,2020,12,10,345,50,0,-0.0,1.0,13.4,3,56.3,0.0,0.0,69.7,69.7,90.0,12.86,41.61,0,0,2,0,0,0,0.0,0.0,0.0,29.0,0.25,1,0,0.0,0.0,0
2172,2020-12-11,2020,12,11,346,50,0,-0.0,1.0,0.0,0,13.4,56.3,0.0,69.7,69.7,90.0,12.86,41.61,0,0,0,0,0,0,0.0,0.0,0.0,0.0,0.2,1,0,0.0,0.0,0
2173,2020-12-12,2020,12,12,347,50,0,-0.0,1.0,88.0,4,0.0,13.4,56.3,101.4,157.7,157.7,22.53,41.6,1,0,1,0,0,0,0.0,0.0,0.0,0.0,0.32,1,0,0.0,0.0,0
2174,2020-12-13,2020,12,13,348,50,0,-0.0,1.0,0.0,0,88.0,0.0,13.4,88.0,157.7,157.7,22.53,37.85,0,0,0,0,0,0,0.0,0.0,0.0,0.0,0.32,1,0,0.0,0.0,0
2175,2020-12-14,2020,12,14,349,51,0,-0.0,1.0,0.0,0,0.0,88.0,0.0,88.0,101.4,157.7,22.53,31.9,0,0,0,0,0,0,0.0,0.0,0.0,0.0,0.32,1,0,0.0,0.0,0
2176,2020-12-15,2020,12,15,350,51,0,-0.0,1.0,0.0,0,0.0,0.0,88.0,0.0,88.0,157.7,22.53,30.83,0,0,0,0,0,0,0.0,0.0,0.0,0.0,0.32,1,0,0.0,0.0,0
2177,2020-12-16,2020,12,16,351,51,0,-0.0,1.0,35.6,3,0.0,0.0,0.0,35.6,123.6,137.0,19.57,22.88,0,0,1,0,0,0,0.0,0.0,0.0,0.0,0.28,1,0,0.0,0.0,0
2178,2020-12-17,2020,12,17,352,51,0,-0.0,1.0,0.0,0,35.6,0.0,0.0,35.6,35.6,123.6,17.66,21.09,0,0,0,0,0,0,0.0,0.0,0.0,0.0,0.26,1,0,0.0,0.0,0
2179,2020-12-18,2020,12,18,353,51,0,-0.0,1.0,0.0,0,0.0,35.6,0.0,35.6,35.6,123.6,17.66,18.69,0,0,0,0,0,0,0.0,0.0,0.0,0.0,0.26,1,0,0.0,0.0,0
2180,2020-12-19,2020,12,19,354,51,0,-0.0,1.0,0.0,0,0.0,0.0,35.6,0.0,35.6,35.6,5.09,18.69,0,0,0,0,0,0,0.0,0.0,0.0,0.0,0.11,1,0,0.0,0.0,0
2181,2020-12-20,2020,12,20,355,51,0,-0.0,1.0,0.0,0,0.0,0.0,0.0,0.0,35.6,35.6,5.09,14.68,0,0,0,0,0,0,0.0,0.0,0.0,0.0,0.11,1,0,0.0,0.0,0
2182,2020-12-21,2020,12,21,356,52,0,-0.0,1.0,0.0,0,0.0,0.0,0.0,0.0,0.0,35.6,5.09,13.88,0,0,0,0,0,0,0.0,0.0,0.0,0.0,0.11,1,0,0.0,0.0,0
2183,2020-12-22,2020,12,22,357,52,0,-0.0,1.0,0.0,0,0.0,0.0,0.0,0.0,0.0,35.6,5.09,13.84,0,0,0,0,0,0,0.0,0.0,0.0,0.0,0.11,1,0,0.0,0.0,0
2184,2020-12-23,2020,12,23,358,52,0,-0.0,1.0,0.0,0,0.0,0.0,0.0,0.0,0.0,0.0,0.0,13.84,0,0,0,0,0,0,0.0,0.0,0.0,0.0,0.05,1,0,0.0,0.0,0
2185,2020-12-24,2020,12,24,359,52,0,-0.0,1.0,32.1,3,0.0,0.0,0.0,32.1,32.1,32.1,4.59,14.91,0,0,1,0,0,0,0.0,0.0,0.0,0.0,0.11,1,0,0.0,0.0,0
2186,2020-12-25,2020,12,25,360,52,0,-0.0,1.0,14.4,3,32.1,0.0,0.0,46.5,46.5,46.5,6.64,15.39,0,0,2,0,0,0,0.0,0.0,0.0,0.0,0.18,1,0,0.0,0.0,0
2187,2020-12-26,2020,12,26,361,52,0,-0.0,1.0,0.0,0,14.4,32.1,0.0,46.5,46.5,46.5,6.64,15.39,0,0,0,0,0,0,0.0,0.0,0.0,0.0,0.13,1,0,0.0,0.0,0
2188,2020-12-27,2020,12,27,362,52,0,-0.0,1.0,0.0,0,0.0,14.4,32.1,14.4,46.5,46.5,6.64,14.34,0,0,0,0,0,0,0.0,0.0,0.0,0.0,0.13,1,0,0.0,0.0,0
2189,2020-12-28,2020,12,28,363,53,0,-0.0,1.0,0.0,0,0.0,0.0,14.4,0.0,46.5,46.5,6.64,12.66,0,0,0,0,0,0,0.0,0.0,0.0,0.0,0.13,1,0,0.0,0.0,0
2190,2020-12-29,2020,12,29,364,53,0,-0.0,1.0,0.0,0,0.0,0.0,0.0,0.0,14.4,46.5,6.64,11.08,0,0,0,0,0,0,0.0,0.0,0.0,0.0,0.13,1,0,0.0,0.0,0
2191,2020-12-30,2020,12,30,365,53,0,-0.0,1.0,0.0,0,0.0,0.0,0.0,0.0,0.0,46.5,6.64,8.67,0,0,0,0,0,0,0.0,0.0,0.0,0.0,0.13,1,0,0.0,0.0,0
2192,2020-12-31,2020,12,31,366,53,0,-0.0,1.0,37.9,3,0.0,0.0,0.0,37.9,37.9,52.3,7.47,9.93,0,0,1,0,0,0,0.0,0.0,0.0,0.0,0.14,1,0,0.0,0.0,0
2193,2021-01-01,2021,1,1,1,53,0,0.5,0.866025,0.0,0,37.9,0.0,0.0,37.9,37.9,37.9,5.41,9.93,0,0,0,0,0,0,0.0,0.0,0.0,0.0,0.11,1,0,0.0,0.0,0
2194,2021-01-02,2021,1,2,2,53,0,0.5,0.866025,19.1,3,0.0,37.9,0.0,57.0,57.0,57.0,8.14,10.57,0,0,1,0,0,0,0.0,0.0,0.0,0.0,0.15,1,0,0.0,0.0,0
2195,2021-01-03,2021,1,3,3,53,0,0.5,0.866025,0.0,0,19.1,0.0,37.9,19.1,57.0,57.0,8.14,10.57,0,0,0,0,0,0,0.0,0.0,0.0,0.0,0.15,1,0,0.0,0.0,0
2196,2021-01-04,2021,1,4,4,1,0,0.5,0.866025,0.0,0,0.0,19.1,0.0,19.1,57.0,57.0,8.14,9.89,0,0,0,0,0,0,0.0,0.0,0.0,0.0,0.15,1,0,0.0,0.0,0
2197,2021-01-05,2021,1,5,5,1,0,0.5,0.866025,0.0,0,0.0,0.0,19.1,0.0,19.1,57.0,8.14,9.89,0,0,0,0,0,0,0.0,0.0,0.0,0.0,0.15,1,0,0.0,0.0,0
2198,2021-01-06,2021,1,6,6,1,0,0.5,0.866025,0.0,0,0.0,0.0,0.0,0.0,19.1,57.0,8.14,9.89,0,0,0,0,0,0,0.0,0.0,0.0,0.0,0.15,1,0,0.0,0.0,0
2199,2021-01-07,2021,1,7,7,1,0,0.5,0.866025,10.9,3,0.0,0.0,0.0,10.9,10.9,30.0,4.29,10.26,0,0,1,0,0,0,0.0,0.0,0.0,0.0,0.1,1,0,0.0,0.0,0
2200,2021-01-08,2021,1,8,8,1,0,0.5,0.866025,0.0,0,10.9,0.0,0.0,10.9,10.9,30.0,4.29,8.38,0,0,0,0,0,0,0.0,0.0,0.0,0.0,0.1,1,0,0.0,0.0,0
2201,2021-01-09,2021,1,9,9,1,0,0.5,0.866025,0.0,0,0.0,10.9,0.0,10.9,10.9,10.9,1.56,7.93,0,0,0,0,0,0,0.0,0.0,0.0,0.0,0.07,1,0,0.0,0.0,0
2202,2021-01-10,2021,1,10,10,1,0,0.5,0.866025,0.0,0,0.0,0.0,10.9,0.0,10.9,10.9,1.56,7.93,0,0,0,0,0,0,0.0,0.0,0.0,0.0,0.07,1,0,0.0,0.0,0
2203,2021-01-11,2021,1,11,11,2,0,0.5,0.866025,0.0,0,0.0,0.0,0.0,0.0,10.9,10.9,1.56,5.0,0,0,0,0,0,0,0.0,0.0,0.0,0.0,0.07,1,0,0.0,0.0,0
2204,2021-01-12,2021,1,12,12,2,0,0.5,0.866025,0.0,0,0.0,0.0,0.0,0.0,0.0,10.9,1.56,5.0,0,0,0,0,0,0,0.0,0.0,0.0,0.0,0.07,1,0,0.0,0.0,0
2205,2021-01-13,2021,1,13,13,2,0,0.5,0.866025,0.0,0,0.0,0.0,0.0,0.0,0.0,10.9,1.56,5.0,0,0,0,0,0,0,0.0,0.0,0.0,0.0,0.07,1,0,0.0,0.0,0
2206,2021-01-14,2021,1,14,14,2,0,0.5,0.866025,0.0,0,0.0,0.0,0.0,0.0,0.0,0.0,0.0,5.0,0,0,0,0,0,0,0.0,0.0,0.0,0.0,0.05,1,0,0.0,0.0,0
2207,2021-01-15,2021,1,15,15,2,0,0.5,0.866025,0.0,0,0.0,0.0,0.0,0.0,0.0,0.0,0.0,3.81,0,0,0,0,0,0,0.0,0.0,0.0,0.0,0.05,1,0,0.0,0.0,0
2208,2021-01-16,2021,1,16,16,2,0,0.5,0.866025,0.0,0,0.0,0.0,0.0,0.0,0.0,0.0,0.0,3.81,0,0,0,0,0,0,0.0,0.0,0.0,0.0,0.05,1,0,0.0,0.0,0
2209,2021-01-17,2021,1,17,17,2,0,0.5,0.866025,0.0,0,0.0,0.0,0.0,0.0,0.0,0.0,0.0,3.81,0,0,0,0,0,0,0.0,0.0,0.0,0.0,0.05,1,0,0.0,0.0,0
2210,2021-01-18,2021,1,18,18,3,0,0.5,0.866025,0.0,0,0.0,0.0,0.0,0.0,0.0,0.0,0.0,3.81,0,0,0,0,0,0,0.0,0.0,0.0,0.0,0.05,1,0,0.0,0.0,0
2211,2021-01-19,2021,1,19,19,3,0,0.5,0.866025,0.0,0,0.0,0.0,0.0,0.0,0.0,0.0,0.0,3.81,0,0,0,0,0,0,0.0,0.0,0.0,0.0,0.05,1,0,0.0,0.0,0
2212,2021-01-20,2021,1,20,20,3,0,0.5,0.866025,0.0,0,0.0,0.0,0.0,0.0,0.0,0.0,0.0,3.81,0,0,0,0,0,0,0.0,0.0,0.0,0.0,0.05,1,0,0.0,0.0,0
2213,2021-01-21,2021,1,21,21,3,0,0.5,0.866025,0.0,0,0.0,0.0,0.0,0.0,0.0,0.0,0.0,3.81,0,0,0,0,0,0,0.0,0.0,0.0,0.0,0.05,1,0,0.0,0.0,0
2214,2021-01-22,2021,1,22,22,3,0,0.5,0.866025,0.0,0,0.0,0.0,0.0,0.0,0.0,0.0,0.0,3.81,0,0,0,0,0,0,0.0,0.0,0.0,0.0,0.05,1,0,0.0,0.0,0
2215,2021-01-23,2021,1,23,23,3,0,0.5,0.866025,0.0,0,0.0,0.0,0.0,0.0,0.0,0.0,0.0,2.74,0,0,0,0,0,0,0.0,0.0,0.0,0.0,0.05,1,0,0.0,0.0,0
2216,2021-01-24,2021,1,24,24,3,0,0.5,0.866025,0.0,0,0.0,0.0,0.0,0.0,0.0,0.0,0.0,2.26,0,0,0,0,0,0,0.0,0.0,0.0,0.0,0.05,1,0,0.0,0.0,0
2217,2021-01-25,2021,1,25,25,4,0,0.5,0.866025,5.3,2,0.0,0.0,0.0,5.3,5.3,5.3,0.76,2.44,0,0,1,0,0,0,0.0,0.0,0.0,0.0,0.06,1,0,0.0,0.0,0
2218,2021-01-26,2021,1,26,26,4,0,0.5,0.866025,0.0,0,5.3,0.0,0.0,5.3,5.3,5.3,0.76,2.44,0,0,0,0,0,0,0.0,0.0,0.0,0.0,0.06,1,0,0.0,0.0,0
2219,2021-01-27,2021,1,27,27,4,0,0.5,0.866025,0.0,0,0.0,5.3,0.0,5.3,5.3,5.3,0.76,2.44,0,0,0,0,0,0,0.0,0.0,0.0,0.0,0.06,1,0,0.0,0.0,0
2220,2021-01-28,2021,1,28,28,4,0,0.5,0.866025,0.0,0,0.0,0.0,5.3,0.0,5.3,5.3,0.76,2.44,0,0,0,0,0,0,0.0,0.0,0.0,0.0,0.06,1,0,0.0,0.0,0
2221,2021-01-29,2021,1,29,29,4,0,0.5,0.866025,0.0,0,0.0,0.0,0.0,0.0,5.3,5.3,0.76,2.44,0,0,0,0,0,0,0.0,0.0,0.0,0.0,0.06,1,0,0.0,0.0,0
2222,2021-01-30,2021,1,30,30,4,0,0.5,0.866025,0.0,0,0.0,0.0,0.0,0.0,0.0,5.3,0.76,1.18,0,0,0,0,0,0,0.0,0.0,0.0,0.0,0.06,1,0,0.0,0.0,0
2223,2021-01-31,2021,1,31,31,4,0,0.5,0.866025,0.0,0,0.0,0.0,0.0,0.0,0.0,5.3,0.76,1.18,0,0,0,0,0,0,0.0,0.0,0.0,0.0,0.06,1,0,0.0,0.0,0
2224,2021-02-01,2021,2,1,32,5,0,0.866025,0.5,0.0,0,0.0,0.0,0.0,0.0,0.0,0.0,0.0,0.54,0,0,0,0,0,0,0.0,0.0,0.0,0.0,0.05,1,0,0.0,0.0,0
2225,2021-02-02,2021,2,2,33,5,0,0.866025,0.5,0.0,0,0.0,0.0,0.0,0.0,0.0,0.0,0.0,0.54,0,0,0,0,0,0,0.0,0.0,0.0,0.0,0.05,1,0,0.0,0.0,0
2226,2021-02-03,2021,2,3,34,5,0,0.866025,0.5,0.0,0,0.0,0.0,0.0,0.0,0.0,0.0,0.0,0.54,0,0,0,0,0,0,0.0,0.0,0.0,0.0,0.05,1,0,0.0,0.0,0
2227,2021-02-04,2021,2,4,35,5,0,0.866025,0.5,0.0,0,0.0,0.0,0.0,0.0,0.0,0.0,0.0,0.54,0,0,0,0,0,0,0.0,0.0,0.0,0.0,0.05,1,0,0.0,0.0,0
2228,2021-02-05,2021,2,5,36,5,0,0.866025,0.5,16.6,3,0.0,0.0,0.0,16.6,16.6,16.6,2.37,1.09,0,0,1,0,0,0,0.0,0.0,0.0,0.0,0.08,1,0,0.0,0.0,0
2229,2021-02-06,2021,2,6,37,5,0,0.866025,0.5,0.0,0,16.6,0.0,0.0,16.6,16.6,16.6,2.37,0.73,0,0,0,0,0,0,0.0,0.0,0.0,0.0,0.08,1,0,0.0,0.0,0
2230,2021-02-07,2021,2,7,38,5,0,0.866025,0.5,0.0,0,0.0,16.6,0.0,16.6,16.6,16.6,2.37,0.73,0,0,0,0,0,0,0.0,0.0,0.0,0.0,0.08,1,0,0.0,0.0,0
2231,2021-02-08,2021,2,8,39,6,0,0.866025,0.5,0.0,0,0.0,0.0,16.6,0.0,16.6,16.6,2.37,0.73,0,0,0,0,0,0,0.0,0.0,0.0,0.0,0.08,1,0,0.0,0.0,0
2232,2021-02-09,2021,2,9,40,6,0,0.866025,0.5,0.0,0,0.0,0.0,0.0,0.0,16.6,16.6,2.37,0.73,0,0,0,0,0,0,0.0,0.0,0.0,0.0,0.08,1,1,0.5,11.0,1
2233,2021-02-10,2021,2,10,41,6,0,0.866025,0.5,0.0,0,0.0,0.0,0.0,0.0,0.0,16.6,2.37,0.73,0,0,0,0,0,0,0.0,0.0,0.0,0.0,0.08,1,0,0.0,0.0,0
2234,2021-02-11,2021,2,11,42,6,0,0.866025,0.5,0.0,0,0.0,0.0,0.0,0.0,0.0,16.6,2.37,0.73,0,0,0,0,0,0,0.0,0.0,0.0,0.0,0.08,1,0,0.0,0.0,0
2235,2021-02-12,2021,2,12,43,6,0,0.866025,0.5,0.0,0,0.0,0.0,0.0,0.0,0.0,0.0,0.0,0.73,0,0,0,0,0,0,0.0,0.0,0.0,0.0,0.05,1,0,0.0,0.0,0
2236,2021-02-13,2021,2,13,44,6,0,0.866025,0.5,0.0,0,0.0,0.0,0.0,0.0,0.0,0.0,0.0,0.73,0,0,0,0,0,0,0.0,0.0,0.0,0.0,0.05,1,0,0.0,0.0,0
2237,2021-02-14,2021,2,14,45,6,0,0.866025,0.5,0.0,0,0.0,0.0,0.0,0.0,0.0,0.0,0.0,0.73,0,0,0,0,0,0,0.0,0.0,0.0,0.0,0.05,1,0,0.0,0.0,0
2238,2021-02-15,2021,2,15,46,7,0,0.866025,0.5,0.0,0,0.0,0.0,0.0,0.0,0.0,0.0,0.0,0.73,0,0,0,0,0,0,0.0,0.0,0.0,0.0,0.05,1,0,0.0,0.0,0
2239,2021-02-16,2021,2,16,47,7,0,0.866025,0.5,10.1,3,0.0,0.0,0.0,10.1,10.1,10.1,1.44,1.07,0,0,1,0,0,0,0.0,0.0,0.0,0.0,0.07,1,0,0.0,0.0,0
2240,2021-02-17,2021,2,17,48,7,0,0.866025,0.5,0.0,0,10.1,0.0,0.0,10.1,10.1,10.1,1.44,1.07,0,0,0,0,0,0,0.0,0.0,0.0,0.0,0.07,1,0,0.0,0.0,0
2241,2021-02-18,2021,2,18,49,7,0,0.866025,0.5,0.0,0,0.0,10.1,0.0,10.1,10.1,10.1,1.44,1.07,0,0,0,0,0,0,0.0,0.0,0.0,0.0,0.07,1,0,0.0,0.0,0
2242,2021-02-19,2021,2,19,50,7,0,0.866025,0.5,0.0,0,0.0,0.0,10.1,0.0,10.1,10.1,1.44,1.07,0,0,0,0,0,0,0.0,0.0,0.0,0.0,0.07,1,0,0.0,0.0,0
2243,2021-02-20,2021,2,20,51,7,0,0.866025,0.5,0.0,0,0.0,0.0,0.0,0.0,10.1,10.1,1.44,1.07,0,0,0,0,0,0,0.0,0.0,0.0,0.0,0.07,1,0,0.0,0.0,0
2244,2021-02-21,2021,2,21,52,7,0,0.866025,0.5,0.0,0,0.0,0.0,0.0,0.0,0.0,10.1,1.44,1.07,0,0,0,0,0,0,0.0,0.0,0.0,0.0,0.07,1,0,0.0,0.0,0
2245,2021-02-22,2021,2,22,53,8,0,0.866025,0.5,0.0,0,0.0,0.0,0.0,0.0,0.0,10.1,1.44,1.07,0,0,0,0,0,0,0.0,0.0,0.0,0.0,0.07,1,0,0.0,0.0,0
2246,2021-02-23,2021,2,23,54,8,0,0.866025,0.5,0.0,0,0.0,0.0,0.0,0.0,0.0,0.0,0.0,1.07,0,0,0,0,0,0,0.0,0.0,0.0,0.0,0.05,1,0,0.0,0.0,0
2247,2021-02-24,2021,2,24,55,8,0,0.866025,0.5,0.0,0,0.0,0.0,0.0,0.0,0.0,0.0,0.0,0.89,0,0,0,0,0,0,0.0,0.0,0.0,0.0,0.05,1,0,0.0,0.0,0
2248,2021-02-25,2021,2,25,56,8,0,0.866025,0.5,0.0,0,0.0,0.0,0.0,0.0,0.0,0.0,0.0,0.89,0,0,0,0,0,0,0.0,0.0,0.0,0.0,0.05,1,0,0.0,0.0,0
2249,2021-02-26,2021,2,26,57,8,0,0.866025,0.5,0.0,0,0.0,0.0,0.0,0.0,0.0,0.0,0.0,0.89,0,0,0,0,0,0,0.0,0.0,0.0,0.0,0.05,1,0,0.0,0.0,0
2250,2021-02-27,2021,2,27,58,8,0,0.866025,0.5,0.0,0,0.0,0.0,0.0,0.0,0.0,0.0,0.0,0.89,0,0,0,0,0,0,0.0,0.0,0.0,0.0,0.05,1,0,0.0,0.0,0
2251,2021-02-28,2021,2,28,59,8,0,0.866025,0.5,0.0,0,0.0,0.0,0.0,0.0,0.0,0.0,0.0,0.89,0,0,0,0,0,0,0.0,0.0,0.0,0.0,0.05,1,0,0.0,0.0,0
2252,2021-03-01,2021,3,1,60,9,0,1.0,0.0,0.0,0,0.0,0.0,0.0,0.0,0.0,0.0,0.0,0.89,0,0,0,0,0,0,0.0,0.0,0.0,0.0,0.05,1,0,0.0,0.0,0
2253,2021-03-02,2021,3,2,61,9,0,1.0,0.0,0.0,0,0.0,0.0,0.0,0.0,0.0,0.0,0.0,0.89,0,0,0,0,0,0,0.0,0.0,0.0,0.0,0.05,1,0,0.0,0.0,0
2254,2021-03-03,2021,3,3,62,9,0,1.0,0.0,0.0,0,0.0,0.0,0.0,0.0,0.0,0.0,0.0,0.89,0,0,0,0,0,0,0.0,0.0,0.0,0.0,0.05,1,0,0.0,0.0,0
2255,2021-03-04,2021,3,4,63,9,0,1.0,0.0,0.0,0,0.0,0.0,0.0,0.0,0.0,0.0,0.0,0.89,0,0,0,0,0,0,0.0,0.0,0.0,0.0,0.05,1,0,0.0,0.0,0
2256,2021-03-05,2021,3,5,64,9,0,1.0,0.0,0.0,0,0.0,0.0,0.0,0.0,0.0,0.0,0.0,0.89,0,0,0,0,0,0,0.0,0.0,0.0,0.0,0.05,1,0,0.0,0.0,0
2257,2021-03-06,2021,3,6,65,9,0,1.0,0.0,7.4,2,0.0,0.0,0.0,7.4,7.4,7.4,1.06,1.14,0,0,1,0,0,0,0.0,0.0,0.0,0.0,0.06,1,0,0.0,0.0,0
2258,2021-03-07,2021,3,7,66,9,0,1.0,0.0,0.0,0,7.4,0.0,0.0,7.4,7.4,7.4,1.06,0.58,0,0,0,0,0,0,0.0,0.0,0.0,0.0,0.06,1,0,0.0,0.0,0
2259,2021-03-08,2021,3,8,67,10,0,1.0,0.0,0.0,0,0.0,7.4,0.0,7.4,7.4,7.4,1.06,0.58,0,0,0,0,0,0,0.0,0.0,0.0,0.0,0.06,1,0,0.0,0.0,0
2260,2021-03-09,2021,3,9,68,10,0,1.0,0.0,0.0,0,0.0,0.0,7.4,0.0,7.4,7.4,1.06,0.58,0,0,0,0,0,0,0.0,0.0,0.0,0.0,0.06,1,0,0.0,0.0,0
2261,2021-03-10,2021,3,10,69,10,0,1.0,0.0,0.0,0,0.0,0.0,0.0,0.0,7.4,7.4,1.06,0.58,0,0,0,0,0,0,0.0,0.0,0.0,0.0,0.06,1,0,0.0,0.0,0
2262,2021-03-11,2021,3,11,70,10,0,1.0,0.0,0.0,0,0.0,0.0,0.0,0.0,0.0,7.4,1.06,0.58,0,0,0,0,0,0,0.0,0.0,0.0,0.0,0.06,1,0,0.0,0.0,0
2263,2021-03-12,2021,3,12,71,10,0,1.0,0.0,9.1,3,0.0,0.0,0.0,9.1,9.1,16.5,2.36,0.89,0,0,1,0,0,0,0.0,0.0,0.0,0.0,0.08,1,0,0.0,0.0,0
2264,2021-03-13,2021,3,13,72,10,0,1.0,0.0,0.0,0,9.1,0.0,0.0,9.1,9.1,9.1,1.3,0.89,0,0,0,0,0,0,0.0,0.0,0.0,0.0,0.07,1,0,0.0,0.0,0
2265,2021-03-14,2021,3,14,73,10,0,1.0,0.0,0.0,0,0.0,9.1,0.0,9.1,9.1,9.1,1.3,0.89,0,0,0,0,0,0,0.0,0.0,0.0,0.0,0.07,1,0,0.0,0.0,0
2266,2021-03-15,2021,3,15,74,11,0,1.0,0.0,0.0,0,0.0,0.0,9.1,0.0,9.1,9.1,1.3,0.89,0,0,0,0,0,0,0.0,0.0,0.0,0.0,0.07,1,0,0.0,0.0,0
2267,2021-03-16,2021,3,16,75,11,0,1.0,0.0,0.0,0,0.0,0.0,0.0,0.0,9.1,9.1,1.3,0.89,0,0,0,0,0,0,0.0,0.0,0.0,0.0,0.07,1,0,0.0,0.0,0
2268,2021-03-17,2021,3,17,76,11,0,1.0,0.0,0.0,0,0.0,0.0,0.0,0.0,0.0,9.1,1.3,0.89,0,0,0,0,0,0,0.0,0.0,0.0,0.0,0.07,1,1,0.4,7.0,1
2269,2021-03-18,2021,3,18,77,11,0,1.0,0.0,0.0,0,0.0,0.0,0.0,0.0,0.0,9.1,1.3,0.55,0,0,0,0,0,0,0.0,0.0,0.0,0.0,0.07,1,0,0.0,0.0,0
2270,2021-03-19,2021,3,19,78,11,0,1.0,0.0,0.0,0,0.0,0.0,0.0,0.0,0.0,0.0,0.0,0.55,0,0,0,0,0,0,0.0,0.0,0.0,0.0,0.05,1,0,0.0,0.0,0
2271,2021-03-20,2021,3,20,79,11,0,1.0,0.0,0.0,0,0.0,0.0,0.0,0.0,0.0,0.0,0.0,0.55,0,0,0,0,0,0,0.0,0.0,0.0,0.0,0.05,1,0,0.0,0.0,0
2272,2021-03-21,2021,3,21,80,11,0,1.0,0.0,0.0,0,0.0,0.0,0.0,0.0,0.0,0.0,0.0,0.55,0,0,0,0,0,0,0.0,0.0,0.0,0.0,0.05,1,0,0.0,0.0,0
2273,2021-03-22,2021,3,22,81,12,0,1.0,0.0,0.0,0,0.0,0.0,0.0,0.0,0.0,0.0,0.0,0.55,0,0,0,0,0,0,0.0,0.0,0.0,0.0,0.05,1,0,0.0,0.0,0
2274,2021-03-23,2021,3,23,82,12,0,1.0,0.0,0.0,0,0.0,0.0,0.0,0.0,0.0,0.0,0.0,0.55,0,0,0,0,0,0,0.0,0.0,0.0,0.0,0.05,1,0,0.0,0.0,0
2275,2021-03-24,2021,3,24,83,12,0,1.0,0.0,7.2,2,0.0,0.0,0.0,7.2,7.2,7.2,1.03,0.79,0,0,1,0,0,0,0.0,0.0,0.0,0.0,0.06,1,0,0.0,0.0,0
2276,2021-03-25,2021,3,25,84,12,0,1.0,0.0,0.0,0,7.2,0.0,0.0,7.2,7.2,7.2,1.03,0.79,0,0,0,0,0,0,0.0,0.0,0.0,0.0,0.06,1,0,0.0,0.0,0
2277,2021-03-26,2021,3,26,85,12,0,1.0,0.0,0.0,0,0.0,7.2,0.0,7.2,7.2,7.2,1.03,0.79,0,0,0,0,0,0,0.0,0.0,0.0,0.0,0.06,1,0,0.0,0.0,0
2278,2021-03-27,2021,3,27,86,12,0,1.0,0.0,0.0,0,0.0,0.0,7.2,0.0,7.2,7.2,1.03,0.79,0,0,0,0,0,0,0.0,0.0,0.0,0.0,0.06,1,0,0.0,0.0,0
2279,2021-03-28,2021,3,28,87,12,0,1.0,0.0,0.0,0,0.0,0.0,0.0,0.0,7.2,7.2,1.03,0.79,0,0,0,0,0,0,0.0,0.0,0.0,0.0,0.06,1,0,0.0,0.0,0
2280,2021-03-29,2021,3,29,88,13,0,1.0,0.0,0.0,0,0.0,0.0,0.0,0.0,0.0,7.2,1.03,0.79,0,0,0,0,0,0,0.0,0.0,0.0,0.0,0.06,1,0,0.0,0.0,0
2281,2021-03-30,2021,3,30,89,13,0,1.0,0.0,0.0,0,0.0,0.0,0.0,0.0,0.0,7.2,1.03,0.79,0,0,0,0,0,0,0.0,0.0,0.0,0.0,0.06,1,0,0.0,0.0,0
2282,2021-03-31,2021,3,31,90,13,0,1.0,0.0,0.0,0,0.0,0.0,0.0,0.0,0.0,0.0,0.0,0.79,0,0,0,0,0,0,0.0,0.0,0.0,0.0,0.05,1,0,0.0,0.0,0
2283,2021-04-01,2021,4,1,91,13,0,0.866025,-0.5,0.0,0,0.0,0.0,0.0,0.0,0.0,0.0,0.0,0.79,0,0,0,0,0,0,0.0,0.0,0.0,0.0,0.05,1,0,0.0,0.0,0
2284,2021-04-02,2021,4,2,92,13,0,0.866025,-0.5,10.7,3,0.0,0.0,0.0,10.7,10.7,10.7,1.53,1.15,0,0,1,0,0,0,0.0,0.0,0.0,0.0,0.07,1,0,0.0,0.0,0
2285,2021-04-03,2021,4,3,93,13,0,0.866025,-0.5,0.0,0,10.7,0.0,0.0,10.7,10.7,10.7,1.53,1.15,0,0,0,0,0,0,0.0,0.0,0.0,0.0,0.07,1,0,0.0,0.0,0
2286,2021-04-04,2021,4,4,94,13,0,0.866025,-0.5,0.0,0,0.0,10.7,0.0,10.7,10.7,10.7,1.53,1.15,0,0,0,0,0,0,0.0,0.0,0.0,0.0,0.07,1,0,0.0,0.0,0
2287,2021-04-05,2021,4,5,95,14,0,0.866025,-0.5,14.3,3,0.0,0.0,10.7,14.3,25.0,25.0,3.57,1.38,0,0,1,0,0,0,0.0,0.0,0.0,0.0,0.09,1,0,0.0,0.0,0
2288,2021-04-06,2021,4,6,96,14,0,0.866025,-0.5,0.0,0,14.3,0.0,0.0,14.3,25.0,25.0,3.57,1.38,0,0,0,0,0,0,0.0,0.0,0.0,0.0,0.09,1,0,0.0,0.0,0
2289,2021-04-07,2021,4,7,97,14,0,0.866025,-0.5,0.0,0,0.0,14.3,0.0,14.3,14.3,25.0,3.57,1.38,0,0,0,0,0,0,0.0,0.0,0.0,0.0,0.09,1,0,0.0,0.0,0
2290,2021-04-08,2021,4,8,98,14,0,0.866025,-0.5,0.0,0,0.0,0.0,14.3,0.0,14.3,25.0,3.57,1.38,0,0,0,0,0,0,0.0,0.0,0.0,0.0,0.09,1,0,0.0,0.0,0
2291,2021-04-09,2021,4,9,99,14,0,0.866025,-0.5,0.0,0,0.0,0.0,0.0,0.0,14.3,14.3,2.04,1.38,0,0,0,0,0,0,0.0,0.0,0.0,0.0,0.07,1,0,0.0,0.0,0
2292,2021-04-10,2021,4,10,100,14,0,0.866025,-0.5,0.0,0,0.0,0.0,0.0,0.0,0.0,14.3,2.04,1.38,0,0,0,0,0,0,0.0,0.0,0.0,0.0,0.07,1,0,0.0,0.0,0
2293,2021-04-11,2021,4,11,101,14,0,0.866025,-0.5,16.7,3,0.0,0.0,0.0,16.7,16.7,31.0,4.43,1.63,0,0,1,0,0,0,0.0,0.0,0.0,0.0,0.1,1,0,0.0,0.0,0
2294,2021-04-12,2021,4,12,102,15,0,0.866025,-0.5,0.0,0,16.7,0.0,0.0,16.7,16.7,16.7,2.39,1.63,0,0,0,0,0,0,0.0,0.0,0.0,0.0,0.08,1,0,0.0,0.0,0
2295,2021-04-13,2021,4,13,103,15,0,0.866025,-0.5,0.0,0,0.0,16.7,0.0,16.7,16.7,16.7,2.39,1.63,0,0,0,0,0,0,0.0,0.0,0.0,0.0,0.08,1,0,0.0,0.0,0
2296,2021-04-14,2021,4,14,104,15,0,0.866025,-0.5,23.0,3,0.0,0.0,16.7,23.0,39.7,39.7,5.67,2.4,0,0,1,0,0,0,0.0,0.0,0.0,0.0,0.12,1,0,0.0,0.0,0
2297,2021-04-15,2021,4,15,105,15,0,0.866025,-0.5,22.6,3,23.0,0.0,0.0,45.6,62.3,62.3,8.9,3.15,0,0,2,0,0,0,0.0,0.0,0.0,0.0,0.21,1,0,0.0,0.0,0
2298,2021-04-16,2021,4,16,106,15,0,0.866025,-0.5,0.0,0,22.6,23.0,0.0,45.6,45.6,62.3,8.9,3.15,0,0,0,0,0,0,0.0,0.0,0.0,0.0,0.16,1,0,0.0,0.0,0
2299,2021-04-17,2021,4,17,107,15,0,0.866025,-0.5,0.0,0,0.0,22.6,23.0,22.6,45.6,62.3,8.9,3.15,0,0,0,0,0,0,0.0,0.0,0.0,0.0,0.16,1,0,0.0,0.0,0
2300,2021-04-18,2021,4,18,108,15,0,0.866025,-0.5,0.0,0,0.0,0.0,22.6,0.0,45.6,45.6,6.51,3.15,0,0,0,0,0,0,0.0,0.0,0.0,0.0,0.13,1,0,0.0,0.0,0
2301,2021-04-19,2021,4,19,109,16,0,0.866025,-0.5,0.0,0,0.0,0.0,0.0,0.0,22.6,45.6,6.51,3.15,0,0,0,0,0,0,0.0,0.0,0.0,0.0,0.13,1,0,0.0,0.0,0
2302,2021-04-20,2021,4,20,110,16,0,0.866025,-0.5,0.0,0,0.0,0.0,0.0,0.0,0.0,45.6,6.51,3.15,0,0,0,0,0,0,0.0,0.0,0.0,0.0,0.13,1,1,0.5,3.0,1
2303,2021-04-21,2021,4,21,111,16,0,0.866025,-0.5,0.0,0,0.0,0.0,0.0,0.0,0.0,22.6,3.23,3.15,0,0,0,0,0,0,0.0,0.0,0.0,0.0,0.09,1,0,0.0,0.0,0
2304,2021-04-22,2021,4,22,112,16,0,0.866025,-0.5,16.2,3,0.0,0.0,0.0,16.2,16.2,16.2,2.31,3.69,0,0,1,0,0,0,0.0,0.0,0.0,0.0,0.08,1,0,0.0,0.0,0
2305,2021-04-23,2021,4,23,113,16,0,0.866025,-0.5,16.2,3,16.2,0.0,0.0,32.4,32.4,32.4,4.63,3.99,0,0,2,0,0,0,0.0,0.0,0.0,0.0,0.16,1,1,0.5,4.0,1
2306,2021-04-24,2021,4,24,114,16,0,0.866025,-0.5,0.0,0,16.2,16.2,0.0,32.4,32.4,32.4,4.63,3.99,0,0,0,0,0,0,0.0,0.0,0.0,0.0,0.11,1,0,0.0,0.0,0
2307,2021-04-25,2021,4,25,115,16,0,0.866025,-0.5,16.2,3,0.0,16.2,16.2,32.4,48.6,48.6,6.94,4.53,0,0,1,0,0,0,0.0,0.0,0.0,0.0,0.13,1,0,0.0,0.0,0
2308,2021-04-26,2021,4,26,116,17,0,0.866025,-0.5,0.0,0,16.2,0.0,16.2,16.2,48.6,48.6,6.94,4.53,0,0,0,0,0,0,0.0,0.0,0.0,0.0,0.13,1,0,0.0,0.0,0
2309,2021-04-27,2021,4,27,117,17,0,0.866025,-0.5,0.0,0,0.0,16.2,0.0,16.2,32.4,48.6,6.94,4.53,0,0,0,0,0,0,0.0,0.0,0.0,0.0,0.13,1,0,0.0,0.0,0
2310,2021-04-28,2021,4,28,118,17,0,0.866025,-0.5,0.0,0,0.0,0.0,16.2,0.0,16.2,48.6,6.94,4.53,0,0,0,0,0,0,0.0,0.0,0.0,0.0,0.13,1,0,0.0,0.0,0
2311,2021-04-29,2021,4,29,119,17,0,0.866025,-0.5,0.0,0,0.0,0.0,0.0,0.0,16.2,32.4,4.63,4.53,0,0,0,0,0,0,0.0,0.0,0.0,0.0,0.11,1,0,0.0,0.0,0
2312,2021-04-30,2021,4,30,120,17,0,0.866025,-0.5,56.2,4,0.0,0.0,0.0,56.2,56.2,72.4,10.34,6.4,1,0,1,0,0,0,0.0,0.0,0.0,0.0,0.17,1,0,0.0,0.0,0
2313,2021-05-01,2021,5,1,121,17,0,0.5,-0.866025,0.0,0,56.2,0.0,0.0,56.2,56.2,72.4,10.34,6.4,0,0,0,0,0,0,0.0,0.0,0.0,0.0,0.17,1,0,0.0,0.0,0
2314,2021-05-02,2021,5,2,122,17,0,0.5,-0.866025,0.0,0,0.0,56.2,0.0,56.2,56.2,56.2,8.03,6.05,0,0,0,0,0,0,0.0,0.0,0.0,0.0,0.15,1,0,0.0,0.0,0
2315,2021-05-03,2021,5,3,123,18,0,0.5,-0.866025,30.6,3,0.0,0.0,56.2,30.6,86.8,86.8,12.4,7.07,0,0,1,0,0,0,0.0,0.0,0.0,0.0,0.2,1,0,0.0,0.0,0
2316,2021-05-04,2021,5,4,124,18,0,0.5,-0.866025,43.0,3,30.6,0.0,0.0,73.6,129.8,129.8,18.54,8.5,0,0,2,0,0,0,0.0,0.0,0.0,0.0,0.32,1,0,0.0,0.0,0
2317,2021-05-05,2021,5,5,125,18,0,0.5,-0.866025,0.0,0,43.0,30.6,0.0,73.6,73.6,129.8,18.54,8.02,0,0,0,0,0,0,0.0,0.0,0.0,0.0,0.27,1,0,0.0,0.0,0
2318,2021-05-06,2021,5,6,126,18,0,0.5,-0.866025,39.0,3,0.0,43.0,30.6,82.0,112.6,168.8,24.11,9.32,0,0,1,0,0,0,0.0,0.0,0.0,0.0,0.34,1,1,0.4,3.0,1
2319,2021-05-07,2021,5,7,127,18,0,0.5,-0.866025,32.3,3,39.0,0.0,43.0,71.3,144.9,144.9,20.7,10.4,0,0,2,0,0,0,0.0,0.0,0.0,0.0,0.35,1,0,0.0,0.0,0
2320,2021-05-08,2021,5,8,128,18,0,0.5,-0.866025,0.0,0,32.3,39.0,0.0,71.3,114.3,144.9,20.7,10.4,0,0,0,0,0,0,0.0,0.0,0.0,0.0,0.3,1,0,0.0,0.0,0
2321,2021-05-09,2021,5,9,129,18,0,0.5,-0.866025,0.0,0,0.0,32.3,39.0,32.3,71.3,144.9,20.7,10.4,0,0,0,0,0,0,0.0,0.0,0.0,0.0,0.3,1,0,0.0,0.0,0
2322,2021-05-10,2021,5,10,130,19,0,0.5,-0.866025,0.0,0,0.0,0.0,32.3,0.0,71.3,114.3,16.33,10.4,0,0,0,0,0,0,0.0,0.0,0.0,0.0,0.25,1,0,0.0,0.0,0
2323,2021-05-11,2021,5,11,131,19,0,0.5,-0.866025,11.1,3,0.0,0.0,0.0,11.1,43.4,82.4,11.77,10.21,0,0,1,0,0,0,0.0,0.0,0.0,0.0,0.19,1,0,0.0,0.0,0
2324,2021-05-12,2021,5,12,132,19,0,0.5,-0.866025,0.0,0,11.1,0.0,0.0,11.1,11.1,82.4,11.77,10.21,0,0,0,0,0,0,0.0,0.0,0.0,0.0,0.19,1,0,0.0,0.0,0
2325,2021-05-13,2021,5,13,133,19,0,0.5,-0.866025,0.0,0,0.0,11.1,0.0,11.1,11.1,43.4,6.2,10.21,0,0,0,0,0,0,0.0,0.0,0.0,0.0,0.12,1,0,0.0,0.0,0
2326,2021-05-14,2021,5,14,134,19,0,0.5,-0.866025,34.7,3,0.0,0.0,11.1,34.7,45.8,45.8,6.54,10.6,0,0,1,0,0,0,0.0,0.0,0.0,0.0,0.13,1,0,0.0,0.0,0
2327,2021-05-15,2021,5,15,135,19,0,0.5,-0.866025,1.0,1,34.7,0.0,0.0,35.7,46.8,46.8,6.69,9.88,0,0,2,0,0,0,0.0,0.0,0.0,0.0,0.18,1,0,0.0,0.0,0
2328,2021-05-16,2021,5,16,136,19,0,0.5,-0.866025,0.0,0,1.0,34.7,0.0,35.7,35.7,46.8,6.69,9.88,0,0,0,0,0,0,0.0,0.0,0.0,0.0,0.13,1,0,0.0,0.0,0
2329,2021-05-17,2021,5,17,137,20,0,0.5,-0.866025,12.8,3,0.0,1.0,34.7,13.8,48.5,59.6,8.51,10.31,0,0,1,0,0,0,0.0,0.0,0.0,0.0,0.15,1,0,0.0,0.0,0
2330,2021-05-18,2021,5,18,138,20,0,0.5,-0.866025,0.0,0,12.8,0.0,1.0,12.8,48.5,48.5,6.93,10.31,0,0,0,0,0,0,0.0,0.0,0.0,0.0,0.13,1,0,0.0,0.0,0
2331,2021-05-19,2021,5,19,139,20,0,0.5,-0.866025,7.3,2,0.0,12.8,0.0,20.1,21.1,55.8,7.97,10.55,0,0,1,0,0,0,0.0,0.0,0.0,0.0,0.15,1,0,0.0,0.0,0
2332,2021-05-20,2021,5,20,140,20,0,0.5,-0.866025,19.8,3,7.3,0.0,12.8,27.1,39.9,75.6,10.8,11.21,0,0,2,0,0,0,0.0,0.0,0.0,0.0,0.23,1,0,0.0,0.0,0
2333,2021-05-21,2021,5,21,141,20,0,0.5,-0.866025,68.9,4,19.8,7.3,0.0,96.0,108.8,109.8,15.69,13.51,1,0,3,0,0,0,0.0,0.0,0.0,0.0,0.59,1,1,0.4,10.0,1
2334,2021-05-22,2021,5,22,142,20,0,0.5,-0.866025,0.0,0,68.9,19.8,7.3,88.7,96.0,108.8,15.54,12.97,0,0,0,0,0,0,0.0,0.0,0.0,0.0,0.24,1,0,0.0,0.0,0
2335,2021-05-23,2021,5,23,143,20,0,0.5,-0.866025,0.0,0,0.0,68.9,19.8,68.9,96.0,108.8,15.54,12.43,0,0,0,0,0,0,0.0,0.0,0.0,0.0,0.24,1,0,0.0,0.0,0
2336,2021-05-24,2021,5,24,144,21,0,0.5,-0.866025,0.0,0,0.0,0.0,68.9,0.0,88.7,96.0,13.71,12.43,0,0,0,0,0,0,0.0,0.0,0.0,0.0,0.21,1,0,0.0,0.0,0
2337,2021-05-25,2021,5,25,145,21,0,0.5,-0.866025,0.0,0,0.0,0.0,0.0,0.0,68.9,96.0,13.71,11.89,0,0,0,0,0,0,0.0,0.0,0.0,0.0,0.21,1,0,0.0,0.0,0
2338,2021-05-26,2021,5,26,146,21,0,0.5,-0.866025,0.0,0,0.0,0.0,0.0,0.0,0.0,88.7,12.67,11.89,0,0,0,0,0,0,0.0,0.0,0.0,0.0,0.2,1,0,0.0,0.0,0
2339,2021-05-27,2021,5,27,147,21,0,0.5,-0.866025,0.0,0,0.0,0.0,0.0,0.0,0.0,68.9,9.84,11.89,0,0,0,0,0,0,0.0,0.0,0.0,0.0,0.17,1,0,0.0,0.0,0
2340,2021-05-28,2021,5,28,148,21,0,0.5,-0.866025,33.1,3,0.0,0.0,0.0,33.1,33.1,33.1,4.73,12.99,0,0,1,0,0,0,0.0,0.0,0.0,0.0,0.11,1,0,0.0,0.0,0
2341,2021-05-29,2021,5,29,149,21,0,0.5,-0.866025,0.0,0,33.1,0.0,0.0,33.1,33.1,33.1,4.73,12.99,0,0,0,0,0,0,0.0,0.0,0.0,0.0,0.11,1,0,0.0,0.0,0
2342,2021-05-30,2021,5,30,150,21,0,0.5,-0.866025,7.6,3,0.0,33.1,0.0,40.7,40.7,40.7,5.81,11.37,0,0,1,0,0,0,0.0,0.0,0.0,0.0,0.12,1,0,0.0,0.0,0
2343,2021-05-31,2021,5,31,151,22,0,0.5,-0.866025,0.0,0,7.6,0.0,33.1,7.6,40.7,40.7,5.81,11.37,0,0,0,0,0,0,0.0,0.0,0.0,0.0,0.12,1,0,0.0,0.0,0
2344,2021-06-01,2021,6,1,152,22,1,0.0,-1.0,0.0,0,0.0,7.6,0.0,7.6,40.7,40.7,5.81,11.37,0,0,0,0,0,0,0.0,0.0,0.0,0.0,0.12,1,0,0.0,0.0,0
2345,2021-06-02,2021,6,2,153,22,1,0.0,-1.0,0.0,0,0.0,0.0,7.6,0.0,7.6,40.7,5.81,10.35,0,0,0,0,0,0,0.0,0.0,0.0,0.0,0.12,1,0,0.0,0.0,0
2346,2021-06-03,2021,6,3,154,22,1,0.0,-1.0,0.0,0,0.0,0.0,0.0,0.0,7.6,40.7,5.81,8.92,0,0,0,0,0,0,0.0,0.0,0.0,0.0,0.12,1,0,0.0,0.0,0
2347,2021-06-04,2021,6,4,155,22,1,0.0,-1.0,0.0,0,0.0,0.0,0.0,0.0,0.0,7.6,1.09,8.92,0,0,0,0,0,0,0.0,0.0,0.0,0.0,0.06,1,0,0.0,0.0,0
2348,2021-06-05,2021,6,5,156,22,1,0.0,-1.0,55.5,4,0.0,0.0,0.0,55.5,55.5,63.1,9.01,9.47,1,0,1,0,0,0,0.0,0.0,0.0,0.0,0.16,1,0,0.0,0.0,0
2349,2021-06-06,2021,6,6,157,22,1,0.0,-1.0,0.0,0,55.5,0.0,0.0,55.5,55.5,55.5,7.93,8.39,0,0,0,0,0,0,0.0,0.0,0.0,0.0,0.15,1,0,0.0,0.0,0
2350,2021-06-07,2021,6,7,158,23,1,0.0,-1.0,26.8,3,0.0,55.5,0.0,82.3,82.3,82.3,11.76,9.29,0,0,1,0,0,0,0.0,0.0,0.0,0.0,0.19,1,0,0.0,0.0,0
2351,2021-06-08,2021,6,8,159,23,1,0.0,-1.0,0.0,0,26.8,0.0,55.5,26.8,82.3,82.3,11.76,9.29,0,0,0,0,0,0,0.0,0.0,0.0,0.0,0.19,1,0,0.0,0.0,0
2352,2021-06-09,2021,6,9,160,23,1,0.0,-1.0,5.0,2,0.0,26.8,0.0,31.8,87.3,87.3,12.47,9.45,0,0,1,0,0,0,0.0,0.0,0.0,0.0,0.2,1,0,0.0,0.0,0
2353,2021-06-10,2021,6,10,161,23,1,0.0,-1.0,44.0,3,5.0,0.0,26.8,49.0,75.8,131.3,18.76,10.55,0,0,2,0,0,0,0.0,0.0,0.0,0.0,0.33,1,0,0.0,0.0,0
2354,2021-06-11,2021,6,11,162,23,1,0.0,-1.0,4.5,2,44.0,5.0,0.0,53.5,80.3,135.8,19.4,10.7,0,0,3,0,0,0,0.0,0.0,0.0,0.0,0.63,1,0,0.0,0.0,0
2355,2021-06-12,2021,6,12,163,23,1,0.0,-1.0,31.1,3,4.5,44.0,5.0,79.6,84.6,111.4,15.91,11.74,0,0,4,0,0,0,0.0,0.0,0.0,0.0,0.59,1,0,0.0,0.0,0
2356,2021-06-13,2021,6,13,164,23,1,0.0,-1.0,26.3,3,31.1,4.5,44.0,61.9,110.9,137.7,19.67,11.46,0,0,5,0,0,0,0.0,0.0,0.0,0.0,0.64,1,0,0.0,0.0,0
2357,2021-06-14,2021,6,14,165,24,1,0.0,-1.0,6.8,2,26.3,31.1,4.5,64.2,112.7,117.7,16.81,11.65,0,0,6,0,0,0,0.0,0.0,0.0,0.0,0.6,1,0,0.0,0.0,0
2358,2021-06-15,2021,6,15,166,24,1,0.0,-1.0,0.0,0,6.8,26.3,31.1,33.1,68.7,117.7,16.81,11.65,0,0,0,0,0,0,0.0,0.0,0.0,0.0,0.25,1,0,0.0,0.0,0
2359,2021-06-16,2021,6,16,167,24,1,0.0,-1.0,85.0,4,0.0,6.8,26.3,91.8,149.2,197.7,28.24,14.06,1,0,1,0,0,0,0.0,0.0,0.0,0.0,0.39,1,1,0.2,4.0,1
2360,2021-06-17,2021,6,17,168,24,1,0.0,-1.0,0.0,0,85.0,0.0,6.8,85.0,118.1,153.7,21.96,14.06,0,0,0,0,0,0,0.0,0.0,0.0,0.0,0.31,1,0,0.0,0.0,0
2361,2021-06-18,2021,6,18,169,24,1,0.0,-1.0,42.7,3,0.0,85.0,0.0,127.7,134.5,191.9,27.41,15.24,0,0,1,0,0,0,0.0,0.0,0.0,0.0,0.38,1,0,0.0,0.0,0
2362,2021-06-19,2021,6,19,170,24,1,0.0,-1.0,0.0,0,42.7,0.0,85.0,42.7,127.7,160.8,22.97,14.58,0,0,0,0,0,0,0.0,0.0,0.0,0.0,0.33,1,0,0.0,0.0,0
2363,2021-06-20,2021,6,20,171,24,1,0.0,-1.0,30.2,3,0.0,42.7,0.0,72.9,157.9,164.7,23.53,13.29,0,0,1,0,0,0,0.0,0.0,0.0,0.0,0.33,1,0,0.0,0.0,0
2364,2021-06-21,2021,6,21,172,25,1,0.0,-1.0,6.5,2,30.2,0.0,42.7,36.7,79.4,164.4,23.49,13.5,0,0,2,0,0,0,0.0,0.0,0.0,0.0,0.38,1,0,0.0,0.0,0
2365,2021-06-22,2021,6,22,173,25,1,0.0,-1.0,48.9,3,6.5,30.2,0.0,85.6,128.3,213.3,30.47,15.13,0,0,3,0,0,0,0.0,0.0,0.0,0.0,0.77,1,0,0.0,0.0,0
2366,2021-06-23,2021,6,23,174,25,1,0.0,-1.0,2.8,2,48.9,6.5,30.2,58.2,88.4,131.1,18.73,15.23,0,0,4,0,0,0,0.0,0.0,9.0,0.0,0.62,1,0,0.0,0.0,0
2367,2021-06-24,2021,6,24,175,25,1,0.0,-1.0,21.8,3,2.8,48.9,6.5,73.5,110.2,152.9,21.84,15.95,0,0,5,0,0,0,0.0,0.0,8.0,0.0,0.66,1,0,0.0,0.0,0
2368,2021-06-25,2021,6,25,176,25,1,0.0,-1.0,39.1,3,21.8,2.8,48.9,63.7,119.1,149.3,21.33,17.26,0,0,6,0,0,0,0.0,0.0,7.0,0.0,0.66,1,1,0.3,4.0,1
2369,2021-06-26,2021,6,26,177,25,1,0.0,-1.0,49.2,3,39.1,21.8,2.8,110.1,161.8,198.5,28.36,18.9,0,0,7,0,0,0,0.0,0.0,6.0,0.0,0.74,1,0,0.0,0.0,0
2370,2021-06-27,2021,6,27,178,25,1,0.0,-1.0,0.0,0,49.2,39.1,21.8,88.3,112.9,168.3,24.04,17.79,0,0,0,0,0,0,0.0,0.0,5.0,0.0,0.34,1,1,0.4,4.0,1
2371,2021-06-28,2021,6,28,179,26,1,0.0,-1.0,15.6,3,0.0,49.2,39.1,64.8,125.7,177.4,25.34,18.31,0,0,1,0,0,0,0.0,0.0,4.0,0.0,0.35,1,0,0.0,0.0,0
2372,2021-06-29,2021,6,29,180,26,1,0.0,-1.0,11.7,3,15.6,0.0,49.2,27.3,115.6,140.2,20.03,18.45,0,0,2,0,0,0,0.0,0.0,3.0,0.0,0.34,1,0,0.0,0.0,0
2373,2021-06-30,2021,6,30,181,26,1,0.0,-1.0,0.0,0,11.7,15.6,0.0,27.3,76.5,137.4,19.63,18.45,0,0,0,0,0,0,0.0,0.0,2.0,0.0,0.29,1,0,0.0,0.0,0
2374,2021-07-01,2021,7,1,182,26,1,-0.5,-0.866025,0.0,0,0.0,11.7,15.6,11.7,27.3,115.6,16.51,18.45,0,0,0,0,0,0,0.0,0.0,1.0,0.0,0.25,1,0,0.0,0.0,0
2375,2021-07-02,2021,7,2,183,26,1,-0.5,-0.866025,13.3,3,0.0,0.0,11.7,13.3,40.6,89.8,12.83,18.89,0,0,1,1,1,Jenny,1.0,75.0,0.0,0.0,0.2,1,1,0.5,11.0,1
2376,2021-07-03,2021,7,3,184,26,1,-0.5,-0.866025,158.4,4,13.3,0.0,0.0,171.7,183.4,199.0,28.43,24.17,1,1,2,1,1,Jenny,1.0,75.0,0.0,1.0,0.44,1,1,1.2,34.0,3
2377,2021-07-04,2021,7,4,185,26,1,-0.5,-0.866025,76.8,4,158.4,13.3,0.0,248.5,248.5,275.8,39.4,26.73,1,0,3,1,1,Jenny,1.0,75.0,0.0,2.0,0.87,1,1,0.8,16.0,3
2378,2021-07-05,2021,7,5,186,27,1,-0.5,-0.866025,0.0,0,76.8,158.4,13.3,235.2,248.5,260.2,37.17,24.88,0,0,0,0,0,0,0.0,0.0,0.0,3.0,0.5,1,0,0.0,0.0,0
2379,2021-07-06,2021,7,6,187,27,1,-0.5,-0.866025,71.7,4,0.0,76.8,158.4,148.5,320.2,320.2,45.74,27.27,1,0,1,0,0,0,0.0,0.0,0.0,4.0,0.6,1,0,0.0,0.0,0
2380,2021-07-07,2021,7,7,188,27,1,-0.5,-0.866025,0.0,0,71.7,0.0,76.8,71.7,306.9,320.2,45.74,26.38,0,0,0,0,0,0,0.0,0.0,0.0,5.0,0.6,1,0,0.0,0.0,0
2381,2021-07-08,2021,7,8,189,27,1,-0.5,-0.866025,0.0,0,0.0,71.7,0.0,71.7,148.5,320.2,45.74,26.38,0,0,0,0,0,0,0.0,0.0,0.0,6.0,0.6,1,0,0.0,0.0,0
2382,2021-07-09,2021,7,9,190,27,1,-0.5,-0.866025,119.9,4,0.0,0.0,71.7,119.9,191.6,426.8,60.97,30.21,1,1,1,0,0,0,0.0,0.0,0.0,7.0,0.78,1,1,0.6,10.0,2
2383,2021-07-10,2021,7,10,191,27,1,-0.5,-0.866025,76.3,4,119.9,0.0,0.0,196.2,267.9,344.7,49.24,31.29,1,0,2,0,0,0,0.0,0.0,0.0,8.0,0.69,1,1,0.5,13.0,2
2384,2021-07-11,2021,7,11,192,27,1,-0.5,-0.866025,0.0,0,76.3,119.9,0.0,196.2,196.2,267.9,38.27,31.14,0,0,0,0,0,0,0.0,0.0,0.0,9.0,0.51,1,0,0.0,0.0,0
2385,2021-07-12,2021,7,12,193,28,1,-0.5,-0.866025,0.0,0,0.0,76.3,119.9,76.3,196.2,267.9,38.27,30.1,0,0,0,0,0,0,0.0,0.0,0.0,10.0,0.51,1,0,0.0,0.0,0
2386,2021-07-13,2021,7,13,194,28,1,-0.5,-0.866025,0.0,0,0.0,0.0,76.3,0.0,196.2,196.2,28.03,29.22,0,0,0,0,0,0,0.0,0.0,0.0,11.0,0.39,1,0,0.0,0.0,0
2387,2021-07-14,2021,7,14,195,28,1,-0.5,-0.866025,0.0,0,0.0,0.0,0.0,0.0,76.3,196.2,28.03,29.0,0,0,0,0,0,0,0.0,0.0,0.0,12.0,0.39,1,0,0.0,0.0,0
2388,2021-07-15,2021,7,15,196,28,1,-0.5,-0.866025,62.0,4,0.0,0.0,0.0,62.0,62.0,258.2,36.89,31.06,1,0,1,0,0,0,0.0,0.0,30.0,90.0,0.72,1,1,0.4,5.0,1
2389,2021-07-16,2021,7,16,197,28,1,-0.5,-0.866025,15.6,3,62.0,0.0,0.0,77.6,77.6,153.9,21.99,28.75,0,0,2,0,0,0,0.0,0.0,0.0,14.0,0.36,1,0,0.0,0.0,0
2390,2021-07-17,2021,7,17,198,28,1,-0.5,-0.866025,85.7,4,15.6,62.0,0.0,163.3,163.3,163.3,23.33,31.61,1,0,3,0,0,0,0.0,0.0,0.0,15.0,0.68,1,0,0.0,0.0,0
2391,2021-07-18,2021,7,18,199,28,1,-0.5,-0.866025,6.7,2,85.7,15.6,62.0,108.0,170.0,170.0,24.29,30.41,0,0,4,0,0,0,0.0,0.0,0.0,16.0,0.69,1,0,0.0,0.0,0
2392,2021-07-19,2021,7,19,200,29,1,-0.5,-0.866025,0.0,0,6.7,85.7,15.6,92.4,170.0,170.0,24.29,30.41,0,0,0,0,0,0,0.0,0.0,0.0,17.0,0.34,1,0,0.0,0.0,0
2393,2021-07-20,2021,7,20,201,29,1,-0.5,-0.866025,0.0,0,0.0,6.7,85.7,6.7,108.0,170.0,24.29,29.4,0,0,0,0,0,0,0.0,0.0,0.0,18.0,0.34,1,0,0.0,0.0,0
2394,2021-07-21,2021,7,21,202,29,1,-0.5,-0.866025,52.8,4,0.0,0.0,6.7,52.8,145.2,222.8,31.83,30.94,1,0,1,0,0,0,0.0,0.0,0.0,19.0,0.43,1,0,0.0,0.0,0
2395,2021-07-22,2021,7,22,203,29,1,-0.5,-0.866025,66.0,4,52.8,0.0,0.0,118.8,125.5,226.8,32.4,31.51,1,0,2,0,0,0,0.0,0.0,0.0,20.0,0.49,1,0,0.0,0.0,0
2396,2021-07-23,2021,7,23,204,29,1,-0.5,-0.866025,0.0,0,66.0,52.8,0.0,118.8,118.8,211.2,30.17,31.42,0,0,0,0,0,0,0.0,0.0,0.0,21.0,0.41,1,0,0.0,0.0,0
2397,2021-07-24,2021,7,24,205,29,1,-0.5,-0.866025,32.6,3,0.0,66.0,52.8,98.6,151.4,158.1,22.59,31.78,0,0,1,0,0,0,0.0,0.0,0.0,22.0,0.32,1,0,0.0,0.0,0
2398,2021-07-25,2021,7,25,206,29,1,-0.5,-0.866025,0.0,0,32.6,0.0,66.0,32.6,151.4,151.4,21.63,30.48,0,0,0,0,0,0,0.0,0.0,0.0,23.0,0.31,1,0,0.0,0.0,0
2399,2021-07-26,2021,7,26,207,30,1,-0.5,-0.866025,0.0,0,0.0,32.6,0.0,32.6,98.6,151.4,21.63,28.84,0,0,0,0,0,0,0.0,0.0,0.0,24.0,0.31,1,0,0.0,0.0,0
2400,2021-07-27,2021,7,27,208,30,1,-0.5,-0.866025,24.9,3,0.0,0.0,32.6,24.9,57.5,176.3,25.19,29.67,0,0,1,0,0,0,0.0,0.0,0.0,25.0,0.35,1,0,0.0,0.0,0
2401,2021-07-28,2021,7,28,209,30,1,-0.5,-0.866025,0.0,0,24.9,0.0,0.0,24.9,57.5,123.5,17.64,29.15,0,0,0,0,0,0,0.0,0.0,0.0,26.0,0.26,1,0,0.0,0.0,0
2402,2021-07-29,2021,7,29,210,30,1,-0.5,-0.866025,100.3,4,0.0,24.9,0.0,125.2,125.2,157.8,22.54,32.1,1,1,1,0,0,0,0.0,0.0,0.0,27.0,0.32,1,0,0.0,0.0,0
2403,2021-07-30,2021,7,30,211,30,1,-0.5,-0.866025,0.0,0,100.3,0.0,24.9,100.3,125.2,157.8,22.54,32.1,0,0,0,0,0,0,0.0,0.0,0.0,28.0,0.32,1,0,0.0,0.0,0
2404,2021-07-31,2021,7,31,212,30,1,-0.5,-0.866025,0.0,0,0.0,100.3,0.0,100.3,125.2,125.2,17.89,32.1,0,0,0,0,0,0,0.0,0.0,0.0,29.0,0.26,1,0,0.0,0.0,0
2405,2021-08-01,2021,8,1,213,30,1,-0.866025,-0.5,18.2,3,0.0,0.0,100.3,18.2,118.5,143.4,20.49,32.26,0,0,1,0,0,0,0.0,0.0,0.0,0.0,0.3,1,0,0.0,0.0,0
2406,2021-08-02,2021,8,2,214,31,1,-0.866025,-0.5,43.9,3,18.2,0.0,0.0,62.1,162.4,187.3,26.76,28.45,0,0,2,0,0,0,0.0,0.0,0.0,0.0,0.42,1,0,0.0,0.0,0
2407,2021-08-03,2021,8,3,215,31,1,-0.866025,-0.5,0.0,0,43.9,18.2,0.0,62.1,62.1,162.4,23.2,25.89,0,0,0,0,0,0,0.0,0.0,0.0,0.0,0.33,1,0,0.0,0.0,0
2408,2021-08-04,2021,8,4,216,31,1,-0.866025,-0.5,0.0,0,0.0,43.9,18.2,43.9,62.1,162.4,23.2,25.89,0,0,0,0,0,0,0.0,0.0,0.0,0.0,0.33,1,0,0.0,0.0,0
2409,2021-08-05,2021,8,5,217,31,1,-0.866025,-0.5,102.9,4,0.0,0.0,43.9,102.9,165.0,165.0,23.57,26.93,1,1,1,0,0,0,0.0,0.0,0.0,0.0,0.33,1,0,0.0,0.0,0
2410,2021-08-06,2021,8,6,218,31,1,-0.866025,-0.5,0.0,0,102.9,0.0,0.0,102.9,146.8,165.0,23.57,26.93,0,0,0,0,0,0,0.0,0.0,0.0,0.0,0.33,1,0,0.0,0.0,0
2411,2021-08-07,2021,8,7,219,31,1,-0.866025,-0.5,90.3,4,0.0,102.9,0.0,193.2,193.2,255.3,36.47,29.94,1,0,1,0,0,0,0.0,0.0,0.0,0.0,0.49,1,0,0.0,0.0,0
2412,2021-08-08,2021,8,8,220,31,1,-0.866025,-0.5,38.5,3,90.3,0.0,102.9,128.8,231.7,275.6,39.37,27.22,0,0,2,0,0,0,0.0,0.0,0.0,0.0,0.57,1,0,0.0,0.0,0
2413,2021-08-09,2021,8,9,221,32,1,-0.866025,-0.5,0.0,0,38.5,90.3,0.0,128.8,231.7,231.7,33.1,24.68,0,0,0,0,0,0,0.0,0.0,0.0,0.0,0.45,1,0,0.0,0.0,0
2414,2021-08-10,2021,8,10,222,32,1,-0.866025,-0.5,58.8,4,0.0,38.5,90.3,97.3,187.6,290.5,41.5,26.64,1,0,1,0,0,0,0.0,0.0,0.0,0.0,0.55,1,0,0.0,0.0,0
2415,2021-08-11,2021,8,11,223,32,1,-0.866025,-0.5,47.0,3,58.8,0.0,38.5,105.8,234.6,337.5,48.21,28.21,0,0,2,0,0,0,0.0,0.0,0.0,0.0,0.68,1,0,0.0,0.0,0
2416,2021-08-12,2021,8,12,224,32,1,-0.866025,-0.5,11.0,3,47.0,58.8,0.0,116.8,155.3,245.6,35.09,28.57,0,0,3,0,0,0,0.0,0.0,0.0,0.0,0.82,1,0,0.0,0.0,0
2417,2021-08-13,2021,8,13,225,32,1,-0.866025,-0.5,41.1,3,11.0,47.0,58.8,99.1,157.9,286.7,40.96,29.94,0,0,4,0,0,0,0.0,0.0,0.0,0.0,0.89,1,1,0.6,14.0,2
2418,2021-08-14,2021,8,14,226,32,1,-0.866025,-0.5,0.0,0,41.1,11.0,47.0,52.1,157.9,196.4,28.06,27.88,0,0,0,0,0,0,0.0,0.0,0.0,0.0,0.39,1,0,0.0,0.0,0
2419,2021-08-15,2021,8,15,227,32,1,-0.866025,-0.5,20.7,3,0.0,41.1,11.0,61.8,119.8,178.6,25.51,28.05,0,0,1,0,0,0,0.0,0.0,0.0,0.0,0.36,1,0,0.0,0.0,0
2420,2021-08-16,2021,8,16,228,33,1,-0.866025,-0.5,43.1,3,20.7,0.0,41.1,63.8,115.9,221.7,31.67,26.63,0,0,2,0,0,0,0.0,0.0,0.0,0.0,0.48,1,0,0.0,0.0,0
2421,2021-08-17,2021,8,17,229,33,1,-0.866025,-0.5,0.0,0,43.1,20.7,0.0,63.8,104.9,162.9,23.27,26.4,0,0,0,0,0,0,0.0,0.0,0.0,0.0,0.33,1,0,0.0,0.0,0
2422,2021-08-18,2021,8,18,230,33,1,-0.866025,-0.5,0.0,0,0.0,43.1,20.7,43.1,63.8,115.9,16.56,26.4,0,0,0,0,0,0,0.0,0.0,0.0,0.0,0.25,1,0,0.0,0.0,0
2423,2021-08-19,2021,8,19,231,33,1,-0.866025,-0.5,67.8,4,0.0,0.0,43.1,67.8,131.6,172.7,24.67,28.66,1,0,1,0,0,0,0.0,0.0,0.0,0.0,0.35,1,0,0.0,0.0,0
2424,2021-08-20,2021,8,20,232,33,1,-0.866025,-0.5,3.5,2,67.8,0.0,0.0,71.3,114.4,135.1,19.3,27.02,0,0,2,0,0,0,0.0,0.0,45.0,135.0,0.35,1,0,0.0,0.0,0
2425,2021-08-21,2021,8,21,233,33,1,-0.866025,-0.5,109.4,4,3.5,67.8,0.0,180.7,180.7,244.5,34.93,28.47,1,1,3,0,0,0,0.0,0.0,0.0,0.0,0.82,1,1,1.6,34.0,3
2426,2021-08-22,2021,8,22,234,33,1,-0.866025,-0.5,0.0,0,109.4,3.5,67.8,112.9,180.7,223.8,31.97,28.47,0,0,0,0,0,0,0.0,0.0,0.0,0.0,0.43,1,0,0.0,0.0,0
2427,2021-08-23,2021,8,23,235,34,1,-0.866025,-0.5,0.0,0,0.0,109.4,3.5,109.4,180.7,180.7,25.81,27.38,0,0,0,0,0,0,0.0,0.0,0.0,0.0,0.36,1,0,0.0,0.0,0
2428,2021-08-24,2021,8,24,236,34,1,-0.866025,-0.5,134.0,4,0.0,0.0,109.4,134.0,246.9,314.7,44.96,31.85,1,1,1,0,0,0,0.0,0.0,0.0,0.0,0.59,1,0,0.0,0.0,0
2429,2021-08-25,2021,8,25,237,34,1,-0.866025,-0.5,0.0,0,134.0,0.0,0.0,134.0,243.4,314.7,44.96,31.85,0,0,0,0,0,0,0.0,0.0,0.0,0.0,0.59,1,0,0.0,0.0,0
2430,2021-08-26,2021,8,26,238,34,1,-0.866025,-0.5,0.0,0,0.0,134.0,0.0,134.0,134.0,246.9,35.27,31.02,0,0,0,0,0,0,0.0,0.0,0.0,0.0,0.47,1,0,0.0,0.0,0
2431,2021-08-27,2021,8,27,239,34,1,-0.866025,-0.5,0.0,0,0.0,0.0,134.0,0.0,134.0,243.4,34.77,31.02,0,0,0,0,0,0,0.0,0.0,0.0,0.0,0.47,1,0,0.0,0.0,0
2432,2021-08-28,2021,8,28,240,34,1,-0.866025,-0.5,31.2,3,0.0,0.0,0.0,31.2,165.2,165.2,23.6,28.71,0,0,1,0,0,0,0.0,0.0,0.0,0.0,0.33,1,0,0.0,0.0,0
2433,2021-08-29,2021,8,29,241,34,1,-0.866025,-0.5,64.5,4,31.2,0.0,0.0,95.7,95.7,229.7,32.81,30.86,1,0,2,0,0,0,0.0,0.0,9.0,0.0,0.49,1,0,0.0,0.0,0
2434,2021-08-30,2021,8,30,242,35,1,-0.866025,-0.5,50.6,4,64.5,31.2,0.0,146.3,146.3,280.3,40.04,32.55,1,0,3,0,0,0,0.0,0.0,8.0,0.0,0.88,1,1,0.9,13.0,2
2435,2021-08-31,2021,8,31,243,35,1,-0.866025,-0.5,10.0,3,50.6,64.5,31.2,125.1,156.3,156.3,22.33,32.28,0,0,4,0,0,0,0.0,0.0,7.0,0.0,0.67,1,0,0.0,0.0,0
2436,2021-09-01,2021,9,1,244,35,1,-1.0,-0.0,31.6,3,10.0,50.6,64.5,92.2,187.9,187.9,26.84,31.87,0,0,5,0,0,0,0.0,0.0,6.0,0.0,0.72,1,0,0.0,0.0,0
2437,2021-09-02,2021,9,2,245,35,1,-1.0,-0.0,17.3,3,31.6,10.0,50.6,58.9,174.0,205.2,29.31,32.44,0,0,6,0,0,0,0.0,0.0,5.0,0.0,0.75,1,0,0.0,0.0,0
2438,2021-09-03,2021,9,3,246,35,1,-1.0,-0.0,0.0,0,17.3,31.6,10.0,48.9,109.5,205.2,29.31,32.44,0,0,0,0,0,0,0.0,0.0,4.0,0.0,0.4,1,0,0.0,0.0,0
2439,2021-09-04,2021,9,4,247,35,1,-1.0,-0.0,12.5,3,0.0,17.3,31.6,29.8,71.4,186.5,26.64,29.43,0,0,1,0,0,0,0.0,0.0,3.0,0.0,0.37,1,0,0.0,0.0,0
2440,2021-09-05,2021,9,5,248,35,1,-1.0,-0.0,0.0,0,12.5,0.0,17.3,12.5,61.4,122.0,17.43,29.43,0,0,0,0,0,0,0.0,0.0,2.0,0.0,0.26,1,0,0.0,0.0,0
2441,2021-09-06,2021,9,6,249,36,1,-1.0,-0.0,84.5,4,0.0,12.5,0.0,97.0,114.3,155.9,22.27,29.24,1,0,1,0,0,0,0.0,0.0,1.0,0.0,0.32,1,1,0.5,10.0,1
2442,2021-09-07,2021,9,7,250,36,1,-1.0,-0.0,119.7,4,84.5,0.0,12.5,204.2,216.7,265.6,37.94,31.94,1,1,2,1,2,Jolina,2.0,120.0,0.0,0.0,0.56,1,1,0.8,27.0,3
2443,2021-09-08,2021,9,8,251,36,1,-1.0,-0.0,14.7,3,119.7,84.5,0.0,218.9,231.4,248.7,35.53,32.43,0,0,3,1,2,Jolina,2.0,120.0,0.0,1.0,0.83,1,1,1.3,21.0,3
2444,2021-09-09,2021,9,9,252,36,1,-1.0,-0.0,174.0,4,14.7,119.7,84.5,308.4,392.9,405.4,57.91,36.27,1,1,4,1,2,Jolina,2.0,120.0,0.0,2.0,1.0,1,1,1.7,57.0,4
2445,2021-09-10,2021,9,10,253,36,1,-1.0,-0.0,78.4,4,174.0,14.7,119.7,267.1,471.3,483.8,69.11,37.32,1,0,5,0,0,Jolina,0.0,120.0,20.0,160.0,0.7,1,1,0.5,8.0,1
2446,2021-09-11,2021,9,11,254,36,1,-1.0,-0.0,57.4,4,78.4,174.0,14.7,309.8,444.2,528.7,75.53,38.87,1,0,6,0,0,0,0.0,0.0,0.0,4.0,1.0,1,1,1.0,37.0,3
2447,2021-09-12,2021,9,12,255,36,1,-1.0,-0.0,82.6,4,57.4,78.4,174.0,218.4,407.1,611.3,87.33,40.25,1,0,7,0,0,0,0.0,0.0,0.0,5.0,1.0,1,0,0.0,0.0,0
2448,2021-09-13,2021,9,13,256,37,1,-1.0,-0.0,73.5,4,82.6,57.4,78.4,213.5,465.9,600.3,85.76,42.7,1,0,8,0,0,0,0.0,0.0,0.0,6.0,1.0,1,0,0.0,0.0,0
2449,2021-09-14,2021,9,14,257,37,1,-1.0,-0.0,0.0,0,73.5,82.6,57.4,156.1,291.9,480.6,68.66,42.01,0,0,0,0,0,0,0.0,0.0,0.0,7.0,0.87,1,0,0.0,0.0,0
2450,2021-09-15,2021,9,15,258,37,1,-1.0,-0.0,0.6,1,0.0,73.5,82.6,74.1,214.1,466.5,66.64,40.59,0,0,1,0,0,0,0.0,0.0,0.0,8.0,0.85,1,0,0.0,0.0,0
2451,2021-09-16,2021,9,16,259,37,1,-1.0,-0.0,14.0,3,0.6,0.0,73.5,14.6,170.7,306.5,43.79,41.06,0,0,2,0,0,0,0.0,0.0,0.0,9.0,0.63,1,0,0.0,0.0,0
2452,2021-09-17,2021,9,17,260,37,1,-1.0,-0.0,0.0,0,14.0,0.6,0.0,14.6,88.1,228.1,32.59,41.06,0,0,0,0,0,0,0.0,0.0,0.0,10.0,0.44,1,0,0.0,0.0,0
2453,2021-09-18,2021,9,18,261,37,1,-1.0,-0.0,79.4,4,0.0,14.0,0.6,93.4,94.0,250.1,35.73,41.45,1,0,1,0,0,0,0.0,0.0,0.0,11.0,0.48,1,0,0.0,0.0,0
2454,2021-09-19,2021,9,19,262,37,1,-1.0,-0.0,72.5,4,79.4,0.0,14.0,151.9,166.5,240.0,34.29,43.75,1,0,2,0,0,0,0.0,0.0,0.0,12.0,0.51,1,0,0.0,0.0,0
2455,2021-09-20,2021,9,20,263,38,1,-1.0,-0.0,41.0,3,72.5,79.4,0.0,192.9,206.9,207.5,29.64,41.47,0,0,3,0,0,0,0.0,0.0,0.0,13.0,0.76,1,1,0.9,18.0,2
2456,2021-09-21,2021,9,21,264,38,1,-1.0,-0.0,47.9,3,41.0,72.5,79.4,161.4,240.8,255.4,36.49,43.06,0,0,4,0,0,0,0.0,0.0,0.0,14.0,0.84,1,0,0.0,0.0,0
2457,2021-09-22,2021,9,22,265,38,1,-1.0,-0.0,105.9,4,47.9,41.0,72.5,194.8,346.7,360.7,51.53,46.59,1,1,5,0,0,0,0.0,0.0,0.0,15.0,1.0,1,0,0.0,0.0,0
2458,2021-09-23,2021,9,23,266,38,1,-1.0,-0.0,12.4,3,105.9,47.9,41.0,166.2,279.7,359.1,51.3,42.54,0,0,6,0,0,0,0.0,0.0,0.0,16.0,1.0,1,1,0.9,9.0,2
2459,2021-09-24,2021,9,24,267,38,1,-1.0,-0.0,69.4,4,12.4,105.9,47.9,187.7,276.6,428.5,61.21,44.85,1,0,7,0,0,0,0.0,0.0,0.0,17.0,1.0,1,1,0.7,16.0,3
2460,2021-09-25,2021,9,25,268,38,1,-1.0,-0.0,31.9,3,69.4,12.4,105.9,113.7,267.5,381.0,54.43,45.92,0,0,8,0,0,0,0.0,0.0,0.0,18.0,1.0,1,1,0.9,11.0,2
2461,2021-09-26,2021,9,26,269,38,1,-1.0,-0.0,31.1,3,31.9,69.4,12.4,132.4,250.7,339.6,48.51,46.95,0,0,9,0,0,0,0.0,0.0,0.0,19.0,0.98,1,0,0.0,0.0,0
2462,2021-09-27,2021,9,27,270,39,1,-1.0,-0.0,0.0,0,31.1,31.9,69.4,63.0,144.8,298.6,42.66,45.91,0,0,0,0,0,0,0.0,0.0,0.0,20.0,0.56,1,0,0.0,0.0,0
2463,2021-09-28,2021,9,28,271,39,1,-1.0,-0.0,0.0,0,0.0,31.1,31.9,31.1,132.4,250.7,35.81,43.76,0,0,0,0,0,0,0.0,0.0,0.0,21.0,0.48,1,0,0.0,0.0,0
2464,2021-09-29,2021,9,29,272,39,1,-1.0,-0.0,96.9,4,0.0,0.0,31.1,96.9,159.9,241.7,34.53,45.31,1,0,1,0,0,0,0.0,0.0,0.0,22.0,0.46,1,0,0.0,0.0,0
2465,2021-09-30,2021,9,30,273,39,1,-1.0,-0.0,83.3,4,96.9,0.0,0.0,180.2,211.3,312.6,44.66,47.75,1,0,2,0,0,0,0.0,0.0,0.0,23.0,0.64,1,1,0.8,12.0,2
2466,2021-10-01,2021,10,1,274,39,1,-0.866025,0.5,96.8,4,83.3,96.9,0.0,277.0,277.0,340.0,48.57,49.92,1,0,3,0,0,0,0.0,0.0,0.0,24.0,0.98,1,1,0.9,38.0,3
2467,2021-10-02,2021,10,2,275,39,1,-0.866025,0.5,126.3,4,96.8,83.3,96.9,306.4,403.3,434.4,62.06,53.56,1,1,4,0,0,0,0.0,0.0,9.0,0.0,1.0,1,1,1.2,18.0,3
2468,2021-10-03,2021,10,3,276,39,1,-0.866025,0.5,49.3,3,126.3,96.8,83.3,272.4,452.6,452.6,64.66,55.2,0,0,5,0,0,0,0.0,0.0,8.0,0.0,1.0,1,1,0.4,12.0,2
2469,2021-10-04,2021,10,4,277,40,1,-0.866025,0.5,0.0,0,49.3,126.3,96.8,175.6,355.7,452.6,64.66,54.78,0,0,0,0,0,0,0.0,0.0,7.0,0.0,0.83,1,0,0.0,0.0,0
2470,2021-10-05,2021,10,5,278,40,1,-0.866025,0.5,88.9,4,0.0,49.3,126.3,138.2,361.3,541.5,77.36,57.75,1,0,1,0,0,0,0.0,0.0,6.0,0.0,0.98,1,0,0.0,0.0,0
2471,2021-10-06,2021,10,6,279,40,1,-0.866025,0.5,29.4,3,88.9,0.0,49.3,118.3,293.9,474.0,67.71,55.91,0,0,2,0,0,0,0.0,0.0,5.0,0.0,0.91,1,1,0.7,9.0,2
2472,2021-10-07,2021,10,7,280,40,1,-0.866025,0.5,67.4,4,29.4,88.9,0.0,185.7,235.0,458.1,65.44,54.17,1,0,3,0,0,0,0.0,0.0,4.0,0.0,1.0,1,1,1.3,21.0,3
2473,2021-10-08,2021,10,8,281,40,1,-0.866025,0.5,40.2,3,67.4,29.4,88.9,137.0,225.9,401.5,57.36,55.02,0,0,4,0,0,0,0.0,0.0,3.0,0.0,1.0,1,0,0.0,0.0,0
2474,2021-10-09,2021,10,9,282,40,1,-0.866025,0.5,53.8,4,40.2,67.4,29.4,161.4,279.7,329.0,47.0,51.01,1,0,5,0,0,0,0.0,0.0,2.0,0.0,0.96,1,0,0.0,0.0,0
2475,2021-10-10,2021,10,10,283,40,1,-0.866025,0.5,83.7,4,53.8,40.2,67.4,177.7,274.5,363.4,51.91,51.19,1,0,6,0,0,0,0.0,0.0,1.0,0.0,1.0,1,1,1.2,42.0,3
2476,2021-10-11,2021,10,11,284,41,1,-0.866025,0.5,0.0,0,83.7,53.8,40.2,137.5,245.1,363.4,51.91,49.27,0,0,0,1,2,Maring,2.0,110.0,0.0,0.0,0.67,1,0,0.0,0.0,0
2477,2021-10-12,2021,10,12,285,41,1,-0.866025,0.5,300.0,4,0.0,83.7,53.8,383.7,477.7,574.5,82.07,56.52,1,1,1,1,2,Maring,2.0,110.0,0.0,1.0,1.0,1,1,2.0,53.0,4
2478,2021-10-13,2021,10,13,286,41,1,-0.866025,0.5,0.0,0,300.0,0.0,83.7,300.0,437.5,545.1,77.87,54.07,0,0,0,1,2,Maring,2.0,110.0,0.0,2.0,0.98,1,0,0.0,0.0,0
2479,2021-10-14,2021,10,14,287,41,1,-0.866025,0.5,0.0,0,0.0,300.0,0.0,300.0,383.7,477.7,68.24,54.07,0,0,0,0,0,0,0.0,0.0,0.0,3.0,0.87,1,1,0.8,11.0,2
2480,2021-10-15,2021,10,15,288,41,1,-0.866025,0.5,117.5,4,0.0,0.0,300.0,117.5,417.5,555.0,79.29,57.97,1,1,1,0,0,0,0.0,0.0,0.0,4.0,1.0,1,1,1.4,35.0,3
2481,2021-10-16,2021,10,16,289,41,1,-0.866025,0.5,95.5,4,117.5,0.0,0.0,213.0,513.0,596.7,85.24,60.68,1,0,2,0,0,0,0.0,0.0,0.0,5.0,1.0,1,1,1.2,37.0,3
2482,2021-10-17,2021,10,17,290,41,1,-0.866025,0.5,85.4,4,95.5,117.5,0.0,298.4,298.4,598.4,85.49,63.53,1,0,3,0,0,0,0.0,0.0,0.0,6.0,1.0,1,1,1.1,34.0,3
2483,2021-10-18,2021,10,18,291,42,1,-0.866025,0.5,85.7,4,85.4,95.5,117.5,266.6,384.1,684.1,97.73,63.74,1,0,4,0,0,0,0.0,0.0,0.0,7.0,1.0,1,0,0.0,0.0,0
2484,2021-10-19,2021,10,19,292,42,1,-0.866025,0.5,47.3,3,85.7,85.4,95.5,218.4,431.4,431.4,61.63,62.9,0,0,5,0,0,0,0.0,0.0,0.0,8.0,1.0,1,0,0.0,0.0,0
2485,2021-10-20,2021,10,20,293,42,1,-0.866025,0.5,0.0,0,47.3,85.7,85.4,133.0,313.9,431.4,61.63,61.53,0,0,0,0,0,0,0.0,0.0,0.0,9.0,0.79,1,0,0.0,0.0,0
2486,2021-10-21,2021,10,21,294,42,1,-0.866025,0.5,52.5,4,0.0,47.3,85.7,99.8,270.9,483.9,69.13,61.69,1,0,1,0,0,0,0.0,0.0,0.0,10.0,0.88,1,1,0.4,19.0,2
2487,2021-10-22,2021,10,22,295,42,1,-0.866025,0.5,7.4,2,52.5,0.0,47.3,59.9,192.9,373.8,53.4,58.4,0,0,2,0,0,0,0.0,0.0,0.0,11.0,0.74,1,0,0.0,0.0,0
2488,2021-10-23,2021,10,23,296,42,1,-0.866025,0.5,106.5,4,7.4,52.5,0.0,166.4,213.7,384.8,54.97,61.54,1,1,3,0,0,0,0.0,0.0,0.0,12.0,1.0,1,1,1.4,20.0,3
2489,2021-10-24,2021,10,24,297,42,1,-0.866025,0.5,39.2,3,106.5,7.4,52.5,153.1,205.6,338.6,48.37,60.53,0,0,4,0,0,0,0.0,0.0,0.0,13.0,0.98,1,0,0.0,0.0,0
2490,2021-10-25,2021,10,25,298,43,1,-0.866025,0.5,0.0,0,39.2,106.5,7.4,145.7,205.6,252.9,36.13,59.47,0,0,0,0,0,0,0.0,0.0,0.0,14.0,0.48,1,0,0.0,0.0,0
2491,2021-10-26,2021,10,26,299,43,1,-0.866025,0.5,0.0,0,0.0,39.2,106.5,39.2,153.1,205.6,29.37,58.43,0,0,0,0,0,0,0.0,0.0,0.0,15.0,0.4,1,0,0.0,0.0,0
2492,2021-10-27,2021,10,27,300,43,1,-0.866025,0.5,0.0,0,0.0,0.0,39.2,0.0,145.7,205.6,29.37,58.43,0,0,0,0,0,0,0.0,0.0,0.0,16.0,0.4,1,0,0.0,0.0,0
2493,2021-10-28,2021,10,28,301,43,1,-0.866025,0.5,0.0,0,0.0,0.0,0.0,0.0,39.2,153.1,21.87,58.43,0,0,0,0,0,0,0.0,0.0,0.0,17.0,0.31,1,0,0.0,0.0,0
2494,2021-10-29,2021,10,29,302,43,1,-0.866025,0.5,0.0,0,0.0,0.0,0.0,0.0,0.0,145.7,20.81,55.2,0,0,0,0,0,0,0.0,0.0,0.0,18.0,0.3,1,0,0.0,0.0,0
2495,2021-10-30,2021,10,30,303,43,1,-0.866025,0.5,28.7,3,0.0,0.0,0.0,28.7,28.7,67.9,9.7,53.38,0,0,1,0,0,0,0.0,0.0,0.0,19.0,0.17,1,0,0.0,0.0,0
2496,2021-10-31,2021,10,31,304,43,1,-0.866025,0.5,72.8,4,28.7,0.0,0.0,101.5,101.5,101.5,14.5,52.58,1,0,2,0,0,0,0.0,0.0,0.0,20.0,0.27,1,0,0.0,0.0,0
2497,2021-11-01,2021,11,1,305,44,1,-0.5,0.866025,0.0,0,72.8,28.7,0.0,101.5,101.5,101.5,14.5,48.37,0,0,0,0,0,0,0.0,0.0,0.0,21.0,0.22,1,0,0.0,0.0,0
2498,2021-11-02,2021,11,2,306,44,1,-0.5,0.866025,9.6,3,0.0,72.8,28.7,82.4,111.1,111.1,15.87,47.05,0,0,1,0,0,0,0.0,0.0,0.0,22.0,0.24,1,0,0.0,0.0,0
2499,2021-11-03,2021,11,3,307,44,1,-0.5,0.866025,0.0,0,9.6,0.0,72.8,9.6,111.1,111.1,15.87,47.05,0,0,0,0,0,0,0.0,0.0,0.0,23.0,0.24,1,0,0.0,0.0,0
2500,2021-11-04,2021,11,4,308,44,1,-0.5,0.866025,46.0,3,0.0,9.6,0.0,55.6,128.4,157.1,22.44,45.62,0,0,1,0,0,0,0.0,0.0,0.0,24.0,0.32,1,0,0.0,0.0,0
2501,2021-11-05,2021,11,5,309,44,1,-0.5,0.866025,46.0,3,46.0,0.0,9.6,92.0,101.6,203.1,29.01,46.17,0,0,2,0,0,0,0.0,0.0,0.0,25.0,0.45,1,0,0.0,0.0,0
2502,2021-11-06,2021,11,6,310,44,1,-0.5,0.866025,12.2,3,46.0,46.0,0.0,104.2,113.8,186.6,26.66,44.33,0,0,3,0,0,0,0.0,0.0,0.0,26.0,0.72,1,0,0.0,0.0,0
2503,2021-11-07,2021,11,7,311,44,1,-0.5,0.866025,13.8,3,12.2,46.0,46.0,72.0,118.0,127.6,18.23,43.45,0,0,4,0,0,0,0.0,0.0,0.0,27.0,0.62,1,0,0.0,0.0,0
2504,2021-11-08,2021,11,8,312,45,1,-0.5,0.866025,0.0,0,13.8,12.2,46.0,26.0,118.0,127.6,18.23,41.66,0,0,0,0,0,0,0.0,0.0,0.0,28.0,0.27,1,0,0.0,0.0,0
2505,2021-11-09,2021,11,9,313,45,1,-0.5,0.866025,0.0,0,0.0,13.8,12.2,13.8,72.0,118.0,16.86,38.87,0,0,0,0,0,0,0.0,0.0,0.0,29.0,0.25,1,0,0.0,0.0,0
2506,2021-11-10,2021,11,10,314,45,1,-0.5,0.866025,0.0,0,0.0,0.0,13.8,0.0,26.0,118.0,16.86,38.87,0,0,0,0,0,0,0.0,0.0,0.0,0.0,0.25,1,0,0.0,0.0,0
2507,2021-11-11,2021,11,11,315,45,1,-0.5,0.866025,45.4,3,0.0,0.0,0.0,45.4,59.2,117.4,16.77,30.38,0,0,1,0,0,0,0.0,0.0,0.0,0.0,0.25,1,0,0.0,0.0,0
2508,2021-11-12,2021,11,12,316,45,1,-0.5,0.866025,0.0,0,45.4,0.0,0.0,45.4,45.4,71.4,10.2,30.38,0,0,0,0,0,0,0.0,0.0,0.0,0.0,0.17,1,0,0.0,0.0,0
2509,2021-11-13,2021,11,13,317,45,1,-0.5,0.866025,0.0,0,0.0,45.4,0.0,45.4,45.4,59.2,8.46,30.38,0,0,0,0,0,0,0.0,0.0,0.0,0.0,0.15,1,0,0.0,0.0,0
2510,2021-11-14,2021,11,14,318,45,1,-0.5,0.866025,2.7,2,0.0,0.0,45.4,2.7,48.1,48.1,6.87,26.56,0,0,1,0,0,0,0.0,0.0,0.0,0.0,0.13,1,0,0.0,0.0,0
2511,2021-11-15,2021,11,15,319,46,1,-0.5,0.866025,0.0,0,2.7,0.0,0.0,2.7,48.1,48.1,6.87,23.37,0,0,0,0,0,0,0.0,0.0,0.0,0.0,0.13,1,0,0.0,0.0,0
2512,2021-11-16,2021,11,16,320,46,1,-0.5,0.866025,25.4,3,0.0,2.7,0.0,28.1,28.1,73.5,10.5,21.37,0,0,1,0,0,0,0.0,0.0,0.0,0.0,0.18,1,0,0.0,0.0,0
2513,2021-11-17,2021,11,17,321,46,1,-0.5,0.866025,49.0,3,25.4,0.0,2.7,74.4,77.1,122.5,17.5,20.15,0,0,2,0,0,0,0.0,0.0,0.0,0.0,0.31,1,0,0.0,0.0,0
2514,2021-11-18,2021,11,18,322,46,1,-0.5,0.866025,101.4,4,49.0,25.4,0.0,175.8,178.5,178.5,25.5,21.95,1,1,3,0,0,0,0.0,0.0,0.0,0.0,0.71,1,1,1.3,41.0,3
2515,2021-11-19,2021,11,19,323,46,1,-0.5,0.866025,73.6,4,101.4,49.0,25.4,224.0,249.4,252.1,36.01,24.41,1,0,4,0,0,0,0.0,0.0,0.0,0.0,0.83,1,1,1.2,29.0,3
2516,2021-11-20,2021,11,20,324,46,1,-0.5,0.866025,27.8,3,73.6,101.4,49.0,202.8,277.2,279.9,39.99,23.58,0,0,5,0,0,0,0.0,0.0,0.0,0.0,0.88,1,1,0.5,8.0,2
2517,2021-11-21,2021,11,21,325,46,1,-0.5,0.866025,0.0,0,27.8,73.6,101.4,101.4,251.8,277.2,39.6,23.34,0,0,0,0,0,0,0.0,0.0,0.0,0.0,0.53,1,0,0.0,0.0,0
2518,2021-11-22,2021,11,22,326,47,1,-0.5,0.866025,34.1,3,0.0,27.8,73.6,61.9,236.9,311.3,44.47,20.92,0,0,1,0,0,0,0.0,0.0,0.0,0.0,0.58,1,0,0.0,0.0,0
2519,2021-11-23,2021,11,23,327,47,1,-0.5,0.866025,0.0,0,34.1,0.0,27.8,34.1,135.5,285.9,40.84,19.62,0,0,0,0,0,0,0.0,0.0,0.0,0.0,0.54,1,0,0.0,0.0,0
2520,2021-11-24,2021,11,24,328,47,1,-0.5,0.866025,34.2,3,0.0,34.1,0.0,68.3,96.1,271.1,38.73,20.76,0,0,1,0,0,0,0.0,0.0,0.0,0.0,0.51,1,0,0.0,0.0,0
2521,2021-11-25,2021,11,25,329,47,1,-0.5,0.866025,22.0,3,34.2,0.0,34.1,56.2,90.3,191.7,27.39,21.49,0,0,2,0,0,0,0.0,0.0,0.0,0.0,0.43,1,0,0.0,0.0,0
2522,2021-11-26,2021,11,26,330,47,1,-0.5,0.866025,49.5,3,22.0,34.2,0.0,105.7,139.8,167.6,23.94,23.14,0,0,3,0,0,0,0.0,0.0,0.0,0.0,0.69,1,1,0.5,7.0,1
2523,2021-11-27,2021,11,27,331,47,1,-0.5,0.866025,0.0,0,49.5,22.0,34.2,71.5,105.7,139.8,19.97,23.14,0,0,0,0,0,0,0.0,0.0,0.0,0.0,0.29,1,0,0.0,0.0,0
2524,2021-11-28,2021,11,28,332,47,1,-0.5,0.866025,0.0,0,0.0,49.5,22.0,49.5,105.7,139.8,19.97,23.14,0,0,0,0,0,0,0.0,0.0,0.0,0.0,0.29,1,0,0.0,0.0,0
2525,2021-11-29,2021,11,29,333,48,1,-0.5,0.866025,0.0,0,0.0,0.0,49.5,0.0,71.5,105.7,15.1,22.18,0,0,0,0,0,0,0.0,0.0,0.0,0.0,0.23,1,0,0.0,0.0,0
2526,2021-11-30,2021,11,30,334,48,1,-0.5,0.866025,58.4,4,0.0,0.0,0.0,58.4,107.9,164.1,23.44,21.7,1,0,1,0,0,0,0.0,0.0,0.0,0.0,0.33,1,1,0.4,11.0,1
2527,2021-12-01,2021,12,1,335,48,0,-0.0,1.0,0.0,0,58.4,0.0,0.0,58.4,58.4,129.9,18.56,21.7,0,0,0,0,0,0,0.0,0.0,0.0,0.0,0.27,1,0,0.0,0.0,0
2528,2021-12-02,2021,12,2,336,48,0,-0.0,1.0,0.0,0,0.0,58.4,0.0,58.4,58.4,107.9,15.41,21.38,0,0,0,0,0,0,0.0,0.0,0.0,0.0,0.23,1,0,0.0,0.0,0
2529,2021-12-03,2021,12,3,337,48,0,-0.0,1.0,0.0,0,0.0,0.0,58.4,0.0,58.4,58.4,8.34,21.38,0,0,0,0,0,0,0.0,0.0,0.0,0.0,0.15,1,0,0.0,0.0,0
2530,2021-12-04,2021,12,4,338,48,0,-0.0,1.0,58.3,4,0.0,0.0,0.0,58.3,116.7,116.7,16.67,21.79,1,0,1,0,0,0,0.0,0.0,0.0,0.0,0.25,1,0,0.0,0.0,0
2531,2021-12-05,2021,12,5,339,48,0,-0.0,1.0,17.3,3,58.3,0.0,0.0,75.6,75.6,134.0,19.14,20.84,0,0,2,0,0,0,0.0,0.0,0.0,0.0,0.33,1,0,0.0,0.0,0
2532,2021-12-06,2021,12,6,340,49,0,-0.0,1.0,30.0,3,17.3,58.3,0.0,105.6,105.6,164.0,23.43,21.43,0,0,3,0,0,0,0.0,0.0,9.0,0.0,0.68,1,0,0.0,0.0,0
2533,2021-12-07,2021,12,7,341,49,0,-0.0,1.0,37.3,3,30.0,17.3,58.3,84.6,142.9,142.9,20.41,22.21,0,0,4,0,0,0,0.0,0.0,8.0,0.0,0.64,1,0,0.0,0.0,0
2534,2021-12-08,2021,12,8,342,49,0,-0.0,1.0,0.0,0,37.3,30.0,17.3,67.3,142.9,142.9,20.41,22.21,0,0,0,0,0,0,0.0,0.0,7.0,0.0,0.29,1,0,0.0,0.0,0
2535,2021-12-09,2021,12,9,343,49,0,-0.0,1.0,10.0,3,0.0,37.3,30.0,47.3,94.6,152.9,21.84,22.55,0,0,1,0,0,0,0.0,0.0,6.0,0.0,0.31,1,0,0.0,0.0,0
2536,2021-12-10,2021,12,10,344,49,0,-0.0,1.0,0.0,0,10.0,0.0,37.3,10.0,77.3,152.9,21.84,22.55,0,0,0,0,0,0,0.0,0.0,5.0,0.0,0.31,1,0,0.0,0.0,0
2537,2021-12-11,2021,12,11,345,49,0,-0.0,1.0,0.0,0,0.0,10.0,0.0,10.0,47.3,94.6,13.51,21.03,0,0,0,0,0,0,0.0,0.0,4.0,0.0,0.21,1,0,0.0,0.0,0
2538,2021-12-12,2021,12,12,346,49,0,-0.0,1.0,0.0,0,0.0,0.0,10.0,0.0,10.0,77.3,11.04,21.03,0,0,0,0,0,0,0.0,0.0,3.0,0.0,0.18,1,0,0.0,0.0,0
2539,2021-12-13,2021,12,13,347,50,0,-0.0,1.0,0.0,0,0.0,0.0,0.0,0.0,10.0,47.3,6.76,21.03,0,0,0,0,0,0,0.0,0.0,2.0,0.0,0.13,1,0,0.0,0.0,0
2540,2021-12-14,2021,12,14,348,50,0,-0.0,1.0,25.6,3,0.0,0.0,0.0,25.6,25.6,35.6,5.09,21.8,0,0,1,0,0,0,0.0,0.0,1.0,0.0,0.11,1,0,0.0,0.0,0
2541,2021-12-15,2021,12,15,349,50,0,-0.0,1.0,71.1,4,25.6,0.0,0.0,96.7,96.7,106.7,15.24,24.17,1,0,2,1,3,Odette,3.0,185.0,0.0,0.0,0.28,1,1,1.5,36.0,3
2542,2021-12-16,2021,12,16,350,50,0,-0.0,1.0,78.5,4,71.1,25.6,0.0,175.2,175.2,175.2,25.03,25.94,1,0,3,1,3,Odette,3.0,185.0,0.0,1.0,0.7,1,1,1.5,65.0,4
2543,2021-12-17,2021,12,17,351,50,0,-0.0,1.0,2.4,1,78.5,71.1,25.6,152.0,177.6,177.6,25.37,24.38,0,0,4,1,3,Odette,3.0,185.0,0.0,2.0,0.7,1,1,1.5,16.0,3
2544,2021-12-18,2021,12,18,352,50,0,-0.0,1.0,72.1,4,2.4,78.5,71.1,153.0,249.7,249.7,35.67,23.41,1,0,5,1,3,Odette,3.0,185.0,0.0,3.0,0.83,1,1,1.4,36.0,4
2545,2021-12-19,2021,12,19,353,50,0,-0.0,1.0,32.4,3,72.1,2.4,78.5,106.9,256.5,282.1,40.3,22.03,0,0,6,0,0,0,0.0,0.0,0.0,4.0,0.88,1,0,0.0,0.0,0
2546,2021-12-20,2021,12,20,354,51,0,-0.0,1.0,56.3,4,32.4,72.1,2.4,160.8,241.7,338.4,48.34,22.98,1,0,7,0,0,0,0.0,0.0,0.0,5.0,0.98,1,0,0.0,0.0,0
2547,2021-12-21,2021,12,21,355,51,0,-0.0,1.0,0.0,0,56.3,32.4,72.1,88.7,163.2,312.8,44.69,22.98,0,0,0,0,0,0,0.0,0.0,0.0,6.0,0.59,1,0,0.0,0.0,0
2548,2021-12-22,2021,12,22,356,51,0,-0.0,1.0,44.0,3,0.0,56.3,32.4,100.3,204.8,285.7,40.81,23.31,0,0,1,0,0,0,0.0,0.0,0.0,7.0,0.54,1,0,0.0,0.0,0
2549,2021-12-23,2021,12,23,357,51,0,-0.0,1.0,0.0,0,44.0,0.0,56.3,44.0,132.7,207.2,29.6,23.31,0,0,0,0,0,0,0.0,0.0,0.0,8.0,0.41,1,0,0.0,0.0,0
2550,2021-12-24,2021,12,24,358,51,0,-0.0,1.0,73.8,4,0.0,44.0,0.0,117.8,174.1,278.6,39.8,24.63,1,0,1,0,0,0,0.0,0.0,0.0,9.0,0.53,1,0,0.0,0.0,0
2551,2021-12-25,2021,12,25,359,51,0,-0.0,1.0,0.0,0,73.8,0.0,44.0,73.8,117.8,206.5,29.5,23.9,0,0,0,0,0,0,0.0,0.0,0.0,10.0,0.4,1,0,0.0,0.0,0
2552,2021-12-26,2021,12,26,360,51,0,-0.0,1.0,0.0,0,0.0,73.8,0.0,73.8,117.8,174.1,24.87,22.25,0,0,0,0,0,0,0.0,0.0,0.0,11.0,0.35,1,0,0.0,0.0,0
2553,2021-12-27,2021,12,27,361,52,0,-0.0,1.0,0.0,0,0.0,0.0,73.8,0.0,73.8,117.8,16.83,22.25,0,0,0,0,0,0,0.0,0.0,0.0,12.0,0.25,1,0,0.0,0.0,0
2554,2021-12-28,2021,12,28,362,52,0,-0.0,1.0,0.0,0,0.0,0.0,0.0,0.0,73.8,117.8,16.83,22.25,0,0,0,0,0,0,0.0,0.0,0.0,13.0,0.25,1,0,0.0,0.0,0
2555,2021-12-29,2021,12,29,363,52,0,-0.0,1.0,0.0,0,0.0,0.0,0.0,0.0,0.0,73.8,10.54,22.25,0,0,0,0,0,0,0.0,0.0,0.0,14.0,0.18,1,0,0.0,0.0,0
2556,2021-12-30,2021,12,30,364,52,0,-0.0,1.0,0.8,1,0.0,0.0,0.0,0.8,0.8,74.6,10.66,20.33,0,0,1,0,0,0,0.0,0.0,0.0,15.0,0.18,1,0,0.0,0.0,0
2557,2021-12-31,2021,12,31,365,52,0,-0.0,1.0,0.0,0,0.8,0.0,0.0,0.8,0.8,0.8,0.11,20.33,0,0,0,0,0,0,0.0,0.0,0.0,16.0,0.05,1,0,0.0,0.0,0
2558,2022-01-01,2022,1,1,1,52,0,0.5,0.866025,0.0,0,0.0,0.8,0.0,0.8,0.8,0.8,0.11,20.33,0,0,0,0,0,0,0.0,0.0,0.0,0.0,0.05,1,0,0.0,0.0,0
2559,2022-01-02,2022,1,2,2,52,0,0.5,0.866025,0.0,0,0.0,0.0,0.8,0.0,0.8,0.8,0.11,20.33,0,0,0,0,0,0,0.0,0.0,0.0,0.0,0.05,1,0,0.0,0.0,0
2560,2022-01-03,2022,1,3,3,1,0,0.5,0.866025,0.0,0,0.0,0.0,0.0,0.0,0.8,0.8,0.11,18.39,0,0,0,0,0,0,0.0,0.0,0.0,0.0,0.05,1,0,0.0,0.0,0
2561,2022-01-04,2022,1,4,4,1,0,0.5,0.866025,25.1,3,0.0,0.0,0.0,25.1,25.1,25.9,3.7,18.65,0,0,1,0,0,0,0.0,0.0,0.0,0.0,0.09,1,0,0.0,0.0,0
2562,2022-01-05,2022,1,5,5,1,0,0.5,0.866025,0.0,0,25.1,0.0,0.0,25.1,25.1,25.9,3.7,17.65,0,0,0,0,0,0,0.0,0.0,0.0,0.0,0.09,1,0,0.0,0.0,0
2563,2022-01-06,2022,1,6,6,1,0,0.5,0.866025,0.0,0,0.0,25.1,0.0,25.1,25.1,25.1,3.59,16.4,0,0,0,0,0,0,0.0,0.0,0.0,0.0,0.09,1,0,0.0,0.0,0
2564,2022-01-07,2022,1,7,7,1,0,0.5,0.866025,14.8,3,0.0,0.0,25.1,14.8,39.9,39.9,5.7,16.9,0,0,1,0,0,0,0.0,0.0,0.0,0.0,0.12,1,0,0.0,0.0,0
2565,2022-01-08,2022,1,8,8,1,0,0.5,0.866025,0.0,0,14.8,0.0,0.0,14.8,39.9,39.9,5.7,16.56,0,0,0,0,0,0,0.0,0.0,0.0,0.0,0.12,1,0,0.0,0.0,0
2566,2022-01-09,2022,1,9,9,1,0,0.5,0.866025,44.8,3,0.0,14.8,0.0,59.6,59.6,84.7,12.1,18.06,0,0,1,0,0,0,0.0,0.0,0.0,0.0,0.2,1,0,0.0,0.0,0
2567,2022-01-10,2022,1,10,10,2,0,0.5,0.866025,0.0,0,44.8,0.0,14.8,44.8,59.6,84.7,12.1,18.06,0,0,0,0,0,0,0.0,0.0,0.0,0.0,0.2,1,0,0.0,0.0,0
2568,2022-01-11,2022,1,11,11,2,0,0.5,0.866025,0.0,0,0.0,44.8,0.0,44.8,59.6,59.6,8.51,18.06,0,0,0,0,0,0,0.0,0.0,0.0,0.0,0.15,1,0,0.0,0.0,0
2569,2022-01-12,2022,1,12,12,2,0,0.5,0.866025,0.0,0,0.0,0.0,44.8,0.0,44.8,59.6,8.51,18.06,0,0,0,0,0,0,0.0,0.0,0.0,0.0,0.15,1,0,0.0,0.0,0
2570,2022-01-13,2022,1,13,13,2,0,0.5,0.866025,0.0,0,0.0,0.0,0.0,0.0,44.8,59.6,8.51,17.2,0,0,0,0,0,0,0.0,0.0,0.0,0.0,0.15,1,0,0.0,0.0,0
2571,2022-01-14,2022,1,14,14,2,0,0.5,0.866025,0.0,0,0.0,0.0,0.0,0.0,0.0,44.8,6.4,14.83,0,0,0,0,0,0,0.0,0.0,0.0,0.0,0.13,1,0,0.0,0.0,0
2572,2022-01-15,2022,1,15,15,2,0,0.5,0.866025,0.0,0,0.0,0.0,0.0,0.0,0.0,44.8,6.4,12.22,0,0,0,0,0,0,0.0,0.0,0.0,0.0,0.13,1,0,0.0,0.0,0
2573,2022-01-16,2022,1,16,16,2,0,0.5,0.866025,0.0,0,0.0,0.0,0.0,0.0,0.0,0.0,0.0,12.14,0,0,0,0,0,0,0.0,0.0,0.0,0.0,0.05,1,0,0.0,0.0,0
2574,2022-01-17,2022,1,17,17,3,0,0.5,0.866025,0.0,0,0.0,0.0,0.0,0.0,0.0,0.0,0.0,9.73,0,0,0,0,0,0,0.0,0.0,0.0,0.0,0.05,1,0,0.0,0.0,0
2575,2022-01-18,2022,1,18,18,3,0,0.5,0.866025,3.0,2,0.0,0.0,0.0,3.0,3.0,3.0,0.43,8.75,0,0,1,0,0,0,0.0,0.0,0.0,0.0,0.06,1,0,0.0,0.0,0
2576,2022-01-19,2022,1,19,19,3,0,0.5,0.866025,0.0,0,3.0,0.0,0.0,3.0,3.0,3.0,0.43,6.88,0,0,0,0,0,0,0.0,0.0,0.0,0.0,0.06,1,0,0.0,0.0,0
2577,2022-01-20,2022,1,20,20,3,0,0.5,0.866025,0.0,0,0.0,3.0,0.0,3.0,3.0,3.0,0.43,6.88,0,0,0,0,0,0,0.0,0.0,0.0,0.0,0.06,1,0,0.0,0.0,0
2578,2022-01-21,2022,1,21,21,3,0,0.5,0.866025,0.0,0,0.0,0.0,3.0,0.0,3.0,3.0,0.43,5.41,0,0,0,0,0,0,0.0,0.0,0.0,0.0,0.06,1,0,0.0,0.0,0
2579,2022-01-22,2022,1,22,22,3,0,0.5,0.866025,0.0,0,0.0,0.0,0.0,0.0,3.0,3.0,0.43,5.41,0,0,0,0,0,0,0.0,0.0,0.0,0.0,0.06,1,0,0.0,0.0,0
2580,2022-01-23,2022,1,23,23,3,0,0.5,0.866025,0.0,0,0.0,0.0,0.0,0.0,0.0,3.0,0.43,2.95,0,0,0,0,0,0,0.0,0.0,0.0,0.0,0.06,1,0,0.0,0.0,0
2581,2022-01-24,2022,1,24,24,4,0,0.5,0.866025,0.0,0,0.0,0.0,0.0,0.0,0.0,3.0,0.43,2.95,0,0,0,0,0,0,0.0,0.0,0.0,0.0,0.06,1,0,0.0,0.0,0
2582,2022-01-25,2022,1,25,25,4,0,0.5,0.866025,0.0,0,0.0,0.0,0.0,0.0,0.0,0.0,0.0,2.95,0,0,0,0,0,0,0.0,0.0,0.0,0.0,0.05,1,0,0.0,0.0,0
2583,2022-01-26,2022,1,26,26,4,0,0.5,0.866025,0.0,0,0.0,0.0,0.0,0.0,0.0,0.0,0.0,2.95,0,0,0,0,0,0,0.0,0.0,0.0,0.0,0.05,1,0,0.0,0.0,0
2584,2022-01-27,2022,1,27,27,4,0,0.5,0.866025,0.0,0,0.0,0.0,0.0,0.0,0.0,0.0,0.0,2.95,0,0,0,0,0,0,0.0,0.0,0.0,0.0,0.05,1,0,0.0,0.0,0
2585,2022-01-28,2022,1,28,28,4,0,0.5,0.866025,0.0,0,0.0,0.0,0.0,0.0,0.0,0.0,0.0,2.95,0,0,0,0,0,0,0.0,0.0,0.0,0.0,0.05,1,0,0.0,0.0,0
2586,2022-01-29,2022,1,29,29,4,0,0.5,0.866025,0.0,0,0.0,0.0,0.0,0.0,0.0,0.0,0.0,2.92,0,0,0,0,0,0,0.0,0.0,0.0,0.0,0.05,1,0,0.0,0.0,0
2587,2022-01-30,2022,1,30,30,4,0,0.5,0.866025,0.0,0,0.0,0.0,0.0,0.0,0.0,0.0,0.0,2.92,0,0,0,0,0,0,0.0,0.0,0.0,0.0,0.05,1,0,0.0,0.0,0
2588,2022-01-31,2022,1,31,31,5,0,0.5,0.866025,0.0,0,0.0,0.0,0.0,0.0,0.0,0.0,0.0,2.92,0,0,0,0,0,0,0.0,0.0,0.0,0.0,0.05,1,0,0.0,0.0,0
2589,2022-02-01,2022,2,1,32,5,0,0.866025,0.5,0.0,0,0.0,0.0,0.0,0.0,0.0,0.0,0.0,2.92,0,0,0,0,0,0,0.0,0.0,0.0,0.0,0.05,1,0,0.0,0.0,0
2590,2022-02-02,2022,2,2,33,5,0,0.866025,0.5,0.0,0,0.0,0.0,0.0,0.0,0.0,0.0,0.0,2.92,0,0,0,0,0,0,0.0,0.0,0.0,0.0,0.05,1,0,0.0,0.0,0
2591,2022-02-03,2022,2,3,34,5,0,0.866025,0.5,0.0,0,0.0,0.0,0.0,0.0,0.0,0.0,0.0,2.09,0,0,0,0,0,0,0.0,0.0,0.0,0.0,0.05,1,0,0.0,0.0,0
2592,2022-02-04,2022,2,4,35,5,0,0.866025,0.5,0.0,0,0.0,0.0,0.0,0.0,0.0,0.0,0.0,2.09,0,0,0,0,0,0,0.0,0.0,0.0,0.0,0.05,1,0,0.0,0.0,0
2593,2022-02-05,2022,2,5,36,5,0,0.866025,0.5,0.0,0,0.0,0.0,0.0,0.0,0.0,0.0,0.0,2.09,0,0,0,0,0,0,0.0,0.0,0.0,0.0,0.05,1,0,0.0,0.0,0
2594,2022-02-06,2022,2,6,37,5,0,0.866025,0.5,0.0,0,0.0,0.0,0.0,0.0,0.0,0.0,0.0,1.59,0,0,0,0,0,0,0.0,0.0,0.0,0.0,0.05,1,0,0.0,0.0,0
2595,2022-02-07,2022,2,7,38,6,0,0.866025,0.5,0.0,0,0.0,0.0,0.0,0.0,0.0,0.0,0.0,1.59,0,0,0,0,0,0,0.0,0.0,0.0,0.0,0.05,1,0,0.0,0.0,0
2596,2022-02-08,2022,2,8,39,6,0,0.866025,0.5,0.0,0,0.0,0.0,0.0,0.0,0.0,0.0,0.0,0.1,0,0,0,0,0,0,0.0,0.0,0.0,0.0,0.05,1,0,0.0,0.0,0
2597,2022-02-09,2022,2,9,40,6,0,0.866025,0.5,0.0,0,0.0,0.0,0.0,0.0,0.0,0.0,0.0,0.1,0,0,0,0,0,0,0.0,0.0,0.0,0.0,0.05,1,0,0.0,0.0,0
2598,2022-02-10,2022,2,10,41,6,0,0.866025,0.5,2.7,2,0.0,0.0,0.0,2.7,2.7,2.7,0.39,0.19,0,0,1,0,0,0,0.0,0.0,0.0,0.0,0.05,1,0,0.0,0.0,0
2599,2022-02-11,2022,2,11,42,6,0,0.866025,0.5,0.0,0,2.7,0.0,0.0,2.7,2.7,2.7,0.39,0.19,0,0,0,0,0,0,0.0,0.0,0.0,0.0,0.05,1,0,0.0,0.0,0
2600,2022-02-12,2022,2,12,43,6,0,0.866025,0.5,0.4,1,0.0,2.7,0.0,3.1,3.1,3.1,0.44,0.2,0,0,1,0,0,0,0.0,0.0,0.0,0.0,0.06,1,0,0.0,0.0,0
2601,2022-02-13,2022,2,13,44,6,0,0.866025,0.5,0.0,0,0.4,0.0,2.7,0.4,3.1,3.1,0.44,0.2,0,0,0,0,0,0,0.0,0.0,0.0,0.0,0.06,1,0,0.0,0.0,0
2602,2022-02-14,2022,2,14,45,7,0,0.866025,0.5,0.0,0,0.0,0.4,0.0,0.4,3.1,3.1,0.44,0.2,0,0,0,0,0,0,0.0,0.0,0.0,0.0,0.06,1,0,0.0,0.0,0
2603,2022-02-15,2022,2,15,46,7,0,0.866025,0.5,0.0,0,0.0,0.0,0.4,0.0,0.4,3.1,0.44,0.2,0,0,0,0,0,0,0.0,0.0,0.0,0.0,0.06,1,0,0.0,0.0,0
2604,2022-02-16,2022,2,16,47,7,0,0.866025,0.5,9.5,3,0.0,0.0,0.0,9.5,9.9,12.6,1.8,0.52,0,0,1,0,0,0,0.0,0.0,0.0,0.0,0.07,1,0,0.0,0.0,0
2605,2022-02-17,2022,2,17,48,7,0,0.866025,0.5,0.0,0,9.5,0.0,0.0,9.5,9.5,9.9,1.41,0.42,0,0,0,0,0,0,0.0,0.0,0.0,0.0,0.07,1,0,0.0,0.0,0
2606,2022-02-18,2022,2,18,49,7,0,0.866025,0.5,0.0,0,0.0,9.5,0.0,9.5,9.5,9.9,1.41,0.42,0,0,0,0,0,0,0.0,0.0,0.0,0.0,0.07,1,0,0.0,0.0,0
2607,2022-02-19,2022,2,19,50,7,0,0.866025,0.5,0.0,0,0.0,0.0,9.5,0.0,9.5,9.5,1.36,0.42,0,0,0,0,0,0,0.0,0.0,0.0,0.0,0.07,1,0,0.0,0.0,0
2608,2022-02-20,2022,2,20,51,7,0,0.866025,0.5,0.0,0,0.0,0.0,0.0,0.0,9.5,9.5,1.36,0.42,0,0,0,0,0,0,0.0,0.0,0.0,0.0,0.07,1,0,0.0,0.0,0
2609,2022-02-21,2022,2,21,52,8,0,0.866025,0.5,0.0,0,0.0,0.0,0.0,0.0,0.0,9.5,1.36,0.42,0,0,0,0,0,0,0.0,0.0,0.0,0.0,0.07,1,0,0.0,0.0,0
2610,2022-02-22,2022,2,22,53,8,0,0.866025,0.5,0.0,0,0.0,0.0,0.0,0.0,0.0,9.5,1.36,0.42,0,0,0,0,0,0,0.0,0.0,0.0,0.0,0.07,1,0,0.0,0.0,0
2611,2022-02-23,2022,2,23,54,8,0,0.866025,0.5,0.0,0,0.0,0.0,0.0,0.0,0.0,0.0,0.0,0.42,0,0,0,0,0,0,0.0,0.0,0.0,0.0,0.05,1,0,0.0,0.0,0
2612,2022-02-24,2022,2,24,55,8,0,0.866025,0.5,0.0,0,0.0,0.0,0.0,0.0,0.0,0.0,0.0,0.42,0,0,0,0,0,0,0.0,0.0,0.0,0.0,0.05,1,0,0.0,0.0,0
2613,2022-02-25,2022,2,25,56,8,0,0.866025,0.5,0.0,0,0.0,0.0,0.0,0.0,0.0,0.0,0.0,0.42,0,0,0,0,0,0,0.0,0.0,0.0,0.0,0.05,1,0,0.0,0.0,0
2614,2022-02-26,2022,2,26,57,8,0,0.866025,0.5,0.0,0,0.0,0.0,0.0,0.0,0.0,0.0,0.0,0.42,0,0,0,0,0,0,0.0,0.0,0.0,0.0,0.05,1,0,0.0,0.0,0
2615,2022-02-27,2022,2,27,58,8,0,0.866025,0.5,0.0,0,0.0,0.0,0.0,0.0,0.0,0.0,0.0,0.42,0,0,0,0,0,0,0.0,0.0,0.0,0.0,0.05,1,0,0.0,0.0,0
2616,2022-02-28,2022,2,28,59,9,0,0.866025,0.5,0.0,0,0.0,0.0,0.0,0.0,0.0,0.0,0.0,0.42,0,0,0,0,0,0,0.0,0.0,0.0,0.0,0.05,1,0,0.0,0.0,0
2617,2022-03-01,2022,3,1,60,9,0,1.0,0.0,0.0,0,0.0,0.0,0.0,0.0,0.0,0.0,0.0,0.42,0,0,0,0,0,0,0.0,0.0,0.0,0.0,0.05,1,0,0.0,0.0,0
2618,2022-03-02,2022,3,2,61,9,0,1.0,0.0,0.0,0,0.0,0.0,0.0,0.0,0.0,0.0,0.0,0.42,0,0,0,0,0,0,0.0,0.0,0.0,0.0,0.05,1,0,0.0,0.0,0
2619,2022-03-03,2022,3,3,62,9,0,1.0,0.0,0.0,0,0.0,0.0,0.0,0.0,0.0,0.0,0.0,0.42,0,0,0,0,0,0,0.0,0.0,0.0,0.0,0.05,1,0,0.0,0.0,0
2620,2022-03-04,2022,3,4,63,9,0,1.0,0.0,0.0,0,0.0,0.0,0.0,0.0,0.0,0.0,0.0,0.42,0,0,0,0,0,0,0.0,0.0,0.0,0.0,0.05,1,0,0.0,0.0,0
2621,2022-03-05,2022,3,5,64,9,0,1.0,0.0,8.7,3,0.0,0.0,0.0,8.7,8.7,8.7,1.24,0.71,0,0,1,0,0,0,0.0,0.0,0.0,0.0,0.06,1,0,0.0,0.0,0
2622,2022-03-06,2022,3,6,65,9,0,1.0,0.0,21.0,3,8.7,0.0,0.0,29.7,29.7,29.7,4.24,1.41,0,0,2,0,0,0,0.0,0.0,0.0,0.0,0.15,1,0,0.0,0.0,0
2623,2022-03-07,2022,3,7,66,10,0,1.0,0.0,0.0,0,21.0,8.7,0.0,29.7,29.7,29.7,4.24,1.41,0,0,0,0,0,0,0.0,0.0,0.0,0.0,0.1,1,0,0.0,0.0,0
2624,2022-03-08,2022,3,8,67,10,0,1.0,0.0,0.0,0,0.0,21.0,8.7,21.0,29.7,29.7,4.24,1.41,0,0,0,0,0,0,0.0,0.0,0.0,0.0,0.1,1,0,0.0,0.0,0
2625,2022-03-09,2022,3,9,68,10,0,1.0,0.0,0.0,0,0.0,0.0,21.0,0.0,29.7,29.7,4.24,1.41,0,0,0,0,0,0,0.0,0.0,0.0,0.0,0.1,1,0,0.0,0.0,0
2626,2022-03-10,2022,3,10,69,10,0,1.0,0.0,13.6,3,0.0,0.0,0.0,13.6,34.6,43.3,6.19,1.86,0,0,1,0,0,0,0.0,0.0,0.0,0.0,0.12,1,0,0.0,0.0,0
2627,2022-03-11,2022,3,11,70,10,0,1.0,0.0,0.0,0,13.6,0.0,0.0,13.6,13.6,43.3,6.19,1.86,0,0,0,0,0,0,0.0,0.0,0.0,0.0,0.12,1,0,0.0,0.0,0
2628,2022-03-12,2022,3,12,71,10,0,1.0,0.0,0.0,0,0.0,13.6,0.0,13.6,13.6,34.6,4.94,1.77,0,0,0,0,0,0,0.0,0.0,0.0,0.0,0.11,1,0,0.0,0.0,0
2629,2022-03-13,2022,3,13,72,10,0,1.0,0.0,1.4,1,0.0,0.0,13.6,1.4,15.0,15.0,2.14,1.82,0,0,1,0,0,0,0.0,0.0,0.0,0.0,0.08,1,0,0.0,0.0,0
2630,2022-03-14,2022,3,14,73,11,0,1.0,0.0,0.0,0,1.4,0.0,0.0,1.4,15.0,15.0,2.14,1.81,0,0,0,0,0,0,0.0,0.0,0.0,0.0,0.08,1,0,0.0,0.0,0
2631,2022-03-15,2022,3,15,74,11,0,1.0,0.0,0.0,0,0.0,1.4,0.0,1.4,1.4,15.0,2.14,1.81,0,0,0,0,0,0,0.0,0.0,0.0,0.0,0.08,1,0,0.0,0.0,0
2632,2022-03-16,2022,3,16,75,11,0,1.0,0.0,0.0,0,0.0,0.0,1.4,0.0,1.4,15.0,2.14,1.81,0,0,0,0,0,0,0.0,0.0,0.0,0.0,0.08,1,0,0.0,0.0,0
2633,2022-03-17,2022,3,17,76,11,0,1.0,0.0,0.0,0,0.0,0.0,0.0,0.0,1.4,1.4,0.2,1.81,0,0,0,0,0,0,0.0,0.0,0.0,0.0,0.05,1,0,0.0,0.0,0
2634,2022-03-18,2022,3,18,77,11,0,1.0,0.0,0.0,0,0.0,0.0,0.0,0.0,0.0,1.4,0.2,1.49,0,0,0,0,0,0,0.0,0.0,0.0,0.0,0.05,1,0,0.0,0.0,0
2635,2022-03-19,2022,3,19,78,11,0,1.0,0.0,0.0,0,0.0,0.0,0.0,0.0,0.0,1.4,0.2,1.49,0,0,0,0,0,0,0.0,0.0,0.0,0.0,0.05,1,0,0.0,0.0,0
2636,2022-03-20,2022,3,20,79,11,0,1.0,0.0,0.0,0,0.0,0.0,0.0,0.0,0.0,0.0,0.0,1.49,0,0,0,0,0,0,0.0,0.0,0.0,0.0,0.05,1,0,0.0,0.0,0
2637,2022-03-21,2022,3,21,80,12,0,1.0,0.0,0.0,0,0.0,0.0,0.0,0.0,0.0,0.0,0.0,1.49,0,0,0,0,0,0,0.0,0.0,0.0,0.0,0.05,1,0,0.0,0.0,0
2638,2022-03-22,2022,3,22,81,12,0,1.0,0.0,0.0,0,0.0,0.0,0.0,0.0,0.0,0.0,0.0,1.49,0,0,0,0,0,0,0.0,0.0,0.0,0.0,0.05,1,0,0.0,0.0,0
2639,2022-03-23,2022,3,23,82,12,0,1.0,0.0,0.0,0,0.0,0.0,0.0,0.0,0.0,0.0,0.0,1.49,0,0,0,0,0,0,0.0,0.0,0.0,0.0,0.05,1,0,0.0,0.0,0
2640,2022-03-24,2022,3,24,83,12,0,1.0,0.0,0.0,0,0.0,0.0,0.0,0.0,0.0,0.0,0.0,1.49,0,0,0,0,0,0,0.0,0.0,0.0,0.0,0.05,1,0,0.0,0.0,0
2641,2022-03-25,2022,3,25,84,12,0,1.0,0.0,0.0,0,0.0,0.0,0.0,0.0,0.0,0.0,0.0,1.49,0,0,0,0,0,0,0.0,0.0,0.0,0.0,0.05,1,0,0.0,0.0,0
2642,2022-03-26,2022,3,26,85,12,0,1.0,0.0,0.0,0,0.0,0.0,0.0,0.0,0.0,0.0,0.0,1.49,0,0,0,0,0,0,0.0,0.0,0.0,0.0,0.05,1,0,0.0,0.0,0
2643,2022-03-27,2022,3,27,86,12,0,1.0,0.0,0.0,0,0.0,0.0,0.0,0.0,0.0,0.0,0.0,1.49,0,0,0,0,0,0,0.0,0.0,0.0,0.0,0.05,1,0,0.0,0.0,0
2644,2022-03-28,2022,3,28,87,13,0,1.0,0.0,0.0,0,0.0,0.0,0.0,0.0,0.0,0.0,0.0,1.49,0,0,0,0,0,0,0.0,0.0,0.0,0.0,0.05,1,0,0.0,0.0,0
2645,2022-03-29,2022,3,29,88,13,0,1.0,0.0,0.0,0,0.0,0.0,0.0,0.0,0.0,0.0,0.0,1.49,0,0,0,0,0,0,0.0,0.0,0.0,0.0,0.05,1,0,0.0,0.0,0
2646,2022-03-30,2022,3,30,89,13,0,1.0,0.0,0.0,0,0.0,0.0,0.0,0.0,0.0,0.0,0.0,1.49,0,0,0,0,0,0,0.0,0.0,0.0,0.0,0.05,1,0,0.0,0.0,0
2647,2022-03-31,2022,3,31,90,13,0,1.0,0.0,0.0,0,0.0,0.0,0.0,0.0,0.0,0.0,0.0,1.49,0,0,0,0,0,0,0.0,0.0,0.0,0.0,0.05,1,0,0.0,0.0,0
2648,2022-04-01,2022,4,1,91,13,0,0.866025,-0.5,0.0,0,0.0,0.0,0.0,0.0,0.0,0.0,0.0,1.49,0,0,0,0,0,0,0.0,0.0,9.0,0.0,0.05,1,0,0.0,0.0,0
2649,2022-04-02,2022,4,2,92,13,0,0.866025,-0.5,0.0,0,0.0,0.0,0.0,0.0,0.0,0.0,0.0,1.49,0,0,0,0,0,0,0.0,0.0,8.0,0.0,0.05,1,0,0.0,0.0,0
2650,2022-04-03,2022,4,3,93,13,0,0.866025,-0.5,0.0,0,0.0,0.0,0.0,0.0,0.0,0.0,0.0,1.49,0,0,0,0,0,0,0.0,0.0,7.0,0.0,0.05,1,0,0.0,0.0,0
2651,2022-04-04,2022,4,4,94,14,0,0.866025,-0.5,0.0,0,0.0,0.0,0.0,0.0,0.0,0.0,0.0,1.2,0,0,0,0,0,0,0.0,0.0,6.0,0.0,0.05,1,0,0.0,0.0,0
2652,2022-04-05,2022,4,5,95,14,0,0.866025,-0.5,0.0,0,0.0,0.0,0.0,0.0,0.0,0.0,0.0,0.5,0,0,0,0,0,0,0.0,0.0,5.0,0.0,0.05,1,0,0.0,0.0,0
2653,2022-04-06,2022,4,6,96,14,0,0.866025,-0.5,15.9,3,0.0,0.0,0.0,15.9,15.9,15.9,2.27,1.03,0,0,1,0,0,0,0.0,0.0,4.0,0.0,0.08,1,0,0.0,0.0,0
2654,2022-04-07,2022,4,7,97,14,0,0.866025,-0.5,0.0,0,15.9,0.0,0.0,15.9,15.9,15.9,2.27,1.03,0,0,0,0,0,0,0.0,0.0,3.0,0.0,0.08,1,0,0.0,0.0,0
2655,2022-04-08,2022,4,8,98,14,0,0.866025,-0.5,0.0,0,0.0,15.9,0.0,15.9,15.9,15.9,2.27,1.03,0,0,0,0,0,0,0.0,0.0,2.0,0.0,0.08,1,1,0.4,11.0,1
2656,2022-04-09,2022,4,9,99,14,0,0.866025,-0.5,0.0,0,0.0,0.0,15.9,0.0,15.9,15.9,2.27,0.58,0,0,0,0,0,0,0.0,0.0,1.0,0.0,0.08,1,0,0.0,0.0,0
2657,2022-04-10,2022,4,10,100,14,0,0.866025,-0.5,0.0,0,0.0,0.0,0.0,0.0,15.9,15.9,2.27,0.58,0,0,0,1,1,Agaton,1.0,75.0,0.0,0.0,0.08,1,0,0.0,0.0,0
2658,2022-04-11,2022,4,11,101,15,0,0.866025,-0.5,48.0,3,0.0,0.0,0.0,48.0,48.0,63.9,9.13,2.18,0,0,1,1,1,Agaton,1.0,75.0,0.0,1.0,0.16,1,0,0.0,0.0,0
2659,2022-04-12,2022,4,12,102,15,0,0.866025,-0.5,36.2,3,48.0,0.0,0.0,84.2,84.2,100.1,14.3,3.34,0,0,2,1,1,Agaton,1.0,75.0,0.0,2.0,0.27,1,1,0.5,5.0,1
2660,2022-04-13,2022,4,13,103,15,0,0.866025,-0.5,0.0,0,36.2,48.0,0.0,84.2,84.2,84.2,12.03,3.34,0,0,0,0,0,0,0.0,0.0,0.0,3.0,0.19,1,0,0.0,0.0,0
2661,2022-04-14,2022,4,14,104,15,0,0.866025,-0.5,4.4,2,0.0,36.2,48.0,40.6,88.6,88.6,12.66,3.48,0,0,1,0,0,0,0.0,0.0,0.0,4.0,0.2,1,0,0.0,0.0,0
2662,2022-04-15,2022,4,15,105,15,0,0.866025,-0.5,0.0,0,4.4,0.0,36.2,4.4,88.6,88.6,12.66,3.48,0,0,0,0,0,0,0.0,0.0,0.0,5.0,0.2,1,0,0.0,0.0,0
2663,2022-04-16,2022,4,16,106,15,0,0.866025,-0.5,0.0,0,0.0,4.4,0.0,4.4,40.6,88.6,12.66,3.48,0,0,0,0,0,0,0.0,0.0,0.0,6.0,0.2,1,0,0.0,0.0,0
2664,2022-04-17,2022,4,17,107,15,0,0.866025,-0.5,0.0,0,0.0,0.0,4.4,0.0,4.4,88.6,12.66,3.48,0,0,0,0,0,0,0.0,0.0,0.0,7.0,0.2,1,0,0.0,0.0,0
2665,2022-04-18,2022,4,18,108,16,0,0.866025,-0.5,26.2,3,0.0,0.0,0.0,26.2,30.6,66.8,9.54,4.36,0,0,1,0,0,0,0.0,0.0,0.0,8.0,0.16,1,0,0.0,0.0,0
2666,2022-04-19,2022,4,19,109,16,0,0.866025,-0.5,0.0,0,26.2,0.0,0.0,26.2,26.2,30.6,4.37,4.36,0,0,0,0,0,0,0.0,0.0,0.0,9.0,0.1,1,0,0.0,0.0,0
2667,2022-04-20,2022,4,20,110,16,0,0.866025,-0.5,0.0,0,0.0,26.2,0.0,26.2,26.2,30.6,4.37,4.36,0,0,0,0,0,0,0.0,0.0,0.0,10.0,0.1,1,0,0.0,0.0,0
2668,2022-04-21,2022,4,21,111,16,0,0.866025,-0.5,0.0,0,0.0,0.0,26.2,0.0,26.2,26.2,3.74,4.36,0,0,0,0,0,0,0.0,0.0,0.0,11.0,0.09,1,0,0.0,0.0,0
2669,2022-04-22,2022,4,22,112,16,0,0.866025,-0.5,0.0,0,0.0,0.0,0.0,0.0,26.2,26.2,3.74,4.36,0,0,0,0,0,0,0.0,0.0,0.0,12.0,0.09,1,1,0.4,3.0,1
2670,2022-04-23,2022,4,23,113,16,0,0.866025,-0.5,0.0,0,0.0,0.0,0.0,0.0,0.0,26.2,3.74,4.36,0,0,0,0,0,0,0.0,0.0,0.0,13.0,0.09,1,0,0.0,0.0,0
2671,2022-04-24,2022,4,24,114,16,0,0.866025,-0.5,0.0,0,0.0,0.0,0.0,0.0,0.0,26.2,3.74,4.36,0,0,0,0,0,0,0.0,0.0,0.0,14.0,0.09,1,0,0.0,0.0,0
2672,2022-04-25,2022,4,25,115,17,0,0.866025,-0.5,0.0,0,0.0,0.0,0.0,0.0,0.0,0.0,0.0,4.36,0,0,0,0,0,0,0.0,0.0,0.0,15.0,0.05,1,0,0.0,0.0,0
2673,2022-04-26,2022,4,26,116,17,0,0.866025,-0.5,0.0,0,0.0,0.0,0.0,0.0,0.0,0.0,0.0,4.36,0,0,0,0,0,0,0.0,0.0,0.0,16.0,0.05,1,0,0.0,0.0,0
2674,2022-04-27,2022,4,27,117,17,0,0.866025,-0.5,8.6,3,0.0,0.0,0.0,8.6,8.6,8.6,1.23,4.64,0,0,1,0,0,0,0.0,0.0,0.0,17.0,0.06,1,0,0.0,0.0,0
2675,2022-04-28,2022,4,28,118,17,0,0.866025,-0.5,24.9,3,8.6,0.0,0.0,33.5,33.5,33.5,4.79,5.47,0,0,2,0,0,0,0.0,0.0,0.0,18.0,0.16,1,0,0.0,0.0,0
2676,2022-04-29,2022,4,29,119,17,0,0.866025,-0.5,0.0,0,24.9,8.6,0.0,33.5,33.5,33.5,4.79,5.47,0,0,0,0,0,0,0.0,0.0,0.0,19.0,0.11,1,0,0.0,0.0,0
2677,2022-04-30,2022,4,30,120,17,0,0.866025,-0.5,0.0,0,0.0,24.9,8.6,24.9,33.5,33.5,4.79,5.47,0,0,0,0,0,0,0.0,0.0,0.0,20.0,0.11,1,0,0.0,0.0,0
2678,2022-05-01,2022,5,1,121,17,0,0.5,-0.866025,0.0,0,0.0,0.0,24.9,0.0,33.5,33.5,4.79,5.47,0,0,0,0,0,0,0.0,0.0,0.0,21.0,0.11,1,0,0.0,0.0,0
2679,2022-05-02,2022,5,2,122,18,0,0.5,-0.866025,0.0,0,0.0,0.0,0.0,0.0,24.9,33.5,4.79,5.47,0,0,0,0,0,0,0.0,0.0,0.0,22.0,0.11,1,0,0.0,0.0,0
2680,2022-05-03,2022,5,3,123,18,0,0.5,-0.866025,0.0,0,0.0,0.0,0.0,0.0,0.0,33.5,4.79,5.47,0,0,0,0,0,0,0.0,0.0,0.0,23.0,0.11,1,0,0.0,0.0,0
2681,2022-05-04,2022,5,4,124,18,0,0.5,-0.866025,0.0,0,0.0,0.0,0.0,0.0,0.0,24.9,3.56,5.47,0,0,0,0,0,0,0.0,0.0,0.0,24.0,0.09,1,0,0.0,0.0,0
2682,2022-05-05,2022,5,5,125,18,0,0.5,-0.866025,0.0,0,0.0,0.0,0.0,0.0,0.0,0.0,0.0,5.47,0,0,0,0,0,0,0.0,0.0,0.0,25.0,0.05,1,0,0.0,0.0,0
2683,2022-05-06,2022,5,6,126,18,0,0.5,-0.866025,4.8,2,0.0,0.0,0.0,4.8,4.8,4.8,0.69,5.1,0,0,1,0,0,0,0.0,0.0,0.0,26.0,0.06,1,0,0.0,0.0,0
2684,2022-05-07,2022,5,7,127,18,0,0.5,-0.866025,18.1,3,4.8,0.0,0.0,22.9,22.9,22.9,3.27,5.71,0,0,2,0,0,0,0.0,0.0,0.0,27.0,0.14,1,0,0.0,0.0,0
2685,2022-05-08,2022,5,8,128,18,0,0.5,-0.866025,19.0,3,18.1,4.8,0.0,41.9,41.9,41.9,5.99,6.34,0,0,3,0,0,0,0.0,0.0,0.0,28.0,0.47,1,0,0.0,0.0,0
2686,2022-05-09,2022,5,9,129,19,0,0.5,-0.866025,0.0,0,19.0,18.1,4.8,37.1,41.9,41.9,5.99,6.34,0,0,0,0,0,0,0.0,0.0,0.0,29.0,0.12,1,0,0.0,0.0,0
2687,2022-05-10,2022,5,10,130,19,0,0.5,-0.866025,0.0,0,0.0,19.0,18.1,19.0,41.9,41.9,5.99,6.34,0,0,0,0,0,0,0.0,0.0,0.0,0.0,0.12,1,1,0.4,9.0,1
2688,2022-05-11,2022,5,11,131,19,0,0.5,-0.866025,8.1,3,0.0,0.0,19.0,8.1,45.2,50.0,7.14,5.01,0,0,1,0,0,0,0.0,0.0,0.0,0.0,0.14,1,0,0.0,0.0,0
2689,2022-05-12,2022,5,12,132,19,0,0.5,-0.866025,31.7,3,8.1,0.0,0.0,39.8,58.8,81.7,11.67,4.86,0,0,2,0,0,0,0.0,0.0,0.0,0.0,0.24,1,0,0.0,0.0,0
2690,2022-05-13,2022,5,13,133,19,0,0.5,-0.866025,0.0,0,31.7,8.1,0.0,39.8,39.8,76.9,10.99,4.86,0,0,0,0,0,0,0.0,0.0,0.0,0.0,0.18,1,0,0.0,0.0,0
2691,2022-05-14,2022,5,14,134,19,0,0.5,-0.866025,0.0,0,0.0,31.7,8.1,31.7,39.8,58.8,8.4,4.71,0,0,0,0,0,0,0.0,0.0,0.0,0.0,0.15,1,0,0.0,0.0,0
2692,2022-05-15,2022,5,15,135,19,0,0.5,-0.866025,0.0,0,0.0,0.0,31.7,0.0,39.8,39.8,5.69,4.71,0,0,0,0,0,0,0.0,0.0,0.0,0.0,0.12,1,0,0.0,0.0,0
2693,2022-05-16,2022,5,16,136,20,0,0.5,-0.866025,14.9,3,0.0,0.0,0.0,14.9,46.6,54.7,7.81,5.21,0,0,1,0,0,0,0.0,0.0,0.0,0.0,0.14,1,0,0.0,0.0,0
2694,2022-05-17,2022,5,17,137,20,0,0.5,-0.866025,20.6,3,14.9,0.0,0.0,35.5,35.5,75.3,10.76,5.9,0,0,2,0,0,0,0.0,0.0,0.0,0.0,0.23,1,0,0.0,0.0,0
2695,2022-05-18,2022,5,18,138,20,0,0.5,-0.866025,29.3,3,20.6,14.9,0.0,64.8,64.8,96.5,13.79,6.0,0,0,3,0,0,0,0.0,0.0,0.0,0.0,0.57,1,0,0.0,0.0,0
2696,2022-05-19,2022,5,19,139,20,0,0.5,-0.866025,0.0,0,29.3,20.6,14.9,49.9,64.8,64.8,9.26,6.0,0,0,0,0,0,0,0.0,0.0,0.0,0.0,0.16,1,0,0.0,0.0,0
2697,2022-05-20,2022,5,20,140,20,0,0.5,-0.866025,0.0,0,0.0,29.3,20.6,29.3,64.8,64.8,9.26,6.0,0,0,0,0,0,0,0.0,0.0,0.0,0.0,0.16,1,0,0.0,0.0,0
2698,2022-05-21,2022,5,21,141,20,0,0.5,-0.866025,0.0,0,0.0,0.0,29.3,0.0,49.9,64.8,9.26,6.0,0,0,0,0,0,0,0.0,0.0,0.0,0.0,0.16,1,0,0.0,0.0,0
2699,2022-05-22,2022,5,22,142,20,0,0.5,-0.866025,33.7,3,0.0,0.0,0.0,33.7,63.0,98.5,14.07,7.12,0,0,1,0,0,0,0.0,0.0,0.0,0.0,0.22,1,0,0.0,0.0,0
2700,2022-05-23,2022,5,23,143,21,0,0.5,-0.866025,0.0,0,33.7,0.0,0.0,33.7,33.7,83.6,11.94,7.12,0,0,0,0,0,0,0.0,0.0,0.0,0.0,0.19,1,0,0.0,0.0,0
2701,2022-05-24,2022,5,24,144,21,0,0.5,-0.866025,0.0,0,0.0,33.7,0.0,33.7,33.7,63.0,9.0,7.12,0,0,0,0,0,0,0.0,0.0,0.0,0.0,0.16,1,0,0.0,0.0,0
2702,2022-05-25,2022,5,25,145,21,0,0.5,-0.866025,0.0,0,0.0,0.0,33.7,0.0,33.7,33.7,4.81,7.12,0,0,0,0,0,0,0.0,0.0,0.0,0.0,0.11,1,0,0.0,0.0,0
2703,2022-05-26,2022,5,26,146,21,0,0.5,-0.866025,0.0,0,0.0,0.0,0.0,0.0,33.7,33.7,4.81,7.12,0,0,0,0,0,0,0.0,0.0,0.0,0.0,0.11,1,0,0.0,0.0,0
2704,2022-05-27,2022,5,27,147,21,0,0.5,-0.866025,0.0,0,0.0,0.0,0.0,0.0,0.0,33.7,4.81,6.84,0,0,0,0,0,0,0.0,0.0,0.0,0.0,0.11,1,0,0.0,0.0,0
2705,2022-05-28,2022,5,28,148,21,0,0.5,-0.866025,0.0,0,0.0,0.0,0.0,0.0,0.0,33.7,4.81,6.01,0,0,0,0,0,0,0.0,0.0,0.0,0.0,0.11,1,0,0.0,0.0,0
2706,2022-05-29,2022,5,29,149,21,0,0.5,-0.866025,0.0,0,0.0,0.0,0.0,0.0,0.0,0.0,0.0,6.01,0,0,0,0,0,0,0.0,0.0,0.0,0.0,0.05,1,0,0.0,0.0,0
2707,2022-05-30,2022,5,30,150,22,0,0.5,-0.866025,46.1,3,0.0,0.0,0.0,46.1,46.1,46.1,6.59,7.54,0,0,1,0,0,0,0.0,0.0,0.0,0.0,0.13,1,0,0.0,0.0,0
2708,2022-05-31,2022,5,31,151,22,0,0.5,-0.866025,0.0,0,46.1,0.0,0.0,46.1,46.1,46.1,6.59,7.54,0,0,0,0,0,0,0.0,0.0,0.0,0.0,0.13,1,0,0.0,0.0,0
2709,2022-06-01,2022,6,1,152,22,1,0.0,-1.0,34.3,3,0.0,46.1,0.0,80.4,80.4,80.4,11.49,8.69,0,0,1,0,0,0,0.0,0.0,0.0,0.0,0.19,1,0,0.0,0.0,0
2710,2022-06-02,2022,6,2,153,22,1,0.0,-1.0,4.0,2,34.3,0.0,46.1,38.3,84.4,84.4,12.06,8.82,0,0,2,0,0,0,0.0,0.0,0.0,0.0,0.24,1,0,0.0,0.0,0
2711,2022-06-03,2022,6,3,154,22,1,0.0,-1.0,68.4,4,4.0,34.3,0.0,106.7,152.8,152.8,21.83,11.1,1,0,3,0,0,0,0.0,0.0,0.0,0.0,0.66,1,1,0.6,17.0,2
2712,2022-06-04,2022,6,4,155,22,1,0.0,-1.0,0.0,0,68.4,4.0,34.3,72.4,106.7,152.8,21.83,11.1,0,0,0,0,0,0,0.0,0.0,0.0,0.0,0.31,1,0,0.0,0.0,0
2713,2022-06-05,2022,6,5,156,22,1,0.0,-1.0,0.0,0,0.0,68.4,4.0,68.4,106.7,152.8,21.83,10.94,0,0,0,0,0,0,0.0,0.0,0.0,0.0,0.31,1,0,0.0,0.0,0
2714,2022-06-06,2022,6,6,157,23,1,0.0,-1.0,28.2,3,0.0,0.0,68.4,28.2,100.6,134.9,19.27,11.28,0,0,1,0,0,0,0.0,0.0,0.0,0.0,0.28,1,0,0.0,0.0,0
2715,2022-06-07,2022,6,7,158,23,1,0.0,-1.0,58.0,4,28.2,0.0,0.0,86.2,154.6,192.9,27.56,12.58,1,0,2,0,0,0,0.0,0.0,0.0,0.0,0.43,1,1,0.5,11.0,1
2716,2022-06-08,2022,6,8,159,23,1,0.0,-1.0,26.9,3,58.0,28.2,0.0,113.1,113.1,185.5,26.5,13.47,0,0,3,0,0,0,0.0,0.0,0.0,0.0,0.72,1,0,0.0,0.0,0
2717,2022-06-09,2022,6,9,160,23,1,0.0,-1.0,82.7,4,26.9,58.0,28.2,167.6,195.8,264.2,37.74,16.23,1,0,4,0,0,0,0.0,0.0,0.0,0.0,0.85,1,1,1.4,36.0,3
2718,2022-06-10,2022,6,10,161,23,1,0.0,-1.0,0.0,0,82.7,26.9,58.0,109.6,195.8,195.8,27.97,15.96,0,0,0,0,0,0,0.0,0.0,0.0,0.0,0.39,1,0,0.0,0.0,0
2719,2022-06-11,2022,6,11,162,23,1,0.0,-1.0,74.1,4,0.0,82.7,26.9,156.8,241.7,269.9,38.56,17.37,1,0,1,0,0,0,0.0,0.0,0.0,0.0,0.51,1,0,0.0,0.0,0
2720,2022-06-12,2022,6,12,163,23,1,0.0,-1.0,18.0,3,74.1,0.0,82.7,92.1,201.7,287.9,41.13,17.97,0,0,2,0,0,0,0.0,0.0,0.0,0.0,0.59,1,0,0.0,0.0,0
2721,2022-06-13,2022,6,13,164,24,1,0.0,-1.0,0.0,0,18.0,74.1,0.0,92.1,174.8,259.7,37.1,17.97,0,0,0,0,0,0,0.0,0.0,0.0,0.0,0.5,1,0,0.0,0.0,0
2722,2022-06-14,2022,6,14,165,24,1,0.0,-1.0,0.0,0,0.0,18.0,74.1,18.0,92.1,201.7,28.81,17.97,0,0,0,0,0,0,0.0,0.0,0.0,0.0,0.4,1,0,0.0,0.0,0
2723,2022-06-15,2022,6,15,166,24,1,0.0,-1.0,52.2,4,0.0,0.0,18.0,52.2,144.3,227.0,32.43,19.22,1,0,1,0,0,0,0.0,0.0,0.0,0.0,0.44,1,0,0.0,0.0,0
2724,2022-06-16,2022,6,16,167,24,1,0.0,-1.0,43.1,3,52.2,0.0,0.0,95.3,113.3,187.4,26.77,19.97,0,0,2,0,0,0,0.0,0.0,0.0,0.0,0.42,1,0,0.0,0.0,0
2725,2022-06-17,2022,6,17,168,24,1,0.0,-1.0,63.3,4,43.1,52.2,0.0,158.6,158.6,250.7,35.81,21.1,1,0,3,0,0,0,0.0,0.0,0.0,0.0,0.83,1,1,1.4,21.0,3
2726,2022-06-18,2022,6,18,169,24,1,0.0,-1.0,0.0,0,63.3,43.1,52.2,106.4,158.6,176.6,25.23,21.1,0,0,0,0,0,0,0.0,0.0,0.0,0.0,0.35,1,1,0.3,9.0,1
2727,2022-06-19,2022,6,19,170,24,1,0.0,-1.0,44.2,3,0.0,63.3,43.1,107.5,202.8,202.8,28.97,22.57,0,0,1,0,0,0,0.0,0.0,0.0,0.0,0.4,1,0,0.0,0.0,0
2728,2022-06-20,2022,6,20,171,25,1,0.0,-1.0,0.0,0,44.2,0.0,63.3,44.2,150.6,202.8,28.97,22.57,0,0,0,0,0,0,0.0,0.0,0.0,0.0,0.4,1,0,0.0,0.0,0
2729,2022-06-21,2022,6,21,172,25,1,0.0,-1.0,54.6,4,0.0,44.2,0.0,98.8,162.1,257.4,36.77,23.27,1,0,1,0,0,0,0.0,0.0,0.0,0.0,0.49,1,0,0.0,0.0,0
2730,2022-06-22,2022,6,22,173,25,1,0.0,-1.0,0.0,0,54.6,0.0,44.2,54.6,98.8,205.2,29.31,23.27,0,0,0,0,0,0,0.0,0.0,0.0,0.0,0.4,1,0,0.0,0.0,0
2731,2022-06-23,2022,6,23,174,25,1,0.0,-1.0,0.0,0,0.0,54.6,0.0,54.6,98.8,162.1,23.16,23.27,0,0,0,0,0,0,0.0,0.0,0.0,0.0,0.33,1,0,0.0,0.0,0
2732,2022-06-24,2022,6,24,175,25,1,0.0,-1.0,0.0,0,0.0,0.0,54.6,0.0,54.6,98.8,14.11,23.27,0,0,0,0,0,0,0.0,0.0,0.0,0.0,0.22,1,0,0.0,0.0,0
2733,2022-06-25,2022,6,25,176,25,1,0.0,-1.0,0.0,0,0.0,0.0,0.0,0.0,54.6,98.8,14.11,23.27,0,0,0,0,0,0,0.0,0.0,0.0,0.0,0.22,1,1,0.2,3.0,1
2734,2022-06-26,2022,6,26,177,25,1,0.0,-1.0,0.0,0,0.0,0.0,0.0,0.0,0.0,54.6,7.8,23.27,0,0,0,0,0,0,0.0,0.0,0.0,0.0,0.14,1,0,0.0,0.0,0
2735,2022-06-27,2022,6,27,178,26,1,0.0,-1.0,0.0,0,0.0,0.0,0.0,0.0,0.0,54.6,7.8,23.27,0,0,0,0,0,0,0.0,0.0,0.0,0.0,0.14,1,0,0.0,0.0,0
2736,2022-06-28,2022,6,28,179,26,1,0.0,-1.0,0.0,0,0.0,0.0,0.0,0.0,0.0,0.0,0.0,23.27,0,0,0,0,0,0,0.0,0.0,0.0,0.0,0.05,1,0,0.0,0.0,0
2737,2022-06-29,2022,6,29,180,26,1,0.0,-1.0,17.5,3,0.0,0.0,0.0,17.5,17.5,17.5,2.5,22.32,0,0,1,0,0,0,0.0,0.0,0.0,0.0,0.08,1,0,0.0,0.0,0
2738,2022-06-30,2022,6,30,181,26,1,0.0,-1.0,0.0,0,17.5,0.0,0.0,17.5,17.5,17.5,2.5,22.32,0,0,0,0,0,0,0.0,0.0,0.0,0.0,0.08,1,0,0.0,0.0,0
2739,2022-07-01,2022,7,1,182,26,1,-0.5,-0.866025,63.7,4,0.0,17.5,0.0,81.2,81.2,81.2,11.6,23.3,1,0,1,0,0,0,0.0,0.0,0.0,0.0,0.19,1,0,0.0,0.0,0
2740,2022-07-02,2022,7,2,183,26,1,-0.5,-0.866025,0.0,0,63.7,0.0,17.5,63.7,81.2,81.2,11.6,23.16,0,0,0,0,0,0,0.0,0.0,0.0,0.0,0.19,1,0,0.0,0.0,0
2741,2022-07-03,2022,7,3,184,26,1,-0.5,-0.866025,95.1,4,0.0,63.7,0.0,158.8,176.3,176.3,25.19,24.05,1,0,1,0,0,0,0.0,0.0,0.0,0.0,0.35,1,0,0.0,0.0,0
2742,2022-07-04,2022,7,4,185,27,1,-0.5,-0.866025,38.0,3,95.1,0.0,63.7,133.1,196.8,214.3,30.61,25.32,0,0,2,0,0,0,0.0,0.0,0.0,0.0,0.47,1,0,0.0,0.0,0
2743,2022-07-05,2022,7,5,186,27,1,-0.5,-0.866025,100.1,4,38.0,95.1,0.0,233.2,296.9,314.4,44.91,28.66,1,1,3,0,0,0,0.0,0.0,0.0,0.0,0.94,1,1,1.3,21.0,3
2744,2022-07-06,2022,7,6,187,27,1,-0.5,-0.866025,0.0,0,100.1,38.0,95.1,138.1,233.2,296.9,42.41,27.72,0,0,0,0,0,0,0.0,0.0,0.0,0.0,0.56,1,0,0.0,0.0,0
2745,2022-07-07,2022,7,7,188,27,1,-0.5,-0.866025,0.0,0,0.0,100.1,38.0,100.1,233.2,296.9,42.41,25.78,0,0,0,0,0,0,0.0,0.0,0.0,0.0,0.56,1,0,0.0,0.0,0
2746,2022-07-08,2022,7,8,189,27,1,-0.5,-0.866025,55.2,4,0.0,0.0,100.1,55.2,193.3,288.4,41.2,26.73,1,0,1,0,0,0,0.0,0.0,30.0,200.0,0.65,1,1,0.3,6.0,1
2747,2022-07-09,2022,7,9,190,27,1,-0.5,-0.866025,0.0,0,55.2,0.0,0.0,55.2,155.3,288.4,41.2,23.97,0,0,0,0,0,0,0.0,0.0,0.0,0.0,0.54,1,0,0.0,0.0,0
2748,2022-07-10,2022,7,10,191,27,1,-0.5,-0.866025,0.0,0,0.0,55.2,0.0,55.2,55.2,193.3,27.61,23.97,0,0,0,0,0,0,0.0,0.0,0.0,0.0,0.38,1,0,0.0,0.0,0
2749,2022-07-11,2022,7,11,192,28,1,-0.5,-0.866025,0.0,0,0.0,0.0,55.2,0.0,55.2,155.3,22.19,21.5,0,0,0,0,0,0,0.0,0.0,0.0,0.0,0.32,1,0,0.0,0.0,0
2750,2022-07-12,2022,7,12,193,28,1,-0.5,-0.866025,32.8,3,0.0,0.0,0.0,32.8,88.0,88.0,12.57,21.99,0,0,1,0,0,0,0.0,0.0,0.0,0.0,0.2,1,0,0.0,0.0,0
2751,2022-07-13,2022,7,13,194,28,1,-0.5,-0.866025,50.4,4,32.8,0.0,0.0,83.2,83.2,138.4,19.77,23.67,1,0,2,0,0,0,0.0,0.0,0.0,0.0,0.34,1,0,0.0,0.0,0
2752,2022-07-14,2022,7,14,195,28,1,-0.5,-0.866025,33.7,3,50.4,32.8,0.0,116.9,116.9,172.1,24.59,24.8,0,0,3,0,0,0,0.0,0.0,0.0,0.0,0.7,1,0,0.0,0.0,0
2753,2022-07-15,2022,7,15,196,28,1,-0.5,-0.866025,0.0,0,33.7,50.4,32.8,84.1,116.9,116.9,16.7,23.06,0,0,0,0,0,0,0.0,0.0,0.0,0.0,0.25,1,0,0.0,0.0,0
2754,2022-07-16,2022,7,16,197,28,1,-0.5,-0.866025,0.0,0,0.0,33.7,50.4,33.7,116.9,116.9,16.7,21.62,0,0,0,0,0,0,0.0,0.0,0.0,0.0,0.25,1,0,0.0,0.0,0
2755,2022-07-17,2022,7,17,198,28,1,-0.5,-0.866025,0.0,0,0.0,0.0,33.7,0.0,84.1,116.9,16.7,19.51,0,0,0,0,0,0,0.0,0.0,0.0,0.0,0.25,1,0,0.0,0.0,0
2756,2022-07-18,2022,7,18,199,29,1,-0.5,-0.866025,0.0,0,0.0,0.0,0.0,0.0,33.7,116.9,16.7,19.51,0,0,0,0,0,0,0.0,0.0,0.0,0.0,0.25,1,0,0.0,0.0,0
2757,2022-07-19,2022,7,19,200,29,1,-0.5,-0.866025,0.0,0,0.0,0.0,0.0,0.0,0.0,84.1,12.01,18.04,0,0,0,0,0,0,0.0,0.0,0.0,0.0,0.19,1,0,0.0,0.0,0
2758,2022-07-20,2022,7,20,201,29,1,-0.5,-0.866025,0.0,0,0.0,0.0,0.0,0.0,0.0,33.7,4.81,18.04,0,0,0,0,0,0,0.0,0.0,0.0,0.0,0.11,1,0,0.0,0.0,0
2759,2022-07-21,2022,7,21,202,29,1,-0.5,-0.866025,31.4,3,0.0,0.0,0.0,31.4,31.4,31.4,4.49,17.26,0,0,1,0,0,0,0.0,0.0,0.0,0.0,0.1,1,0,0.0,0.0,0
2760,2022-07-22,2022,7,22,203,29,1,-0.5,-0.866025,0.0,0,31.4,0.0,0.0,31.4,31.4,31.4,4.49,17.26,0,0,0,0,0,0,0.0,0.0,0.0,0.0,0.1,1,0,0.0,0.0,0
2761,2022-07-23,2022,7,23,204,29,1,-0.5,-0.866025,0.0,0,0.0,31.4,0.0,31.4,31.4,31.4,4.49,17.26,0,0,0,0,0,0,0.0,0.0,0.0,0.0,0.1,1,0,0.0,0.0,0
2762,2022-07-24,2022,7,24,205,29,1,-0.5,-0.866025,61.8,4,0.0,0.0,31.4,61.8,93.2,93.2,13.31,19.32,1,0,1,0,0,0,0.0,0.0,0.0,0.0,0.21,1,0,0.0,0.0,0
2763,2022-07-25,2022,7,25,206,30,1,-0.5,-0.866025,49.7,3,61.8,0.0,0.0,111.5,142.9,142.9,20.41,20.98,0,0,2,0,0,0,0.0,0.0,0.0,0.0,0.34,1,0,0.0,0.0,0
2764,2022-07-26,2022,7,26,207,30,1,-0.5,-0.866025,0.0,0,49.7,61.8,0.0,111.5,111.5,142.9,20.41,20.98,0,0,0,0,0,0,0.0,0.0,0.0,0.0,0.29,1,0,0.0,0.0,0
2765,2022-07-27,2022,7,27,208,30,1,-0.5,-0.866025,0.0,0,0.0,49.7,61.8,49.7,111.5,142.9,20.41,20.98,0,0,0,0,0,0,0.0,0.0,0.0,0.0,0.29,1,0,0.0,0.0,0
2766,2022-07-28,2022,7,28,209,30,1,-0.5,-0.866025,0.0,0,0.0,0.0,49.7,0.0,111.5,111.5,15.93,20.98,0,0,0,0,0,0,0.0,0.0,0.0,0.0,0.24,1,0,0.0,0.0,0
2767,2022-07-29,2022,7,29,210,30,1,-0.5,-0.866025,0.0,0,0.0,0.0,0.0,0.0,49.7,111.5,15.93,20.4,0,0,0,0,0,0,0.0,0.0,0.0,0.0,0.24,1,0,0.0,0.0,0
2768,2022-07-30,2022,7,30,211,30,1,-0.5,-0.866025,0.0,0,0.0,0.0,0.0,0.0,0.0,111.5,15.93,20.4,0,0,0,0,0,0,0.0,0.0,0.0,0.0,0.24,1,1,0.5,12.0,1
2769,2022-07-31,2022,7,31,212,30,1,-0.5,-0.866025,14.4,3,0.0,0.0,0.0,14.4,14.4,64.1,9.16,18.75,0,0,1,0,0,0,0.0,0.0,0.0,0.0,0.16,1,0,0.0,0.0,0
2770,2022-08-01,2022,8,1,213,31,1,-0.866025,-0.5,0.0,0,14.4,0.0,0.0,14.4,14.4,14.4,2.06,18.75,0,0,0,0,0,0,0.0,0.0,0.0,0.0,0.07,1,0,0.0,0.0,0
2771,2022-08-02,2022,8,2,214,31,1,-0.866025,-0.5,35.2,3,0.0,14.4,0.0,49.6,49.6,49.6,7.09,16.76,0,0,1,0,0,0,0.0,0.0,0.0,0.0,0.14,1,0,0.0,0.0,0
2772,2022-08-03,2022,8,3,215,31,1,-0.866025,-0.5,0.0,0,35.2,0.0,14.4,35.2,49.6,49.6,7.09,15.49,0,0,0,0,0,0,0.0,0.0,0.0,0.0,0.14,1,0,0.0,0.0,0
2773,2022-08-04,2022,8,4,216,31,1,-0.866025,-0.5,0.0,0,0.0,35.2,0.0,35.2,49.6,49.6,7.09,12.15,0,0,0,0,0,0,0.0,0.0,0.0,0.0,0.14,1,0,0.0,0.0,0
2774,2022-08-05,2022,8,5,217,31,1,-0.866025,-0.5,81.0,4,0.0,0.0,35.2,81.0,116.2,130.6,18.66,14.85,1,0,1,0,0,0,0.0,0.0,0.0,0.0,0.27,1,0,0.0,0.0,0
2775,2022-08-06,2022,8,6,218,31,1,-0.866025,-0.5,0.0,0,81.0,0.0,0.0,81.0,116.2,130.6,18.66,14.85,0,0,0,0,0,0,0.0,0.0,0.0,0.0,0.27,1,0,0.0,0.0,0
2776,2022-08-07,2022,8,7,219,31,1,-0.866025,-0.5,60.7,4,0.0,81.0,0.0,141.7,141.7,176.9,25.27,15.04,1,0,1,0,0,0,0.0,0.0,0.0,0.0,0.35,1,1,0.5,7.0,1
2777,2022-08-08,2022,8,8,220,32,1,-0.866025,-0.5,0.0,0,60.7,0.0,81.0,60.7,141.7,176.9,25.27,15.04,0,0,0,0,0,0,0.0,0.0,0.0,0.0,0.35,1,0,0.0,0.0,0
2778,2022-08-09,2022,8,9,221,32,1,-0.866025,-0.5,14.1,3,0.0,60.7,0.0,74.8,155.8,155.8,22.26,15.51,0,0,1,0,0,0,0.0,0.0,0.0,0.0,0.32,1,0,0.0,0.0,0
2779,2022-08-10,2022,8,10,222,32,1,-0.866025,-0.5,2.3,1,14.1,0.0,60.7,16.4,77.1,158.1,22.59,15.58,0,0,2,0,0,0,0.0,0.0,0.0,0.0,0.37,1,0,0.0,0.0,0
2780,2022-08-11,2022,8,11,223,32,1,-0.866025,-0.5,33.2,3,2.3,14.1,0.0,49.6,110.3,191.3,27.33,15.6,0,0,3,0,0,0,0.0,0.0,0.0,0.0,0.73,1,0,0.0,0.0,0
2781,2022-08-12,2022,8,12,224,32,1,-0.866025,-0.5,0.0,0,33.2,2.3,14.1,35.5,49.6,110.3,15.76,13.92,0,0,0,0,0,0,0.0,0.0,0.0,0.0,0.24,1,0,0.0,0.0,0
2782,2022-08-13,2022,8,13,225,32,1,-0.866025,-0.5,0.0,0,0.0,33.2,2.3,33.2,49.6,110.3,15.76,12.79,0,0,0,0,0,0,0.0,0.0,0.0,0.0,0.24,1,0,0.0,0.0,0
2783,2022-08-14,2022,8,14,226,32,1,-0.866025,-0.5,13.1,3,0.0,0.0,33.2,13.1,48.6,62.7,8.96,13.23,0,0,1,0,0,0,0.0,0.0,0.0,0.0,0.16,1,0,0.0,0.0,0
2784,2022-08-15,2022,8,15,227,33,1,-0.866025,-0.5,0.0,0,13.1,0.0,0.0,13.1,46.3,62.7,8.96,13.23,0,0,0,0,0,0,0.0,0.0,0.0,0.0,0.16,1,0,0.0,0.0,0
2785,2022-08-16,2022,8,16,228,33,1,-0.866025,-0.5,0.0,0,0.0,13.1,0.0,13.1,13.1,48.6,6.94,13.23,0,0,0,0,0,0,0.0,0.0,0.0,0.0,0.13,1,0,0.0,0.0,0
2786,2022-08-17,2022,8,17,229,33,1,-0.866025,-0.5,126.4,4,0.0,0.0,13.1,126.4,139.5,172.7,24.67,17.44,1,1,1,0,0,0,0.0,0.0,0.0,0.0,0.35,1,0,0.0,0.0,0
2787,2022-08-18,2022,8,18,230,33,1,-0.866025,-0.5,0.0,0,126.4,0.0,0.0,126.4,139.5,139.5,19.93,17.44,0,0,0,0,0,0,0.0,0.0,0.0,0.0,0.29,1,0,0.0,0.0,0
2788,2022-08-19,2022,8,19,231,33,1,-0.866025,-0.5,39.6,3,0.0,126.4,0.0,166.0,166.0,179.1,25.59,18.76,0,0,1,0,0,0,0.0,0.0,0.0,0.0,0.36,1,1,0.5,4.0,1
2789,2022-08-20,2022,8,20,232,33,1,-0.866025,-0.5,0.0,0,39.6,0.0,126.4,39.6,166.0,179.1,25.59,17.72,0,0,0,0,0,0,0.0,0.0,0.0,0.0,0.36,1,0,0.0,0.0,0
2790,2022-08-21,2022,8,21,233,33,1,-0.866025,-0.5,0.0,0,0.0,39.6,0.0,39.6,166.0,166.0,23.71,17.72,0,0,0,0,0,0,0.0,0.0,0.0,0.0,0.33,1,0,0.0,0.0,0
2791,2022-08-22,2022,8,22,234,34,1,-0.866025,-0.5,6.5,2,0.0,0.0,39.6,6.5,46.1,172.5,24.64,17.93,0,0,1,0,0,0,0.0,0.0,0.0,0.0,0.35,1,0,0.0,0.0,0
2792,2022-08-23,2022,8,23,235,34,1,-0.866025,-0.5,47.6,3,6.5,0.0,0.0,54.1,93.7,220.1,31.44,17.46,0,0,2,0,0,0,0.0,0.0,0.0,0.0,0.48,1,0,0.0,0.0,0
2793,2022-08-24,2022,8,24,236,34,1,-0.866025,-0.5,0.0,0,47.6,6.5,0.0,54.1,54.1,93.7,13.39,15.8,0,0,0,0,0,0,0.0,0.0,0.0,0.0,0.21,1,0,0.0,0.0,0
2794,2022-08-25,2022,8,25,237,34,1,-0.866025,-0.5,0.0,0,0.0,47.6,6.5,47.6,54.1,93.7,13.39,15.8,0,0,0,0,0,0,0.0,0.0,0.0,0.0,0.21,1,0,0.0,0.0,0
2795,2022-08-26,2022,8,26,238,34,1,-0.866025,-0.5,0.0,0,0.0,0.0,47.6,0.0,54.1,54.1,7.73,15.8,0,0,0,0,0,0,0.0,0.0,0.0,0.0,0.14,1,0,0.0,0.0,0
2796,2022-08-27,2022,8,27,239,34,1,-0.866025,-0.5,32.9,3,0.0,0.0,0.0,32.9,80.5,87.0,12.43,16.9,0,0,1,0,0,0,0.0,0.0,0.0,0.0,0.2,1,1,0.4,6.0,1
2797,2022-08-28,2022,8,28,240,34,1,-0.866025,-0.5,28.1,3,32.9,0.0,0.0,61.0,61.0,115.1,16.44,17.84,0,0,2,0,0,0,0.0,0.0,0.0,0.0,0.3,1,0,0.0,0.0,0
2798,2022-08-29,2022,8,29,241,35,1,-0.866025,-0.5,65.6,4,28.1,32.9,0.0,126.6,126.6,174.2,24.89,20.02,1,0,3,0,0,0,0.0,0.0,0.0,0.0,0.7,1,0,0.0,0.0,0
2799,2022-08-30,2022,8,30,242,35,1,-0.866025,-0.5,72.1,4,65.6,28.1,32.9,165.8,198.7,198.7,28.39,21.95,1,0,4,0,0,0,0.0,0.0,0.0,0.0,0.74,1,1,0.7,6.0,2
2800,2022-08-31,2022,8,31,243,35,1,-0.866025,-0.5,14.1,3,72.1,65.6,28.1,151.8,212.8,212.8,30.4,22.42,0,0,5,0,0,0,0.0,0.0,0.0,0.0,0.76,1,0,0.0,0.0,0
2801,2022-09-01,2022,9,1,244,35,1,-1.0,-0.0,0.0,0,14.1,72.1,65.6,86.2,179.9,212.8,30.4,21.24,0,0,0,0,0,0,0.0,0.0,0.0,0.0,0.41,1,1,0.5,9.0,1
2802,2022-09-02,2022,9,2,245,35,1,-1.0,-0.0,0.0,0,0.0,14.1,72.1,14.1,151.8,212.8,30.4,21.24,0,0,0,0,0,0,0.0,0.0,0.0,0.0,0.41,1,0,0.0,0.0,0
2803,2022-09-03,2022,9,3,246,35,1,-1.0,-0.0,13.2,3,0.0,0.0,14.1,13.2,99.4,193.1,27.59,21.68,0,0,1,0,0,0,0.0,0.0,0.0,0.0,0.38,1,0,0.0,0.0,0
2804,2022-09-04,2022,9,4,247,35,1,-1.0,-0.0,28.2,3,13.2,0.0,0.0,41.4,55.5,193.2,27.6,19.92,0,0,2,0,0,0,0.0,0.0,0.0,0.0,0.43,1,0,0.0,0.0,0
2805,2022-09-05,2022,9,5,248,36,1,-1.0,-0.0,0.0,0,28.2,13.2,0.0,41.4,41.4,127.6,18.23,19.92,0,0,0,0,0,0,0.0,0.0,0.0,0.0,0.27,1,0,0.0,0.0,0
2806,2022-09-06,2022,9,6,249,36,1,-1.0,-0.0,0.0,0,0.0,28.2,13.2,28.2,41.4,55.5,7.93,17.9,0,0,0,0,0,0,0.0,0.0,0.0,0.0,0.15,1,0,0.0,0.0,0
2807,2022-09-07,2022,9,7,250,36,1,-1.0,-0.0,110.3,4,0.0,0.0,28.2,110.3,151.7,151.7,21.67,21.58,1,1,1,0,0,0,0.0,0.0,0.0,0.0,0.31,1,1,0.7,20.0,2
2808,2022-09-08,2022,9,8,251,36,1,-1.0,-0.0,124.2,4,110.3,0.0,0.0,234.5,262.7,275.9,39.41,25.25,1,1,2,0,0,0,0.0,0.0,0.0,0.0,0.57,1,0,0.0,0.0,0
2809,2022-09-09,2022,9,9,252,36,1,-1.0,-0.0,0.0,0,124.2,110.3,0.0,234.5,234.5,275.9,39.41,25.17,0,0,0,0,0,0,0.0,0.0,0.0,0.0,0.52,1,0,0.0,0.0,0
2810,2022-09-10,2022,9,10,253,36,1,-1.0,-0.0,0.0,0,0.0,124.2,110.3,124.2,234.5,262.7,37.53,24.06,0,0,0,0,0,0,0.0,0.0,0.0,0.0,0.5,1,0,0.0,0.0,0
2811,2022-09-11,2022,9,11,254,36,1,-1.0,-0.0,29.5,3,0.0,0.0,124.2,29.5,264.0,264.0,37.71,25.05,0,0,1,0,0,0,0.0,0.0,0.0,0.0,0.5,1,0,0.0,0.0,0
2812,2022-09-12,2022,9,12,255,37,1,-1.0,-0.0,70.8,4,29.5,0.0,0.0,100.3,224.5,334.8,47.83,27.41,1,0,2,0,0,0,0.0,0.0,0.0,0.0,0.67,1,1,0.4,8.0,2
2813,2022-09-13,2022,9,13,256,37,1,-1.0,-0.0,57.6,4,70.8,29.5,0.0,157.9,157.9,392.4,56.06,28.89,1,0,3,0,0,0,0.0,0.0,0.0,0.0,1.0,1,1,1.4,30.0,3
2814,2022-09-14,2022,9,14,257,37,1,-1.0,-0.0,0.0,0,57.6,70.8,29.5,128.4,157.9,282.1,40.3,28.89,0,0,0,0,0,0,0.0,0.0,0.0,0.0,0.53,1,0,0.0,0.0,0
2815,2022-09-15,2022,9,15,258,37,1,-1.0,-0.0,195.9,4,0.0,57.6,70.8,253.5,353.8,353.8,50.54,35.42,1,1,1,0,0,0,0.0,0.0,9.0,0.0,0.66,1,1,0.9,38.0,3
2816,2022-09-16,2022,9,16,259,37,1,-1.0,-0.0,0.0,0,195.9,0.0,57.6,195.9,324.3,353.8,50.54,31.21,0,0,0,0,0,0,0.0,0.0,8.0,0.0,0.66,1,0,0.0,0.0,0
2817,2022-09-17,2022,9,17,260,37,1,-1.0,-0.0,98.0,4,0.0,195.9,0.0,293.9,351.5,451.8,64.54,34.47,1,0,1,0,0,0,0.0,0.0,7.0,0.0,0.82,1,1,1.5,39.0,3
2818,2022-09-18,2022,9,18,261,37,1,-1.0,-0.0,35.6,3,98.0,0.0,195.9,133.6,329.5,457.9,65.41,34.34,0,0,2,0,0,0,0.0,0.0,6.0,0.0,0.88,1,1,0.9,10.0,2
2819,2022-09-19,2022,9,19,262,38,1,-1.0,-0.0,0.0,0,35.6,98.0,0.0,133.6,329.5,387.1,55.3,34.34,0,0,0,0,0,0,0.0,0.0,5.0,0.0,0.71,1,0,0.0,0.0,0
2820,2022-09-20,2022,9,20,263,38,1,-1.0,-0.0,0.0,0,0.0,35.6,98.0,35.6,133.6,329.5,47.07,34.34,0,0,0,0,0,0,0.0,0.0,4.0,0.0,0.61,1,0,0.0,0.0,0
2821,2022-09-21,2022,9,21,264,38,1,-1.0,-0.0,0.0,0,0.0,0.0,35.6,0.0,133.6,329.5,47.07,34.12,0,0,0,0,0,0,0.0,0.0,3.0,0.0,0.61,1,0,0.0,0.0,0
2822,2022-09-22,2022,9,22,265,38,1,-1.0,-0.0,0.0,0,0.0,0.0,0.0,0.0,35.6,133.6,19.09,32.54,0,0,0,0,0,0,0.0,0.0,2.0,0.0,0.28,1,0,0.0,0.0,0
2823,2022-09-23,2022,9,23,266,38,1,-1.0,-0.0,0.0,0,0.0,0.0,0.0,0.0,0.0,133.6,19.09,32.54,0,0,0,0,0,0,0.0,0.0,1.0,0.0,0.28,1,0,0.0,0.0,0
2824,2022-09-24,2022,9,24,267,38,1,-1.0,-0.0,104.3,4,0.0,0.0,0.0,104.3,104.3,139.9,19.99,36.01,1,1,1,1,2,Karding,3.0,185.0,0.0,0.0,0.29,1,0,0.0,0.0,0
2825,2022-09-25,2022,9,25,268,38,1,-1.0,-0.0,95.2,4,104.3,0.0,0.0,199.5,199.5,199.5,28.5,39.19,1,0,2,1,1,Karding,2.0,185.0,0.0,365.0,0.81,1,1,0.7,18.0,2
2826,2022-09-26,2022,9,26,269,39,1,-1.0,-0.0,55.8,4,95.2,104.3,0.0,255.3,255.3,255.3,36.47,39.95,1,0,3,1,1,Karding,2.0,185.0,0.0,1.0,0.72,1,0,0.0,0.0,0
2827,2022-09-27,2022,9,27,270,39,1,-1.0,-0.0,8.4,3,55.8,95.2,104.3,159.4,263.7,263.7,37.67,39.29,0,0,4,1,2,Karding,3.0,185.0,0.0,3.0,0.85,1,1,1.4,19.0,3
2828,2022-09-28,2022,9,28,271,39,1,-1.0,-0.0,0.0,0,8.4,55.8,95.2,64.2,263.7,263.7,37.67,37.11,0,0,0,0,0,0,0.0,0.0,0.0,4.0,0.5,1,0,0.0,0.0,0
2829,2022-09-29,2022,9,29,272,39,1,-1.0,-0.0,0.0,0,0.0,8.4,55.8,8.4,159.4,263.7,37.67,34.7,0,0,0,0,0,0,0.0,0.0,0.0,5.0,0.5,1,0,0.0,0.0,0
2830,2022-09-30,2022,9,30,273,39,1,-1.0,-0.0,9.7,3,0.0,0.0,8.4,9.7,73.9,273.4,39.06,34.56,0,0,1,0,0,0,0.0,0.0,0.0,6.0,0.52,1,0,0.0,0.0,0
2831,2022-10-01,2022,10,1,274,39,1,-0.866025,0.5,0.0,0,9.7,0.0,0.0,9.7,18.1,169.1,24.16,34.56,0,0,0,0,0,0,0.0,0.0,0.0,7.0,0.34,1,0,0.0,0.0,0
2832,2022-10-02,2022,10,2,275,39,1,-0.866025,0.5,0.0,0,0.0,9.7,0.0,9.7,9.7,73.9,10.56,34.56,0,0,0,0,0,0,0.0,0.0,0.0,8.0,0.18,1,0,0.0,0.0,0
2833,2022-10-03,2022,10,3,276,40,1,-0.866025,0.5,149.2,4,0.0,0.0,9.7,149.2,158.9,167.3,23.9,39.09,1,1,1,0,0,0,0.0,0.0,0.0,9.0,0.34,1,0,0.0,0.0,0
2834,2022-10-04,2022,10,4,277,40,1,-0.866025,0.5,100.9,4,149.2,0.0,0.0,250.1,259.8,259.8,37.11,41.51,1,1,2,0,0,0,0.0,0.0,0.0,10.0,0.55,1,1,0.9,13.0,2
2835,2022-10-05,2022,10,5,278,40,1,-0.866025,0.5,47.5,3,100.9,149.2,0.0,297.6,297.6,307.3,43.9,43.1,0,0,3,0,0,0,0.0,0.0,0.0,11.0,0.93,1,0,0.0,0.0,0
2836,2022-10-06,2022,10,6,279,40,1,-0.866025,0.5,136.8,4,47.5,100.9,149.2,285.2,434.4,444.1,63.44,47.66,1,1,4,0,0,0,0.0,0.0,0.0,12.0,1.0,1,1,1.3,17.0,3
2837,2022-10-07,2022,10,7,280,40,1,-0.866025,0.5,52.6,4,136.8,47.5,100.9,236.9,487.0,487.0,69.57,45.73,1,0,5,0,0,0,0.0,0.0,0.0,13.0,1.0,1,1,1.3,17.0,3
2838,2022-10-08,2022,10,8,281,40,1,-0.866025,0.5,0.0,0,52.6,136.8,47.5,189.4,337.8,487.0,69.57,41.59,0,0,0,0,0,0,0.0,0.0,0.0,14.0,0.88,1,0,0.0,0.0,0
2839,2022-10-09,2022,10,9,282,40,1,-0.866025,0.5,139.4,4,0.0,52.6,136.8,192.0,376.3,626.4,89.49,46.24,1,1,1,0,0,0,0.0,0.0,0.0,15.0,1.0,1,1,1.0,18.0,3
2840,2022-10-10,2022,10,10,283,41,1,-0.866025,0.5,80.3,4,139.4,0.0,52.6,219.7,409.1,557.5,79.64,48.92,1,0,2,0,0,0,0.0,0.0,0.0,16.0,1.0,1,1,1.0,22.0,3
2841,2022-10-11,2022,10,11,284,41,1,-0.866025,0.5,0.0,0,80.3,139.4,0.0,219.7,272.3,456.6,65.23,47.93,0,0,0,0,0,0,0.0,0.0,0.0,17.0,0.83,1,1,0.6,14.0,2
2842,2022-10-12,2022,10,12,285,41,1,-0.866025,0.5,36.6,3,0.0,80.3,139.4,116.9,256.3,445.7,63.67,46.79,0,0,1,0,0,0,0.0,0.0,0.0,18.0,0.81,1,1,0.6,7.0,2
2843,2022-10-13,2022,10,13,286,41,1,-0.866025,0.5,0.0,0,36.6,0.0,80.3,36.6,256.3,308.9,44.13,44.87,0,0,0,0,0,0,0.0,0.0,0.0,19.0,0.58,1,0,0.0,0.0,0
2844,2022-10-14,2022,10,14,287,41,1,-0.866025,0.5,0.0,0,0.0,36.6,0.0,36.6,116.9,256.3,36.61,44.87,0,0,0,0,0,0,0.0,0.0,0.0,20.0,0.49,1,0,0.0,0.0,0
2845,2022-10-15,2022,10,15,288,41,1,-0.866025,0.5,103.6,4,0.0,0.0,36.6,103.6,140.2,359.9,51.41,41.8,1,1,1,0,0,0,0.0,0.0,0.0,21.0,0.67,1,1,0.9,19.0,2
2846,2022-10-16,2022,10,16,289,41,1,-0.866025,0.5,0.0,0,103.6,0.0,0.0,103.6,140.2,220.5,31.5,41.8,0,0,0,0,0,0,0.0,0.0,0.0,22.0,0.43,1,0,0.0,0.0,0
2847,2022-10-17,2022,10,17,290,42,1,-0.866025,0.5,162.6,4,0.0,103.6,0.0,266.2,266.2,302.8,43.26,43.95,1,1,1,0,0,0,0.0,0.0,0.0,23.0,0.57,1,1,0.4,10.0,2
2848,2022-10-18,2022,10,18,291,42,1,-0.866025,0.5,0.0,0,162.6,0.0,103.6,162.6,266.2,302.8,43.26,42.76,0,0,0,0,0,0,0.0,0.0,0.0,24.0,0.57,1,1,0.3,6.0,1
2849,2022-10-19,2022,10,19,292,42,1,-0.866025,0.5,81.8,4,0.0,162.6,0.0,244.4,348.0,348.0,49.71,45.49,1,0,1,0,0,0,0.0,0.0,9.0,0.0,0.65,1,1,0.5,9.0,2
2850,2022-10-20,2022,10,20,293,42,1,-0.866025,0.5,9.0,3,81.8,0.0,162.6,90.8,253.4,357.0,51.0,45.79,0,0,2,0,0,0,0.0,0.0,8.0,0.0,0.71,1,0,0.0,0.0,0
2851,2022-10-21,2022,10,21,294,42,1,-0.866025,0.5,18.8,3,9.0,81.8,0.0,109.6,272.2,375.8,53.69,46.42,0,0,3,0,0,0,0.0,0.0,7.0,0.0,1.0,1,1,0.3,11.0,1
2852,2022-10-22,2022,10,22,295,42,1,-0.866025,0.5,12.5,3,18.8,9.0,81.8,40.3,122.1,284.7,40.67,46.83,0,0,4,0,0,0,0.0,0.0,6.0,0.0,0.89,1,0,0.0,0.0,0
2853,2022-10-23,2022,10,23,296,42,1,-0.866025,0.5,0.0,0,12.5,18.8,9.0,31.3,122.1,284.7,40.67,46.83,0,0,0,0,0,0,0.0,0.0,5.0,0.0,0.54,1,0,0.0,0.0,0
2854,2022-10-24,2022,10,24,297,43,1,-0.866025,0.5,0.0,0,0.0,12.5,18.8,12.5,40.3,122.1,17.44,43.36,0,0,0,0,0,0,0.0,0.0,4.0,0.0,0.26,1,0,0.0,0.0,0
2855,2022-10-25,2022,10,25,298,43,1,-0.866025,0.5,0.0,0,0.0,0.0,12.5,0.0,31.3,122.1,17.44,40.18,0,0,0,0,0,0,0.0,0.0,3.0,0.0,0.26,1,0,0.0,0.0,0
2856,2022-10-26,2022,10,26,299,43,1,-0.866025,0.5,50.9,4,0.0,0.0,0.0,50.9,63.4,91.2,13.03,40.02,1,0,1,0,0,0,0.0,0.0,2.0,0.0,0.21,1,0,0.0,0.0,0
2857,2022-10-27,2022,10,27,300,43,1,-0.866025,0.5,0.0,0,50.9,0.0,0.0,50.9,50.9,82.2,11.74,39.74,0,0,0,0,0,0,0.0,0.0,1.0,0.0,0.19,1,0,0.0,0.0,0
2858,2022-10-28,2022,10,28,301,43,1,-0.866025,0.5,0.0,0,0.0,50.9,0.0,50.9,50.9,63.4,9.06,39.74,0,0,0,1,3,Paeng,2.0,155.0,0.0,0.0,0.16,1,0,0.0,0.0,0
2859,2022-10-29,2022,10,29,302,43,1,-0.866025,0.5,110.0,4,0.0,0.0,50.9,110.0,160.9,160.9,22.99,43.41,1,1,1,1,2,Paeng,3.0,155.0,0.0,35.0,0.85,1,1,0.6,20.0,2
2860,2022-10-30,2022,10,30,303,43,1,-0.866025,0.5,48.2,3,110.0,0.0,0.0,158.2,209.1,209.1,29.87,44.69,0,0,2,0,0,Paeng,0.0,155.0,15.0,36.0,0.65,1,0,0.0,0.0,0
2861,2022-10-31,2022,10,31,304,44,1,-0.866025,0.5,224.8,4,48.2,110.0,0.0,383.0,383.0,433.9,61.99,52.18,1,1,3,1,3,Paeng,2.0,155.0,0.0,3.0,1.0,1,0,0.0,0.0,0
2862,2022-11-01,2022,11,1,305,44,1,-0.5,0.866025,0.0,0,224.8,48.2,110.0,273.0,383.0,433.9,61.99,52.18,0,0,0,0,0,0,0.0,0.0,0.0,4.0,0.79,1,0,0.0,0.0,0
2863,2022-11-02,2022,11,2,306,44,1,-0.5,0.866025,0.0,0,0.0,224.8,48.2,224.8,383.0,383.0,54.71,47.21,0,0,0,0,0,0,0.0,0.0,0.0,5.0,0.71,1,0,0.0,0.0,0
2864,2022-11-03,2022,11,3,307,44,1,-0.5,0.866025,32.7,3,0.0,0.0,224.8,32.7,305.7,415.7,59.39,44.94,0,0,1,0,0,0,0.0,0.0,0.0,6.0,0.76,1,0,0.0,0.0,0
2865,2022-11-04,2022,11,4,308,44,1,-0.5,0.866025,24.2,3,32.7,0.0,0.0,56.9,281.7,439.9,62.84,44.16,0,0,2,0,0,0,0.0,0.0,0.0,7.0,0.85,1,0,0.0,0.0,0
2866,2022-11-05,2022,11,5,309,44,1,-0.5,0.866025,0.0,0,24.2,32.7,0.0,56.9,56.9,329.9,47.13,39.6,0,0,0,0,0,0,0.0,0.0,0.0,8.0,0.62,1,0,0.0,0.0,0
2867,2022-11-06,2022,11,6,310,44,1,-0.5,0.866025,9.0,3,0.0,24.2,32.7,33.2,65.9,290.7,41.53,38.15,0,0,1,0,0,0,0.0,0.0,0.0,9.0,0.55,1,0,0.0,0.0,0
2868,2022-11-07,2022,11,7,311,45,1,-0.5,0.866025,69.0,4,9.0,0.0,24.2,78.0,134.9,134.9,19.27,40.45,1,0,2,0,0,0,0.0,0.0,0.0,10.0,0.33,1,0,0.0,0.0,0
2869,2022-11-08,2022,11,8,312,45,1,-0.5,0.866025,57.5,4,69.0,9.0,0.0,135.5,159.7,192.4,27.49,37.72,1,0,3,0,0,0,0.0,0.0,0.0,11.0,0.73,1,0,0.0,0.0,0
2870,2022-11-09,2022,11,9,313,45,1,-0.5,0.866025,0.0,0,57.5,69.0,9.0,126.5,135.5,192.4,27.49,35.04,0,0,0,0,0,0,0.0,0.0,0.0,12.0,0.38,1,0,0.0,0.0,0
2871,2022-11-10,2022,11,10,314,45,1,-0.5,0.866025,39.5,3,0.0,57.5,69.0,97.0,175.0,199.2,28.46,36.36,0,0,1,0,0,0,0.0,0.0,0.0,13.0,0.39,1,0,0.0,0.0,0
2872,2022-11-11,2022,11,11,315,45,1,-0.5,0.866025,0.0,0,39.5,0.0,57.5,39.5,166.0,175.0,25.0,35.14,0,0,0,0,0,0,0.0,0.0,0.0,14.0,0.35,1,0,0.0,0.0,0
2873,2022-11-12,2022,11,12,316,45,1,-0.5,0.866025,0.0,0,0.0,39.5,0.0,39.5,97.0,175.0,25.0,35.14,0,0,0,0,0,0,0.0,0.0,0.0,15.0,0.35,1,0,0.0,0.0,0
2874,2022-11-13,2022,11,13,317,45,1,-0.5,0.866025,68.8,4,0.0,0.0,39.5,68.8,108.3,234.8,33.54,37.43,1,0,1,0,0,0,0.0,0.0,0.0,16.0,0.45,1,0,0.0,0.0,0
2875,2022-11-14,2022,11,14,318,46,1,-0.5,0.866025,0.0,0,68.8,0.0,0.0,68.8,108.3,165.8,23.69,33.98,0,0,0,0,0,0,0.0,0.0,0.0,17.0,0.33,1,0,0.0,0.0,0
2876,2022-11-15,2022,11,15,319,46,1,-0.5,0.866025,0.0,0,0.0,68.8,0.0,68.8,68.8,108.3,15.47,33.98,0,0,0,0,0,0,0.0,0.0,0.0,18.0,0.24,1,0,0.0,0.0,0
2877,2022-11-16,2022,11,16,320,46,1,-0.5,0.866025,59.5,4,0.0,0.0,68.8,59.5,128.3,167.8,23.97,30.54,1,0,1,0,0,0,0.0,0.0,0.0,19.0,0.34,1,0,0.0,0.0,0
2878,2022-11-17,2022,11,17,321,46,1,-0.5,0.866025,5.2,2,59.5,0.0,0.0,64.7,133.5,133.5,19.07,30.71,0,0,2,0,0,0,0.0,0.0,0.0,20.0,0.33,1,0,0.0,0.0,0
2879,2022-11-18,2022,11,18,322,46,1,-0.5,0.866025,60.7,4,5.2,59.5,0.0,125.4,125.4,194.2,27.74,30.01,1,0,3,0,0,0,0.0,0.0,0.0,21.0,0.73,1,0,0.0,0.0,0
2880,2022-11-19,2022,11,19,323,46,1,-0.5,0.866025,0.0,0,60.7,5.2,59.5,65.9,125.4,194.2,27.74,29.71,0,0,0,0,0,0,0.0,0.0,0.0,22.0,0.38,1,0,0.0,0.0,0
2881,2022-11-20,2022,11,20,324,46,1,-0.5,0.866025,0.0,0,0.0,60.7,5.2,60.7,125.4,125.4,17.91,29.08,0,0,0,0,0,0,0.0,0.0,0.0,23.0,0.26,1,0,0.0,0.0,0
2882,2022-11-21,2022,11,21,325,47,1,-0.5,0.866025,0.0,0,0.0,0.0,60.7,0.0,65.9,125.4,17.91,28.67,0,0,0,0,0,0,0.0,0.0,0.0,24.0,0.26,1,0,0.0,0.0,0
2883,2022-11-22,2022,11,22,326,47,1,-0.5,0.866025,0.7,1,0.0,0.0,0.0,0.7,61.4,126.1,18.01,28.69,0,0,1,0,0,0,0.0,0.0,0.0,25.0,0.27,1,0,0.0,0.0,0
2884,2022-11-23,2022,11,23,327,47,1,-0.5,0.866025,0.0,0,0.7,0.0,0.0,0.7,0.7,66.6,9.51,28.69,0,0,0,0,0,0,0.0,0.0,0.0,26.0,0.16,1,0,0.0,0.0,0
2885,2022-11-24,2022,11,24,328,47,1,-0.5,0.866025,0.0,0,0.0,0.7,0.0,0.7,0.7,61.4,8.77,28.69,0,0,0,0,0,0,0.0,0.0,0.0,27.0,0.16,1,0,0.0,0.0,0
2886,2022-11-25,2022,11,25,329,47,1,-0.5,0.866025,0.0,0,0.0,0.0,0.7,0.0,0.7,0.7,0.1,26.99,0,0,0,0,0,0,0.0,0.0,0.0,28.0,0.05,1,0,0.0,0.0,0
2887,2022-11-26,2022,11,26,330,47,1,-0.5,0.866025,37.2,3,0.0,0.0,0.0,37.2,37.9,37.9,5.41,28.23,0,0,1,0,0,0,0.0,0.0,0.0,29.0,0.11,1,0,0.0,0.0,0
2888,2022-11-27,2022,11,27,331,47,1,-0.5,0.866025,0.0,0,37.2,0.0,0.0,37.2,37.2,37.9,5.41,28.23,0,0,0,0,0,0,0.0,0.0,0.0,0.0,0.11,1,0,0.0,0.0,0
2889,2022-11-28,2022,11,28,332,48,1,-0.5,0.866025,46.7,3,0.0,37.2,0.0,83.9,83.9,84.6,12.09,26.12,0,0,1,0,0,0,0.0,0.0,0.0,0.0,0.2,1,1,0.3,7.0,1
2890,2022-11-29,2022,11,29,333,48,1,-0.5,0.866025,0.0,0,46.7,0.0,37.2,46.7,83.9,83.9,11.99,24.52,0,0,0,0,0,0,0.0,0.0,0.0,0.0,0.19,1,0,0.0,0.0,0
2891,2022-11-30,2022,11,30,334,48,1,-0.5,0.866025,63.7,4,0.0,46.7,0.0,110.4,147.6,147.6,21.09,19.15,1,0,1,0,0,0,0.0,0.0,0.0,0.0,0.3,1,0,0.0,0.0,0
2892,2022-12-01,2022,12,1,335,48,0,-0.0,1.0,0.0,0,63.7,0.0,46.7,63.7,110.4,147.6,21.09,19.15,0,0,0,0,0,0,0.0,0.0,0.0,0.0,0.3,1,0,0.0,0.0,0
2893,2022-12-02,2022,12,2,336,48,0,-0.0,1.0,0.0,0,0.0,63.7,0.0,63.7,110.4,147.6,21.09,19.15,0,0,0,0,0,0,0.0,0.0,0.0,0.0,0.3,1,0,0.0,0.0,0
2894,2022-12-03,2022,12,3,337,48,0,-0.0,1.0,18.3,3,0.0,0.0,63.7,18.3,82.0,128.7,18.39,18.67,0,0,1,0,0,0,0.0,0.0,0.0,0.0,0.27,1,0,0.0,0.0,0
2895,2022-12-04,2022,12,4,338,48,0,-0.0,1.0,0.0,0,18.3,0.0,0.0,18.3,82.0,128.7,18.39,17.86,0,0,0,0,0,0,0.0,0.0,0.0,0.0,0.27,1,0,0.0,0.0,0
2896,2022-12-05,2022,12,5,339,49,0,-0.0,1.0,0.0,0,0.0,18.3,0.0,18.3,18.3,82.0,11.71,17.86,0,0,0,0,0,0,0.0,0.0,0.0,0.0,0.19,1,0,0.0,0.0,0
2897,2022-12-06,2022,12,6,340,49,0,-0.0,1.0,0.0,0,0.0,0.0,18.3,0.0,18.3,82.0,11.71,17.56,0,0,0,0,0,0,0.0,0.0,0.0,0.0,0.19,1,0,0.0,0.0,0
2898,2022-12-07,2022,12,7,341,49,0,-0.0,1.0,3.7,2,0.0,0.0,0.0,3.7,22.0,22.0,3.14,15.38,0,0,1,0,0,0,0.0,0.0,0.0,0.0,0.09,1,0,0.0,0.0,0
2899,2022-12-08,2022,12,8,342,49,0,-0.0,1.0,21.2,3,3.7,0.0,0.0,24.9,24.9,43.2,6.17,14.17,0,0,2,0,0,0,0.0,0.0,0.0,0.0,0.17,1,0,0.0,0.0,0
2900,2022-12-09,2022,12,9,343,49,0,-0.0,1.0,0.0,0,21.2,3.7,0.0,24.9,24.9,43.2,6.17,14.17,0,0,0,0,0,0,0.0,0.0,0.0,0.0,0.12,1,0,0.0,0.0,0
2901,2022-12-10,2022,12,10,344,49,0,-0.0,1.0,0.0,0,0.0,21.2,3.7,21.2,24.9,24.9,3.56,12.86,0,0,0,0,0,0,0.0,0.0,0.0,0.0,0.09,1,0,0.0,0.0,0
2902,2022-12-11,2022,12,11,345,49,0,-0.0,1.0,0.0,0,0.0,0.0,21.2,0.0,24.9,24.9,3.56,12.86,0,0,0,0,0,0,0.0,0.0,0.0,0.0,0.09,1,0,0.0,0.0,0
2903,2022-12-12,2022,12,12,346,50,0,-0.0,1.0,10.4,3,0.0,0.0,0.0,10.4,31.6,35.3,5.04,13.2,0,0,1,0,0,0,0.0,0.0,0.0,0.0,0.11,1,0,0.0,0.0,0
2904,2022-12-13,2022,12,13,347,50,0,-0.0,1.0,0.0,0,10.4,0.0,0.0,10.4,10.4,35.3,5.04,10.91,0,0,0,0,0,0,0.0,0.0,0.0,0.0,0.11,1,0,0.0,0.0,0
2905,2022-12-14,2022,12,14,348,50,0,-0.0,1.0,45.2,3,0.0,10.4,0.0,55.6,55.6,76.8,10.97,12.42,0,0,1,0,0,0,0.0,0.0,0.0,0.0,0.18,1,0,0.0,0.0,0
2906,2022-12-15,2022,12,15,349,50,0,-0.0,1.0,5.6,2,45.2,0.0,10.4,50.8,61.2,61.2,8.74,12.6,0,0,2,0,0,0,0.0,0.0,0.0,0.0,0.2,1,0,0.0,0.0,0
2907,2022-12-16,2022,12,16,350,50,0,-0.0,1.0,40.9,3,5.6,45.2,0.0,91.7,102.1,102.1,14.59,11.98,0,0,3,0,0,0,0.0,0.0,0.0,0.0,0.58,1,0,0.0,0.0,0
2908,2022-12-17,2022,12,17,351,50,0,-0.0,1.0,0.0,0,40.9,5.6,45.2,46.5,91.7,102.1,14.59,11.81,0,0,0,0,0,0,0.0,0.0,0.0,0.0,0.23,1,0,0.0,0.0,0
2909,2022-12-18,2022,12,18,352,50,0,-0.0,1.0,0.0,0,0.0,40.9,5.6,40.9,91.7,102.1,14.59,9.79,0,0,0,0,0,0,0.0,0.0,0.0,0.0,0.23,1,0,0.0,0.0,0
2910,2022-12-19,2022,12,19,353,51,0,-0.0,1.0,0.0,0,0.0,0.0,40.9,0.0,46.5,91.7,13.1,9.79,0,0,0,0,0,0,0.0,0.0,0.0,0.0,0.21,1,0,0.0,0.0,0
2911,2022-12-20,2022,12,20,354,51,0,-0.0,1.0,33.2,3,0.0,0.0,0.0,33.2,74.1,124.9,17.84,10.89,0,0,1,0,0,0,0.0,0.0,0.0,0.0,0.26,1,0,0.0,0.0,0
2912,2022-12-21,2022,12,21,355,51,0,-0.0,1.0,56.0,4,33.2,0.0,0.0,89.2,89.2,135.7,19.39,12.76,1,0,2,0,0,0,0.0,0.0,0.0,0.0,0.33,1,0,0.0,0.0,0
2913,2022-12-22,2022,12,22,356,51,0,-0.0,1.0,0.0,0,56.0,33.2,0.0,89.2,89.2,130.1,18.59,12.74,0,0,0,0,0,0,0.0,0.0,0.0,0.0,0.27,1,0,0.0,0.0,0
2914,2022-12-23,2022,12,23,357,51,0,-0.0,1.0,0.1,1,0.0,56.0,33.2,56.1,89.3,89.3,12.76,12.74,0,0,1,0,0,0,0.0,0.0,0.0,0.0,0.2,1,0,0.0,0.0,0
2915,2022-12-24,2022,12,24,358,51,0,-0.0,1.0,0.0,0,0.1,0.0,56.0,0.1,89.3,89.3,12.76,12.74,0,0,0,0,0,0,0.0,0.0,0.0,0.0,0.2,1,0,0.0,0.0,0
2916,2022-12-25,2022,12,25,359,51,0,-0.0,1.0,34.4,3,0.0,0.1,0.0,34.5,90.5,123.7,17.67,13.89,0,0,1,0,0,0,0.0,0.0,0.0,0.0,0.26,1,0,0.0,0.0,0
2917,2022-12-26,2022,12,26,360,52,0,-0.0,1.0,14.9,3,34.4,0.0,0.1,49.3,49.4,138.6,19.8,13.14,0,0,2,0,0,0,0.0,0.0,0.0,0.0,0.34,1,0,0.0,0.0,0
2918,2022-12-27,2022,12,27,361,52,0,-0.0,1.0,0.0,0,14.9,34.4,0.0,49.3,49.4,105.4,15.06,13.14,0,0,0,0,0,0,0.0,0.0,0.0,0.0,0.23,1,0,0.0,0.0,0
2919,2022-12-28,2022,12,28,362,52,0,-0.0,1.0,0.0,0,0.0,14.9,34.4,14.9,49.3,49.4,7.06,11.59,0,0,0,0,0,0,0.0,0.0,0.0,0.0,0.13,1,0,0.0,0.0,0
2920,2022-12-29,2022,12,29,363,52,0,-0.0,1.0,0.0,0,0.0,0.0,14.9,0.0,49.3,49.4,7.06,11.59,0,0,0,0,0,0,0.0,0.0,0.0,0.0,0.13,1,0,0.0,0.0,0
2921,2022-12-30,2022,12,30,364,52,0,-0.0,1.0,0.0,0,0.0,0.0,0.0,0.0,14.9,49.3,7.04,9.46,0,0,0,0,0,0,0.0,0.0,0.0,0.0,0.13,1,0,0.0,0.0,0
2922,2022-12-31,2022,12,31,365,52,0,-0.0,1.0,29.3,3,0.0,0.0,0.0,29.3,29.3,78.6,11.23,10.44,0,0,1,0,0,0,0.0,0.0,0.0,0.0,0.18,1,0,0.0,0.0,0
2923,2023-01-01,2023,1,1,1,52,0,0.5,0.866025,0.0,0,29.3,0.0,0.0,29.3,29.3,44.2,6.31,10.44,0,0,0,0,0,0,0.0,0.0,0.0,0.0,0.13,1,0,0.0,0.0,0
2924,2023-01-02,2023,1,2,2,1,0,0.5,0.866025,0.0,0,0.0,29.3,0.0,29.3,29.3,29.3,4.19,9.83,0,0,0,0,0,0,0.0,0.0,0.0,0.0,0.1,1,0,0.0,0.0,0
2925,2023-01-03,2023,1,3,3,1,0,0.5,0.866025,0.0,0,0.0,0.0,29.3,0.0,29.3,29.3,4.19,9.83,0,0,0,0,0,0,0.0,0.0,0.0,0.0,0.1,1,0,0.0,0.0,0
2926,2023-01-04,2023,1,4,4,1,0,0.5,0.866025,2.9,2,0.0,0.0,0.0,2.9,32.2,32.2,4.6,9.93,0,0,1,0,0,0,0.0,0.0,0.0,0.0,0.11,1,0,0.0,0.0,0
2927,2023-01-05,2023,1,5,5,1,0,0.5,0.866025,0.0,0,2.9,0.0,0.0,2.9,2.9,32.2,4.6,9.93,0,0,0,0,0,0,0.0,0.0,0.0,0.0,0.11,1,0,0.0,0.0,0
2928,2023-01-06,2023,1,6,6,1,0,0.5,0.866025,0.0,0,0.0,2.9,0.0,2.9,2.9,32.2,4.6,9.8,0,0,0,0,0,0,0.0,0.0,0.0,0.0,0.11,1,0,0.0,0.0,0
2929,2023-01-07,2023,1,7,7,1,0,0.5,0.866025,0.0,0,0.0,0.0,2.9,0.0,2.9,2.9,0.41,9.1,0,0,0,0,0,0,0.0,0.0,0.0,0.0,0.05,1,0,0.0,0.0,0
2930,2023-01-08,2023,1,8,8,1,0,0.5,0.866025,0.0,0,0.0,0.0,0.0,0.0,2.9,2.9,0.41,9.1,0,0,0,0,0,0,0.0,0.0,0.0,0.0,0.05,1,0,0.0,0.0,0
2931,2023-01-09,2023,1,9,9,2,0,0.5,0.866025,0.0,0,0.0,0.0,0.0,0.0,0.0,2.9,0.41,9.1,0,0,0,0,0,0,0.0,0.0,0.0,0.0,0.05,1,0,0.0,0.0,0
2932,2023-01-10,2023,1,10,10,2,0,0.5,0.866025,0.0,0,0.0,0.0,0.0,0.0,0.0,2.9,0.41,9.1,0,0,0,0,0,0,0.0,0.0,0.0,0.0,0.05,1,0,0.0,0.0,0
2933,2023-01-11,2023,1,11,11,2,0,0.5,0.866025,0.0,0,0.0,0.0,0.0,0.0,0.0,0.0,0.0,8.75,0,0,0,0,0,0,0.0,0.0,0.0,0.0,0.05,1,0,0.0,0.0,0
2934,2023-01-12,2023,1,12,12,2,0,0.5,0.866025,13.3,3,0.0,0.0,0.0,13.3,13.3,13.3,1.9,9.19,0,0,1,0,0,0,0.0,0.0,0.0,0.0,0.07,1,0,0.0,0.0,0
2935,2023-01-13,2023,1,13,13,2,0,0.5,0.866025,0.0,0,13.3,0.0,0.0,13.3,13.3,13.3,1.9,7.69,0,0,0,0,0,0,0.0,0.0,0.0,0.0,0.07,1,0,0.0,0.0,0
2936,2023-01-14,2023,1,14,14,2,0,0.5,0.866025,0.0,0,0.0,13.3,0.0,13.3,13.3,13.3,1.9,7.5,0,0,0,0,0,0,0.0,0.0,0.0,0.0,0.07,1,1,0.2,10.0,1
2937,2023-01-15,2023,1,15,15,2,0,0.5,0.866025,0.0,0,0.0,0.0,13.3,0.0,13.3,13.3,1.9,6.14,0,0,0,0,0,0,0.0,0.0,0.0,0.0,0.07,1,0,0.0,0.0,0
2938,2023-01-16,2023,1,16,16,3,0,0.5,0.866025,0.0,0,0.0,0.0,0.0,0.0,13.3,13.3,1.9,6.14,0,0,0,0,0,0,0.0,0.0,0.0,0.0,0.07,1,0,0.0,0.0,0
2939,2023-01-17,2023,1,17,17,3,0,0.5,0.866025,0.0,0,0.0,0.0,0.0,0.0,0.0,13.3,1.9,6.14,0,0,0,0,0,0,0.0,0.0,0.0,0.0,0.07,1,0,0.0,0.0,0
2940,2023-01-18,2023,1,18,18,3,0,0.5,0.866025,0.0,0,0.0,0.0,0.0,0.0,0.0,13.3,1.9,6.14,0,0,0,0,0,0,0.0,0.0,0.0,0.0,0.07,1,0,0.0,0.0,0
2941,2023-01-19,2023,1,19,19,3,0,0.5,0.866025,9.7,3,0.0,0.0,0.0,9.7,9.7,9.7,1.39,5.35,0,0,1,0,0,0,0.0,0.0,0.0,0.0,0.07,1,0,0.0,0.0,0
2942,2023-01-20,2023,1,20,20,3,0,0.5,0.866025,29.5,3,9.7,0.0,0.0,39.2,39.2,39.2,5.6,4.47,0,0,2,0,0,0,0.0,0.0,0.0,0.0,0.17,1,0,0.0,0.0,0
2943,2023-01-21,2023,1,21,21,3,0,0.5,0.866025,0.0,0,29.5,9.7,0.0,39.2,39.2,39.2,5.6,4.47,0,0,0,0,0,0,0.0,0.0,0.0,0.0,0.12,1,0,0.0,0.0,0
2944,2023-01-22,2023,1,22,22,3,0,0.5,0.866025,0.0,0,0.0,29.5,9.7,29.5,39.2,39.2,5.6,4.47,0,0,0,0,0,0,0.0,0.0,0.0,0.0,0.12,1,0,0.0,0.0,0
2945,2023-01-23,2023,1,23,23,4,0,0.5,0.866025,0.0,0,0.0,0.0,29.5,0.0,39.2,39.2,5.6,4.47,0,0,0,0,0,0,0.0,0.0,0.0,0.0,0.12,1,0,0.0,0.0,0
2946,2023-01-24,2023,1,24,24,4,0,0.5,0.866025,15.8,3,0.0,0.0,0.0,15.8,45.3,55.0,7.86,3.85,0,0,1,0,0,0,0.0,0.0,0.0,0.0,0.14,1,0,0.0,0.0,0
2947,2023-01-25,2023,1,25,25,4,0,0.5,0.866025,0.0,0,15.8,0.0,0.0,15.8,15.8,55.0,7.86,3.35,0,0,0,0,0,0,0.0,0.0,0.0,0.0,0.14,1,0,0.0,0.0,0
2948,2023-01-26,2023,1,26,26,4,0,0.5,0.866025,0.0,0,0.0,15.8,0.0,15.8,15.8,45.3,6.47,3.35,0,0,0,0,0,0,0.0,0.0,0.0,0.0,0.13,1,0,0.0,0.0,0
2949,2023-01-27,2023,1,27,27,4,0,0.5,0.866025,17.1,3,0.0,0.0,15.8,17.1,32.9,32.9,4.7,3.92,0,0,1,0,0,0,0.0,0.0,0.0,0.0,0.11,1,0,0.0,0.0,0
2950,2023-01-28,2023,1,28,28,4,0,0.5,0.866025,0.0,0,17.1,0.0,0.0,17.1,32.9,32.9,4.7,3.92,0,0,0,0,0,0,0.0,0.0,0.0,0.0,0.11,1,0,0.0,0.0,0
2951,2023-01-29,2023,1,29,29,4,0,0.5,0.866025,5.8,2,0.0,17.1,0.0,22.9,22.9,38.7,5.53,4.11,0,0,1,0,0,0,0.0,0.0,0.0,0.0,0.12,1,0,0.0,0.0,0
2952,2023-01-30,2023,1,30,30,5,0,0.5,0.866025,0.0,0,5.8,0.0,17.1,5.8,22.9,38.7,5.53,3.14,0,0,0,0,0,0,0.0,0.0,0.0,0.0,0.12,1,0,0.0,0.0,0
2953,2023-01-31,2023,1,31,31,5,0,0.5,0.866025,0.0,0,0.0,5.8,0.0,5.8,22.9,22.9,3.27,3.14,0,0,0,0,0,0,0.0,0.0,0.0,0.0,0.09,1,0,0.0,0.0,0
2954,2023-02-01,2023,2,1,32,5,0,0.866025,0.5,0.0,0,0.0,0.0,5.8,0.0,5.8,22.9,3.27,3.14,0,0,0,0,0,0,0.0,0.0,0.0,0.0,0.09,1,0,0.0,0.0,0
2955,2023-02-02,2023,2,2,33,5,0,0.866025,0.5,0.0,0,0.0,0.0,0.0,0.0,5.8,22.9,3.27,3.14,0,0,0,0,0,0,0.0,0.0,0.0,0.0,0.09,1,0,0.0,0.0,0
2956,2023-02-03,2023,2,3,34,5,0,0.866025,0.5,0.0,0,0.0,0.0,0.0,0.0,0.0,5.8,0.83,3.04,0,0,0,0,0,0,0.0,0.0,0.0,0.0,0.06,1,0,0.0,0.0,0
2957,2023-02-04,2023,2,4,35,5,0,0.866025,0.5,0.0,0,0.0,0.0,0.0,0.0,0.0,5.8,0.83,3.04,0,0,0,0,0,0,0.0,0.0,0.0,0.0,0.06,1,0,0.0,0.0,0
2958,2023-02-05,2023,2,5,36,5,0,0.866025,0.5,0.0,0,0.0,0.0,0.0,0.0,0.0,0.0,0.0,3.04,0,0,0,0,0,0,0.0,0.0,0.0,0.0,0.05,1,0,0.0,0.0,0
2959,2023-02-06,2023,2,6,37,6,0,0.866025,0.5,0.0,0,0.0,0.0,0.0,0.0,0.0,0.0,0.0,3.04,0,0,0,0,0,0,0.0,0.0,0.0,0.0,0.05,1,0,0.0,0.0,0
2960,2023-02-07,2023,2,7,38,6,0,0.866025,0.5,3.1,2,0.0,0.0,0.0,3.1,3.1,3.1,0.44,3.14,0,0,1,0,0,0,0.0,0.0,0.0,0.0,0.06,1,0,0.0,0.0,0
2961,2023-02-08,2023,2,8,39,6,0,0.866025,0.5,3.7,2,3.1,0.0,0.0,6.8,6.8,6.8,0.97,3.27,0,0,2,0,0,0,0.0,0.0,0.0,0.0,0.11,1,0,0.0,0.0,0
2962,2023-02-09,2023,2,9,40,6,0,0.866025,0.5,0.0,0,3.7,3.1,0.0,6.8,6.8,6.8,0.97,3.27,0,0,0,0,0,0,0.0,0.0,0.0,0.0,0.06,1,0,0.0,0.0,0
2963,2023-02-10,2023,2,10,41,6,0,0.866025,0.5,0.0,0,0.0,3.7,3.1,3.7,6.8,6.8,0.97,3.27,0,0,0,0,0,0,0.0,0.0,120.0,999.0,0.18,1,0,0.0,0.0,0
2964,2023-02-11,2023,2,11,42,6,0,0.866025,0.5,0.0,0,0.0,0.0,3.7,0.0,6.8,6.8,0.97,2.82,0,0,0,0,0,0,0.0,0.0,0.0,0.0,0.06,1,0,0.0,0.0,0
2965,2023-02-12,2023,2,12,43,6,0,0.866025,0.5,0.0,0,0.0,0.0,0.0,0.0,3.7,6.8,0.97,2.82,0,0,0,0,0,0,0.0,0.0,0.0,0.0,0.06,1,0,0.0,0.0,0
2966,2023-02-13,2023,2,13,44,7,0,0.866025,0.5,0.0,0,0.0,0.0,0.0,0.0,0.0,6.8,0.97,2.82,0,0,0,0,0,0,0.0,0.0,0.0,0.0,0.06,1,0,0.0,0.0,0
2967,2023-02-14,2023,2,14,45,7,0,0.866025,0.5,0.0,0,0.0,0.0,0.0,0.0,0.0,3.7,0.53,2.82,0,0,0,0,0,0,0.0,0.0,0.0,0.0,0.06,1,0,0.0,0.0,0
2968,2023-02-15,2023,2,15,46,7,0,0.866025,0.5,11.9,3,0.0,0.0,0.0,11.9,11.9,11.9,1.7,3.22,0,0,1,0,0,0,0.0,0.0,0.0,0.0,0.07,1,0,0.0,0.0,0
2969,2023-02-16,2023,2,16,47,7,0,0.866025,0.5,0.0,0,11.9,0.0,0.0,11.9,11.9,11.9,1.7,3.22,0,0,0,0,0,0,0.0,0.0,0.0,0.0,0.07,1,0,0.0,0.0,0
2970,2023-02-17,2023,2,17,48,7,0,0.866025,0.5,0.0,0,0.0,11.9,0.0,11.9,11.9,11.9,1.7,3.22,0,0,0,0,0,0,0.0,0.0,0.0,0.0,0.07,1,0,0.0,0.0,0
2971,2023-02-18,2023,2,18,49,7,0,0.866025,0.5,3.8,2,0.0,0.0,11.9,3.8,15.7,15.7,2.24,3.02,0,0,1,0,0,0,0.0,0.0,0.0,0.0,0.08,1,0,0.0,0.0,0
2972,2023-02-19,2023,2,19,50,7,0,0.866025,0.5,10.9,3,3.8,0.0,0.0,14.7,26.6,26.6,3.8,2.4,0,0,2,0,0,0,0.0,0.0,0.0,0.0,0.15,1,0,0.0,0.0,0
2973,2023-02-20,2023,2,20,51,8,0,0.866025,0.5,0.0,0,10.9,3.8,0.0,14.7,14.7,26.6,3.8,2.4,0,0,0,0,0,0,0.0,0.0,0.0,0.0,0.1,1,0,0.0,0.0,0
2974,2023-02-21,2023,2,21,52,8,0,0.866025,0.5,0.0,0,0.0,10.9,3.8,10.9,14.7,26.6,3.8,2.4,0,0,0,0,0,0,0.0,0.0,0.0,0.0,0.1,1,0,0.0,0.0,0
2975,2023-02-22,2023,2,22,53,8,0,0.866025,0.5,0.0,0,0.0,0.0,10.9,0.0,14.7,14.7,2.1,2.4,0,0,0,0,0,0,0.0,0.0,0.0,0.0,0.08,1,0,0.0,0.0,0
2976,2023-02-23,2023,2,23,54,8,0,0.866025,0.5,0.0,0,0.0,0.0,0.0,0.0,10.9,14.7,2.1,1.88,0,0,0,0,0,0,0.0,0.0,0.0,0.0,0.08,1,0,0.0,0.0,0
2977,2023-02-24,2023,2,24,55,8,0,0.866025,0.5,0.0,0,0.0,0.0,0.0,0.0,0.0,14.7,2.1,1.88,0,0,0,0,0,0,0.0,0.0,0.0,0.0,0.08,1,0,0.0,0.0,0
2978,2023-02-25,2023,2,25,56,8,0,0.866025,0.5,28.8,3,0.0,0.0,0.0,28.8,28.8,39.7,5.67,2.84,0,0,1,0,0,0,0.0,0.0,0.0,0.0,0.12,1,0,0.0,0.0,0
2979,2023-02-26,2023,2,26,57,8,0,0.866025,0.5,0.0,0,28.8,0.0,0.0,28.8,28.8,28.8,4.11,2.27,0,0,0,0,0,0,0.0,0.0,0.0,0.0,0.1,1,0,0.0,0.0,0
2980,2023-02-27,2023,2,27,58,9,0,0.866025,0.5,0.0,0,0.0,28.8,0.0,28.8,28.8,28.8,4.11,2.27,0,0,0,0,0,0,0.0,0.0,0.0,0.0,0.1,1,0,0.0,0.0,0
2981,2023-02-28,2023,2,28,59,9,0,0.866025,0.5,0.0,0,0.0,0.0,28.8,0.0,28.8,28.8,4.11,2.07,0,0,0,0,0,0,0.0,0.0,0.0,0.0,0.1,1,1,0.5,9.0,1
2982,2023-03-01,2023,3,1,60,9,0,1.0,0.0,0.0,0,0.0,0.0,0.0,0.0,28.8,28.8,4.11,2.07,0,0,0,0,0,0,0.0,0.0,0.0,0.0,0.1,1,0,0.0,0.0,0
2983,2023-03-02,2023,3,2,61,9,0,1.0,0.0,0.0,0,0.0,0.0,0.0,0.0,0.0,28.8,4.11,2.07,0,0,0,0,0,0,0.0,0.0,0.0,0.0,0.1,1,0,0.0,0.0,0
2984,2023-03-03,2023,3,3,62,9,0,1.0,0.0,13.0,3,0.0,0.0,0.0,13.0,13.0,41.8,5.97,2.51,0,0,1,0,0,0,0.0,0.0,0.0,0.0,0.12,1,0,0.0,0.0,0
2985,2023-03-04,2023,3,4,63,9,0,1.0,0.0,0.0,0,13.0,0.0,0.0,13.0,13.0,13.0,1.86,2.51,0,0,0,0,0,0,0.0,0.0,0.0,0.0,0.07,1,0,0.0,0.0,0
2986,2023-03-05,2023,3,5,64,9,0,1.0,0.0,0.0,0,0.0,13.0,0.0,13.0,13.0,13.0,1.86,2.51,0,0,0,0,0,0,0.0,0.0,0.0,0.0,0.07,1,0,0.0,0.0,0
2987,2023-03-06,2023,3,6,65,10,0,1.0,0.0,0.0,0,0.0,0.0,13.0,0.0,13.0,13.0,1.86,2.51,0,0,0,0,0,0,0.0,0.0,0.0,0.0,0.07,1,0,0.0,0.0,0
2988,2023-03-07,2023,3,7,66,10,0,1.0,0.0,0.0,0,0.0,0.0,0.0,0.0,13.0,13.0,1.86,2.51,0,0,0,0,0,0,0.0,0.0,0.0,0.0,0.07,1,0,0.0,0.0,0
2989,2023-03-08,2023,3,8,67,10,0,1.0,0.0,0.0,0,0.0,0.0,0.0,0.0,0.0,13.0,1.86,2.51,0,0,0,0,0,0,0.0,0.0,0.0,0.0,0.07,1,0,0.0,0.0,0
2990,2023-03-09,2023,3,9,68,10,0,1.0,0.0,0.0,0,0.0,0.0,0.0,0.0,0.0,13.0,1.86,2.4,0,0,0,0,0,0,0.0,0.0,0.0,0.0,0.07,1,0,0.0,0.0,0
2991,2023-03-10,2023,3,10,69,10,0,1.0,0.0,3.4,2,0.0,0.0,0.0,3.4,3.4,3.4,0.49,2.39,0,0,1,0,0,0,0.0,0.0,0.0,0.0,0.06,1,0,0.0,0.0,0
2992,2023-03-11,2023,3,11,70,10,0,1.0,0.0,0.0,0,3.4,0.0,0.0,3.4,3.4,3.4,0.49,2.39,0,0,0,0,0,0,0.0,0.0,0.0,0.0,0.06,1,0,0.0,0.0,0
2993,2023-03-12,2023,3,12,71,10,0,1.0,0.0,0.0,0,0.0,3.4,0.0,3.4,3.4,3.4,0.49,2.39,0,0,0,0,0,0,0.0,0.0,0.0,0.0,0.06,1,0,0.0,0.0,0
2994,2023-03-13,2023,3,13,72,11,0,1.0,0.0,15.6,3,0.0,0.0,3.4,15.6,19.0,19.0,2.71,2.91,0,0,1,0,0,0,0.0,0.0,0.0,0.0,0.08,1,0,0.0,0.0,0
2995,2023-03-14,2023,3,14,73,11,0,1.0,0.0,0.0,0,15.6,0.0,0.0,15.6,19.0,19.0,2.71,2.91,0,0,0,0,0,0,0.0,0.0,0.0,0.0,0.08,1,0,0.0,0.0,0
2996,2023-03-15,2023,3,15,74,11,0,1.0,0.0,2.7,2,0.0,15.6,0.0,18.3,18.3,21.7,3.1,3.0,0,0,1,0,0,0,0.0,0.0,0.0,0.0,0.09,1,0,0.0,0.0,0
2997,2023-03-16,2023,3,16,75,11,0,1.0,0.0,0.0,0,2.7,0.0,15.6,2.7,18.3,21.7,3.1,3.0,0,0,0,0,0,0,0.0,0.0,0.0,0.0,0.09,1,0,0.0,0.0,0
2998,2023-03-17,2023,3,17,76,11,0,1.0,0.0,0.0,0,0.0,2.7,0.0,2.7,18.3,18.3,2.61,2.61,0,0,0,0,0,0,0.0,0.0,0.0,0.0,0.08,1,0,0.0,0.0,0
2999,2023-03-18,2023,3,18,77,11,0,1.0,0.0,0.0,0,0.0,0.0,2.7,0.0,2.7,18.3,2.61,2.61,0,0,0,0,0,0,0.0,0.0,0.0,0.0,0.08,1,0,0.0,0.0,0
3000,2023-03-19,2023,3,19,78,11,0,1.0,0.0,0.0,0,0.0,0.0,0.0,0.0,2.7,18.3,2.61,2.61,0,0,0,0,0,0,0.0,0.0,0.0,0.0,0.08,1,0,0.0,0.0,0
3001,2023-03-20,2023,3,20,79,12,0,1.0,0.0,0.0,0,0.0,0.0,0.0,0.0,0.0,2.7,0.39,2.48,0,0,0,0,0,0,0.0,0.0,0.0,0.0,0.05,1,0,0.0,0.0,0
3002,2023-03-21,2023,3,21,80,12,0,1.0,0.0,0.0,0,0.0,0.0,0.0,0.0,0.0,2.7,0.39,2.12,0,0,0,0,0,0,0.0,0.0,0.0,0.0,0.05,1,0,0.0,0.0,0
3003,2023-03-22,2023,3,22,81,12,0,1.0,0.0,0.0,0,0.0,0.0,0.0,0.0,0.0,0.0,0.0,2.12,0,0,0,0,0,0,0.0,0.0,0.0,0.0,0.05,1,0,0.0,0.0,0
3004,2023-03-23,2023,3,23,82,12,0,1.0,0.0,0.0,0,0.0,0.0,0.0,0.0,0.0,0.0,0.0,2.12,0,0,0,0,0,0,0.0,0.0,0.0,0.0,0.05,1,0,0.0,0.0,0
3005,2023-03-24,2023,3,24,83,12,0,1.0,0.0,0.0,0,0.0,0.0,0.0,0.0,0.0,0.0,0.0,2.12,0,0,0,0,0,0,0.0,0.0,0.0,0.0,0.05,1,0,0.0,0.0,0
3006,2023-03-25,2023,3,25,84,12,0,1.0,0.0,0.0,0,0.0,0.0,0.0,0.0,0.0,0.0,0.0,2.12,0,0,0,0,0,0,0.0,0.0,0.0,0.0,0.05,1,1,0.4,10.0,1
3007,2023-03-26,2023,3,26,85,12,0,1.0,0.0,0.0,0,0.0,0.0,0.0,0.0,0.0,0.0,0.0,2.12,0,0,0,0,0,0,0.0,0.0,0.0,0.0,0.05,1,0,0.0,0.0,0
3008,2023-03-27,2023,3,27,86,13,0,1.0,0.0,3.2,2,0.0,0.0,0.0,3.2,3.2,3.2,0.46,1.26,0,0,1,0,0,0,0.0,0.0,0.0,0.0,0.06,1,0,0.0,0.0,0
3009,2023-03-28,2023,3,28,87,13,0,1.0,0.0,0.0,0,3.2,0.0,0.0,3.2,3.2,3.2,0.46,1.26,0,0,0,0,0,0,0.0,0.0,0.0,0.0,0.06,1,0,0.0,0.0,0
3010,2023-03-29,2023,3,29,88,13,0,1.0,0.0,6.1,2,0.0,3.2,0.0,9.3,9.3,9.3,1.33,1.47,0,0,1,0,0,0,0.0,0.0,0.0,0.0,0.07,1,0,0.0,0.0,0
3011,2023-03-30,2023,3,30,89,13,0,1.0,0.0,0.0,0,6.1,0.0,3.2,6.1,9.3,9.3,1.33,1.47,0,0,0,0,0,0,0.0,0.0,0.0,0.0,0.07,1,0,0.0,0.0,0
3012,2023-03-31,2023,3,31,90,13,0,1.0,0.0,0.0,0,0.0,6.1,0.0,6.1,9.3,9.3,1.33,1.47,0,0,0,0,0,0,0.0,0.0,0.0,0.0,0.07,1,0,0.0,0.0,0
3013,2023-04-01,2023,4,1,91,13,0,0.866025,-0.5,30.1,3,0.0,0.0,6.1,30.1,36.2,39.4,5.63,2.47,0,0,1,0,0,0,0.0,0.0,0.0,0.0,0.12,1,0,0.0,0.0,0
3014,2023-04-02,2023,4,2,92,13,0,0.866025,-0.5,13.9,3,30.1,0.0,0.0,44.0,50.1,53.3,7.61,2.5,0,0,2,0,0,0,0.0,0.0,0.0,0.0,0.19,1,0,0.0,0.0,0
3015,2023-04-03,2023,4,3,93,14,0,0.866025,-0.5,7.4,2,13.9,30.1,0.0,51.4,51.4,57.5,8.21,2.75,0,0,3,0,0,0,0.0,0.0,0.0,0.0,0.5,1,0,0.0,0.0,0
3016,2023-04-04,2023,4,4,94,14,0,0.866025,-0.5,0.0,0,7.4,13.9,30.1,21.3,51.4,57.5,8.21,2.75,0,0,0,0,0,0,0.0,0.0,0.0,0.0,0.15,1,0,0.0,0.0,0
3017,2023-04-05,2023,4,5,95,14,0,0.866025,-0.5,0.0,0,0.0,7.4,13.9,7.4,51.4,51.4,7.34,2.75,0,0,0,0,0,0,0.0,0.0,0.0,0.0,0.14,1,0,0.0,0.0,0
3018,2023-04-06,2023,4,6,96,14,0,0.866025,-0.5,0.0,0,0.0,0.0,7.4,0.0,21.3,51.4,7.34,2.75,0,0,0,0,0,0,0.0,0.0,0.0,0.0,0.14,1,0,0.0,0.0,0
3019,2023-04-07,2023,4,7,97,14,0,0.866025,-0.5,0.0,0,0.0,0.0,0.0,0.0,7.4,51.4,7.34,2.75,0,0,0,0,0,0,0.0,0.0,0.0,0.0,0.14,1,0,0.0,0.0,0
3020,2023-04-08,2023,4,8,98,14,0,0.866025,-0.5,20.0,3,0.0,0.0,0.0,20.0,20.0,41.3,5.9,3.41,0,0,1,0,0,0,0.0,0.0,0.0,0.0,0.12,1,0,0.0,0.0,0
3021,2023-04-09,2023,4,9,99,14,0,0.866025,-0.5,0.0,0,20.0,0.0,0.0,20.0,20.0,27.4,3.91,3.3,0,0,0,0,0,0,0.0,0.0,0.0,0.0,0.1,1,0,0.0,0.0,0
3022,2023-04-10,2023,4,10,100,15,0,0.866025,-0.5,0.0,0,0.0,20.0,0.0,20.0,20.0,20.0,2.86,3.3,0,0,0,0,0,0,0.0,0.0,0.0,0.0,0.08,1,0,0.0,0.0,0
3023,2023-04-11,2023,4,11,101,15,0,0.866025,-0.5,0.0,0,0.0,0.0,20.0,0.0,20.0,20.0,2.86,3.3,0,0,0,0,0,0,0.0,0.0,0.0,0.0,0.08,1,0,0.0,0.0,0
3024,2023-04-12,2023,4,12,102,15,0,0.866025,-0.5,12.8,3,0.0,0.0,0.0,12.8,32.8,32.8,4.69,3.21,0,0,1,0,0,0,0.0,0.0,0.0,0.0,0.11,1,0,0.0,0.0,0
3025,2023-04-13,2023,4,13,103,15,0,0.866025,-0.5,0.0,0,12.8,0.0,0.0,12.8,12.8,32.8,4.69,3.21,0,0,0,0,0,0,0.0,0.0,0.0,0.0,0.11,1,0,0.0,0.0,0
3026,2023-04-14,2023,4,14,104,15,0,0.866025,-0.5,0.0,0,0.0,12.8,0.0,12.8,12.8,32.8,4.69,3.12,0,0,0,0,0,0,0.0,0.0,0.0,0.0,0.11,1,0,0.0,0.0,0
3027,2023-04-15,2023,4,15,105,15,0,0.866025,-0.5,0.0,0,0.0,0.0,12.8,0.0,12.8,12.8,1.83,3.12,0,0,0,0,0,0,0.0,0.0,0.0,0.0,0.07,1,0,0.0,0.0,0
3028,2023-04-16,2023,4,16,106,15,0,0.866025,-0.5,0.0,0,0.0,0.0,0.0,0.0,12.8,12.8,1.83,3.12,0,0,0,0,0,0,0.0,0.0,0.0,0.0,0.07,1,0,0.0,0.0,0
3029,2023-04-17,2023,4,17,107,16,0,0.866025,-0.5,0.0,0,0.0,0.0,0.0,0.0,0.0,12.8,1.83,3.12,0,0,0,0,0,0,0.0,0.0,0.0,0.0,0.07,1,0,0.0,0.0,0
3030,2023-04-18,2023,4,18,108,16,0,0.866025,-0.5,0.0,0,0.0,0.0,0.0,0.0,0.0,12.8,1.83,3.12,0,0,0,0,0,0,0.0,0.0,0.0,0.0,0.07,1,0,0.0,0.0,0
3031,2023-04-19,2023,4,19,109,16,0,0.866025,-0.5,0.0,0,0.0,0.0,0.0,0.0,0.0,0.0,0.0,3.12,0,0,0,0,0,0,0.0,0.0,0.0,0.0,0.05,1,0,0.0,0.0,0
3032,2023-04-20,2023,4,20,110,16,0,0.866025,-0.5,0.0,0,0.0,0.0,0.0,0.0,0.0,0.0,0.0,3.12,0,0,0,0,0,0,0.0,0.0,0.0,0.0,0.05,1,0,0.0,0.0,0
3033,2023-04-21,2023,4,21,111,16,0,0.866025,-0.5,0.0,0,0.0,0.0,0.0,0.0,0.0,0.0,0.0,3.12,0,0,0,0,0,0,0.0,0.0,0.0,0.0,0.05,1,0,0.0,0.0,0
3034,2023-04-22,2023,4,22,112,16,0,0.866025,-0.5,0.0,0,0.0,0.0,0.0,0.0,0.0,0.0,0.0,3.12,0,0,0,0,0,0,0.0,0.0,0.0,0.0,0.05,1,0,0.0,0.0,0
3035,2023-04-23,2023,4,23,113,16,0,0.866025,-0.5,0.0,0,0.0,0.0,0.0,0.0,0.0,0.0,0.0,3.12,0,0,0,0,0,0,0.0,0.0,0.0,0.0,0.05,1,0,0.0,0.0,0
3036,2023-04-24,2023,4,24,114,17,0,0.866025,-0.5,19.3,3,0.0,0.0,0.0,19.3,19.3,19.3,2.76,3.76,0,0,1,0,0,0,0.0,0.0,0.0,0.0,0.08,1,0,0.0,0.0,0
3037,2023-04-25,2023,4,25,115,17,0,0.866025,-0.5,0.0,0,19.3,0.0,0.0,19.3,19.3,19.3,2.76,3.76,0,0,0,0,0,0,0.0,0.0,0.0,0.0,0.08,1,0,0.0,0.0,0
3038,2023-04-26,2023,4,26,116,17,0,0.866025,-0.5,0.0,0,0.0,19.3,0.0,19.3,19.3,19.3,2.76,3.65,0,0,0,0,0,0,0.0,0.0,0.0,0.0,0.08,1,0,0.0,0.0,0
3039,2023-04-27,2023,4,27,117,17,0,0.866025,-0.5,0.0,0,0.0,0.0,19.3,0.0,19.3,19.3,2.76,3.65,0,0,0,0,0,0,0.0,0.0,0.0,0.0,0.08,1,0,0.0,0.0,0
3040,2023-04-28,2023,4,28,118,17,0,0.866025,-0.5,0.0,0,0.0,0.0,0.0,0.0,19.3,19.3,2.76,3.45,0,0,0,0,0,0,0.0,0.0,0.0,0.0,0.08,1,0,0.0,0.0,0
3041,2023-04-29,2023,4,29,119,17,0,0.866025,-0.5,0.0,0,0.0,0.0,0.0,0.0,0.0,19.3,2.76,3.45,0,0,0,0,0,0,0.0,0.0,0.0,0.0,0.08,1,0,0.0,0.0,0
3042,2023-04-30,2023,4,30,120,17,0,0.866025,-0.5,23.7,3,0.0,0.0,0.0,23.7,23.7,43.0,6.14,4.24,0,0,1,0,0,0,0.0,0.0,0.0,0.0,0.12,1,0,0.0,0.0,0
3043,2023-05-01,2023,5,1,121,18,0,0.5,-0.866025,0.0,0,23.7,0.0,0.0,23.7,23.7,23.7,3.39,3.24,0,0,0,0,0,0,0.0,0.0,0.0,0.0,0.09,1,0,0.0,0.0,0
3044,2023-05-02,2023,5,2,122,18,0,0.5,-0.866025,0.0,0,0.0,23.7,0.0,23.7,23.7,23.7,3.39,2.77,0,0,0,0,0,0,0.0,0.0,0.0,0.0,0.09,1,0,0.0,0.0,0
3045,2023-05-03,2023,5,3,123,18,0,0.5,-0.866025,0.0,0,0.0,0.0,23.7,0.0,23.7,23.7,3.39,2.53,0,0,0,0,0,0,0.0,0.0,0.0,0.0,0.09,1,0,0.0,0.0,0
3046,2023-05-04,2023,5,4,124,18,0,0.5,-0.866025,0.0,0,0.0,0.0,0.0,0.0,23.7,23.7,3.39,2.53,0,0,0,0,0,0,0.0,0.0,0.0,0.0,0.09,1,0,0.0,0.0,0
3047,2023-05-05,2023,5,5,125,18,0,0.5,-0.866025,25.4,3,0.0,0.0,0.0,25.4,25.4,49.1,7.01,3.37,0,0,1,0,0,0,0.0,0.0,0.0,0.0,0.13,1,0,0.0,0.0,0
3048,2023-05-06,2023,5,6,126,18,0,0.5,-0.866025,0.0,0,25.4,0.0,0.0,25.4,25.4,49.1,7.01,3.37,0,0,0,0,0,0,0.0,0.0,0.0,0.0,0.13,1,0,0.0,0.0,0
3049,2023-05-07,2023,5,7,127,18,0,0.5,-0.866025,0.0,0,0.0,25.4,0.0,25.4,25.4,25.4,3.63,3.37,0,0,0,0,0,0,0.0,0.0,0.0,0.0,0.09,1,0,0.0,0.0,0
3050,2023-05-08,2023,5,8,128,19,0,0.5,-0.866025,8.9,3,0.0,0.0,25.4,8.9,34.3,34.3,4.9,3.0,0,0,1,0,0,0,0.0,0.0,0.0,0.0,0.11,1,0,0.0,0.0,0
3051,2023-05-09,2023,5,9,129,19,0,0.5,-0.866025,0.0,0,8.9,0.0,0.0,8.9,34.3,34.3,4.9,3.0,0,0,0,0,0,0,0.0,0.0,0.0,0.0,0.11,1,0,0.0,0.0,0
3052,2023-05-10,2023,5,10,130,19,0,0.5,-0.866025,31.9,3,0.0,8.9,0.0,40.8,40.8,66.2,9.46,4.07,0,0,1,0,0,0,0.0,0.0,0.0,0.0,0.16,1,0,0.0,0.0,0
3053,2023-05-11,2023,5,11,131,19,0,0.5,-0.866025,0.0,0,31.9,0.0,8.9,31.9,40.8,66.2,9.46,4.07,0,0,0,0,0,0,0.0,0.0,0.0,0.0,0.16,1,0,0.0,0.0,0
3054,2023-05-12,2023,5,12,132,19,0,0.5,-0.866025,68.0,4,0.0,31.9,0.0,99.9,108.8,108.8,15.54,5.91,1,0,1,0,0,0,0.0,0.0,0.0,0.0,0.24,1,1,0.3,7.0,1
3055,2023-05-13,2023,5,13,133,19,0,0.5,-0.866025,0.0,0,68.0,0.0,31.9,68.0,99.9,108.8,15.54,5.91,0,0,0,0,0,0,0.0,0.0,0.0,0.0,0.24,1,0,0.0,0.0,0
3056,2023-05-14,2023,5,14,134,19,0,0.5,-0.866025,0.0,0,0.0,68.0,0.0,68.0,99.9,108.8,15.54,5.91,0,0,0,0,0,0,0.0,0.0,0.0,0.0,0.24,1,0,0.0,0.0,0
3057,2023-05-15,2023,5,15,135,20,0,0.5,-0.866025,22.0,3,0.0,0.0,68.0,22.0,90.0,121.9,17.41,6.64,0,0,1,0,0,0,0.0,0.0,0.0,0.0,0.26,1,0,0.0,0.0,0
3058,2023-05-16,2023,5,16,136,20,0,0.5,-0.866025,0.0,0,22.0,0.0,0.0,22.0,90.0,121.9,17.41,6.64,0,0,0,0,0,0,0.0,0.0,0.0,0.0,0.26,1,0,0.0,0.0,0
3059,2023-05-17,2023,5,17,137,20,0,0.5,-0.866025,0.0,0,0.0,22.0,0.0,22.0,22.0,90.0,12.86,6.64,0,0,0,0,0,0,0.0,0.0,0.0,0.0,0.2,1,0,0.0,0.0,0
3060,2023-05-18,2023,5,18,138,20,0,0.5,-0.866025,0.0,0,0.0,0.0,22.0,0.0,22.0,90.0,12.86,6.64,0,0,0,0,0,0,0.0,0.0,9.0,0.0,0.2,1,0,0.0,0.0,0
3061,2023-05-19,2023,5,19,139,20,0,0.5,-0.866025,23.5,3,0.0,0.0,0.0,23.5,45.5,45.5,6.5,7.42,0,0,1,0,0,0,0.0,0.0,8.0,0.0,0.13,1,0,0.0,0.0,0
3062,2023-05-20,2023,5,20,140,20,0,0.5,-0.866025,0.0,0,23.5,0.0,0.0,23.5,23.5,45.5,6.5,7.42,0,0,0,0,0,0,0.0,0.0,7.0,0.0,0.13,1,0,0.0,0.0,0
3063,2023-05-21,2023,5,21,141,20,0,0.5,-0.866025,0.0,0,0.0,23.5,0.0,23.5,23.5,45.5,6.5,7.42,0,0,0,0,0,0,0.0,0.0,6.0,0.0,0.13,1,0,0.0,0.0,0
3064,2023-05-22,2023,5,22,142,21,0,0.5,-0.866025,7.9,3,0.0,0.0,23.5,7.9,31.4,31.4,4.49,7.69,0,0,1,0,0,0,0.0,0.0,5.0,0.0,0.1,1,0,0.0,0.0,0
3065,2023-05-23,2023,5,23,143,21,0,0.5,-0.866025,0.0,0,7.9,0.0,0.0,7.9,31.4,31.4,4.49,7.69,0,0,0,0,0,0,0.0,0.0,4.0,0.0,0.1,1,0,0.0,0.0,0
3066,2023-05-24,2023,5,24,144,21,0,0.5,-0.866025,0.0,0,0.0,7.9,0.0,7.9,7.9,31.4,4.49,7.04,0,0,0,0,0,0,0.0,0.0,3.0,0.0,0.1,1,0,0.0,0.0,0
3067,2023-05-25,2023,5,25,145,21,0,0.5,-0.866025,36.3,3,0.0,0.0,7.9,36.3,44.2,67.7,9.67,8.25,0,0,1,0,0,0,0.0,0.0,2.0,0.0,0.17,1,0,0.0,0.0,0
3068,2023-05-26,2023,5,26,146,21,0,0.5,-0.866025,0.0,0,36.3,0.0,0.0,36.3,44.2,44.2,6.31,8.25,0,0,0,0,0,0,0.0,0.0,1.0,0.0,0.13,1,0,0.0,0.0,0
3069,2023-05-27,2023,5,27,147,21,0,0.5,-0.866025,29.4,3,0.0,36.3,0.0,65.7,65.7,73.6,10.51,9.23,0,0,1,1,1,Mawar,1.0,95.0,0.0,0.0,0.18,1,0,0.0,0.0,0
3070,2023-05-28,2023,5,28,148,21,0,0.5,-0.866025,11.2,3,29.4,0.0,36.3,40.6,76.9,84.8,12.11,9.61,0,0,2,1,1,Mawar,1.0,95.0,0.0,1.0,0.25,1,0,0.0,0.0,0
3071,2023-05-29,2023,5,29,149,22,0,0.5,-0.866025,42.8,3,11.2,29.4,0.0,83.4,119.7,119.7,17.1,11.03,0,0,3,1,1,Mawar,1.0,95.0,0.0,2.0,0.61,1,1,0.4,14.0,2
3072,2023-05-30,2023,5,30,150,22,0,0.5,-0.866025,0.0,0,42.8,11.2,29.4,54.0,83.4,119.7,17.1,10.24,0,0,0,0,0,0,0.0,0.0,3.0,0.0,0.26,1,0,0.0,0.0,0
3073,2023-05-31,2023,5,31,151,22,0,0.5,-0.866025,0.0,0,0.0,42.8,11.2,42.8,83.4,119.7,17.1,10.24,0,0,0,0,0,0,0.0,0.0,2.0,0.0,0.26,1,0,0.0,0.0,0
3074,2023-06-01,2023,6,1,152,22,1,0.0,-1.0,0.0,0,0.0,0.0,42.8,0.0,54.0,83.4,11.91,10.24,0,0,0,0,0,0,0.0,0.0,1.0,0.0,0.19,1,0,0.0,0.0,0
3075,2023-06-02,2023,6,2,153,22,1,0.0,-1.0,51.5,4,0.0,0.0,0.0,51.5,94.3,134.9,19.27,11.96,1,0,1,1,1,Betty,1.0,85.0,0.0,0.0,0.28,1,0,0.0,0.0,0
3076,2023-06-03,2023,6,3,154,22,1,0.0,-1.0,81.1,4,51.5,0.0,0.0,132.6,132.6,186.6,26.66,14.66,1,0,2,1,1,Betty,1.0,85.0,0.0,1.0,0.42,1,1,0.4,19.0,2
3077,2023-06-04,2023,6,4,155,22,1,0.0,-1.0,16.1,3,81.1,51.5,0.0,148.7,148.7,191.5,27.36,14.35,0,0,3,1,1,Betty,1.0,85.0,0.0,2.0,0.73,1,0,0.0,0.0,0
3078,2023-06-05,2023,6,5,156,23,1,0.0,-1.0,17.4,3,16.1,81.1,51.5,114.6,166.1,166.1,23.73,14.93,0,0,4,0,0,0,0.0,0.0,0.0,3.0,0.68,1,0,0.0,0.0,0
3079,2023-06-06,2023,6,6,157,23,1,0.0,-1.0,0.0,0,17.4,16.1,81.1,33.5,166.1,166.1,23.73,14.93,0,0,0,0,0,0,0.0,0.0,0.0,4.0,0.33,1,0,0.0,0.0,0
3080,2023-06-07,2023,6,7,158,23,1,0.0,-1.0,0.0,0,0.0,17.4,16.1,17.4,114.6,166.1,23.73,14.64,0,0,0,0,0,0,0.0,0.0,0.0,5.0,0.33,1,0,0.0,0.0,0
3081,2023-06-08,2023,6,8,159,23,1,0.0,-1.0,0.0,0,0.0,0.0,17.4,0.0,33.5,166.1,23.73,14.64,0,0,0,0,0,0,0.0,0.0,0.0,6.0,0.33,1,0,0.0,0.0,0
3082,2023-06-09,2023,6,9,160,23,1,0.0,-1.0,12.6,3,0.0,0.0,0.0,12.6,30.0,127.2,18.17,13.99,0,0,1,0,0,0,0.0,0.0,0.0,7.0,0.27,1,0,0.0,0.0,0
3083,2023-06-10,2023,6,10,161,23,1,0.0,-1.0,35.6,3,12.6,0.0,0.0,48.2,48.2,81.7,11.67,15.18,0,0,2,0,0,0,0.0,0.0,0.0,8.0,0.24,1,0,0.0,0.0,0
3084,2023-06-11,2023,6,11,162,23,1,0.0,-1.0,46.2,3,35.6,12.6,0.0,94.4,94.4,111.8,15.97,14.45,0,0,3,0,0,0,0.0,0.0,0.0,9.0,0.59,1,0,0.0,0.0,0
3085,2023-06-12,2023,6,12,163,24,1,0.0,-1.0,0.0,0,46.2,35.6,12.6,81.8,94.4,94.4,13.49,14.45,0,0,0,0,0,0,0.0,0.0,0.0,10.0,0.21,1,0,0.0,0.0,0
3086,2023-06-13,2023,6,13,164,24,1,0.0,-1.0,0.0,0,0.0,46.2,35.6,46.2,94.4,94.4,13.49,14.45,0,0,0,0,0,0,0.0,0.0,0.0,11.0,0.21,1,0,0.0,0.0,0
3087,2023-06-14,2023,6,14,165,24,1,0.0,-1.0,49.3,3,0.0,0.0,46.2,49.3,131.1,143.7,20.53,15.36,0,0,1,0,0,0,0.0,0.0,0.0,12.0,0.3,1,0,0.0,0.0,0
3088,2023-06-15,2023,6,15,166,24,1,0.0,-1.0,63.0,4,49.3,0.0,0.0,112.3,158.5,206.7,29.53,17.46,1,0,2,0,0,0,0.0,0.0,0.0,13.0,0.45,1,0,0.0,0.0,0
3089,2023-06-16,2023,6,16,167,24,1,0.0,-1.0,36.6,3,63.0,49.3,0.0,148.9,148.9,230.7,32.96,18.68,0,0,3,0,0,0,0.0,0.0,0.0,14.0,0.8,1,1,0.7,10.0,2
3090,2023-06-17,2023,6,17,168,24,1,0.0,-1.0,0.0,0,36.6,63.0,49.3,99.6,148.9,195.1,27.87,18.68,0,0,0,0,0,0,0.0,0.0,0.0,15.0,0.38,1,0,0.0,0.0,0
3091,2023-06-18,2023,6,18,169,24,1,0.0,-1.0,77.6,4,0.0,36.6,63.0,114.2,226.5,226.5,32.36,20.49,1,0,1,0,0,0,0.0,0.0,0.0,16.0,0.44,1,0,0.0,0.0,0
3092,2023-06-19,2023,6,19,170,25,1,0.0,-1.0,0.0,0,77.6,0.0,36.6,77.6,177.2,226.5,32.36,20.49,0,0,0,0,0,0,0.0,0.0,0.0,17.0,0.44,1,0,0.0,0.0,0
3093,2023-06-20,2023,6,20,171,25,1,0.0,-1.0,0.0,0,0.0,77.6,0.0,77.6,114.2,226.5,32.36,20.49,0,0,0,0,0,0,0.0,0.0,0.0,18.0,0.44,1,0,0.0,0.0,0
3094,2023-06-21,2023,6,21,172,25,1,0.0,-1.0,3.3,2,0.0,0.0,77.6,3.3,80.9,180.5,25.79,20.33,0,0,1,0,0,0,0.0,0.0,0.0,19.0,0.36,1,1,0.3,4.0,1
3095,2023-06-22,2023,6,22,173,25,1,0.0,-1.0,0.0,0,3.3,0.0,0.0,3.3,80.9,117.5,16.79,20.33,0,0,0,0,0,0,0.0,0.0,0.0,20.0,0.25,1,0,0.0,0.0,0
3096,2023-06-23,2023,6,23,174,25,1,0.0,-1.0,0.0,0,0.0,3.3,0.0,3.3,3.3,80.9,11.56,20.33,0,0,0,0,0,0,0.0,0.0,0.0,21.0,0.19,1,0,0.0,0.0,0
3097,2023-06-24,2023,6,24,175,25,1,0.0,-1.0,0.0,0,0.0,0.0,3.3,0.0,3.3,80.9,11.56,19.12,0,0,0,0,0,0,0.0,0.0,0.0,22.0,0.19,1,0,0.0,0.0,0
3098,2023-06-25,2023,6,25,176,25,1,0.0,-1.0,0.0,0,0.0,0.0,0.0,0.0,3.3,3.3,0.47,19.12,0,0,0,0,0,0,0.0,0.0,0.0,23.0,0.06,1,0,0.0,0.0,0
3099,2023-06-26,2023,6,26,177,26,1,0.0,-1.0,66.9,4,0.0,0.0,0.0,66.9,66.9,70.2,10.03,20.37,1,0,1,0,0,0,0.0,0.0,0.0,24.0,0.17,1,0,0.0,0.0,0
3100,2023-06-27,2023,6,27,178,26,1,0.0,-1.0,43.3,3,66.9,0.0,0.0,110.2,110.2,113.5,16.21,21.44,0,0,2,0,0,0,0.0,0.0,0.0,25.0,0.29,1,0,0.0,0.0,0
3101,2023-06-28,2023,6,28,179,26,1,0.0,-1.0,23.4,3,43.3,66.9,0.0,133.6,133.6,133.6,19.09,20.8,0,0,3,0,0,0,0.0,0.0,0.0,26.0,0.63,1,0,0.0,0.0,0
3102,2023-06-29,2023,6,29,180,26,1,0.0,-1.0,0.0,0,23.4,43.3,66.9,66.7,133.6,133.6,19.09,20.8,0,0,0,0,0,0,0.0,0.0,0.0,27.0,0.28,1,0,0.0,0.0,0
3103,2023-06-30,2023,6,30,181,26,1,0.0,-1.0,0.0,0,0.0,23.4,43.3,23.4,133.6,133.6,19.09,20.8,0,0,0,0,0,0,0.0,0.0,0.0,28.0,0.28,1,0,0.0,0.0,0
3104,2023-07-01,2023,7,1,182,26,1,-0.5,-0.866025,46.2,3,0.0,0.0,23.4,46.2,112.9,179.8,25.69,22.34,0,0,1,0,0,0,0.0,0.0,0.0,29.0,0.36,1,0,0.0,0.0,0
3105,2023-07-02,2023,7,2,183,26,1,-0.5,-0.866025,0.0,0,46.2,0.0,0.0,46.2,69.6,179.8,25.69,20.62,0,0,0,0,0,0,0.0,0.0,0.0,0.0,0.36,1,0,0.0,0.0,0
3106,2023-07-03,2023,7,3,184,27,1,-0.5,-0.866025,132.8,4,0.0,46.2,0.0,179.0,179.0,245.7,35.1,22.34,1,1,1,0,0,0,0.0,0.0,0.0,0.0,0.47,1,1,0.4,17.0,2
3107,2023-07-04,2023,7,4,185,27,1,-0.5,-0.866025,40.2,3,132.8,0.0,46.2,173.0,219.2,242.6,34.66,23.15,0,0,2,0,0,0,0.0,0.0,0.0,0.0,0.52,1,0,0.0,0.0,0
3108,2023-07-05,2023,7,5,186,27,1,-0.5,-0.866025,39.4,3,40.2,132.8,0.0,212.4,258.6,258.6,36.94,23.88,0,0,3,0,0,0,0.0,0.0,0.0,0.0,0.84,1,0,0.0,0.0,0
3109,2023-07-06,2023,7,6,187,27,1,-0.5,-0.866025,64.0,4,39.4,40.2,132.8,143.6,276.4,322.6,46.09,26.01,1,0,4,0,0,0,0.0,0.0,0.0,0.0,0.95,1,1,0.5,17.0,2
3110,2023-07-07,2023,7,7,188,27,1,-0.5,-0.866025,0.0,0,64.0,39.4,40.2,103.4,276.4,322.6,46.09,26.01,0,0,0,0,0,0,0.0,0.0,0.0,0.0,0.6,1,0,0.0,0.0,0
3111,2023-07-08,2023,7,8,189,27,1,-0.5,-0.866025,54.2,4,0.0,64.0,39.4,118.2,197.8,330.6,47.23,27.82,1,0,1,0,0,0,0.0,0.0,0.0,0.0,0.62,1,1,0.4,9.0,2
3112,2023-07-09,2023,7,9,190,27,1,-0.5,-0.866025,0.0,0,54.2,0.0,64.0,54.2,157.6,330.6,47.23,27.4,0,0,0,0,0,0,0.0,0.0,0.0,0.0,0.62,1,0,0.0,0.0,0
3113,2023-07-10,2023,7,10,191,28,1,-0.5,-0.866025,44.0,3,0.0,54.2,0.0,98.2,162.2,241.8,34.54,27.68,0,0,1,0,0,0,0.0,0.0,0.0,0.0,0.46,1,0,0.0,0.0,0
3114,2023-07-11,2023,7,11,192,28,1,-0.5,-0.866025,3.4,2,44.0,0.0,54.2,47.4,101.6,205.0,29.29,26.25,0,0,2,0,0,0,0.0,0.0,0.0,0.0,0.45,1,0,0.0,0.0,0
3115,2023-07-12,2023,7,12,193,28,1,-0.5,-0.866025,53.9,4,3.4,44.0,0.0,101.3,155.5,219.5,31.36,28.05,1,0,3,0,0,0,0.0,0.0,0.0,0.0,0.78,1,0,0.0,0.0,0
3116,2023-07-13,2023,7,13,194,28,1,-0.5,-0.866025,110.3,4,53.9,3.4,44.0,167.6,211.6,265.8,37.97,31.73,1,1,4,0,0,0,0.0,0.0,0.0,0.0,0.86,1,1,0.9,18.0,3
3117,2023-07-14,2023,7,14,195,28,1,-0.5,-0.866025,88.8,4,110.3,53.9,3.4,253.0,300.4,354.6,50.66,33.04,1,0,5,0,0,0,0.0,0.0,0.0,0.0,1.0,1,1,1.4,34.0,3
3118,2023-07-15,2023,7,15,196,28,1,-0.5,-0.866025,98.7,4,88.8,110.3,53.9,297.8,355.1,399.1,57.01,34.23,1,0,6,0,0,0,0.0,0.0,9.0,0.0,1.0,1,0,0.0,0.0,0
3119,2023-07-16,2023,7,16,197,28,1,-0.5,-0.866025,14.6,3,98.7,88.8,110.3,202.1,366.3,413.7,59.1,33.5,0,0,7,0,0,0,0.0,0.0,8.0,0.0,1.0,1,1,0.5,11.0,2
3120,2023-07-17,2023,7,17,198,29,1,-0.5,-0.866025,0.0,0,14.6,98.7,88.8,113.3,312.4,369.7,52.81,33.5,0,0,0,0,0,0,0.0,0.0,7.0,0.0,0.68,1,0,0.0,0.0,0
3121,2023-07-18,2023,7,18,199,29,1,-0.5,-0.866025,30.0,3,0.0,14.6,98.7,44.6,232.1,396.3,56.61,31.91,0,0,1,0,0,0,0.0,0.0,6.0,0.0,0.73,1,0,0.0,0.0,0
3122,2023-07-19,2023,7,19,200,29,1,-0.5,-0.866025,37.2,3,30.0,0.0,14.6,67.2,180.5,379.6,54.23,33.15,0,0,2,0,0,0,0.0,0.0,5.0,0.0,0.75,1,0,0.0,0.0,0
3123,2023-07-20,2023,7,20,201,29,1,-0.5,-0.866025,78.8,4,37.2,30.0,0.0,146.0,160.6,348.1,49.73,35.78,1,0,3,0,0,0,0.0,0.0,4.0,0.0,1.0,1,0,0.0,0.0,0
3124,2023-07-21,2023,7,21,202,29,1,-0.5,-0.866025,0.0,0,78.8,37.2,30.0,116.0,146.0,259.3,37.04,35.67,0,0,0,0,0,0,0.0,0.0,3.0,0.0,0.49,1,0,0.0,0.0,0
3125,2023-07-22,2023,7,22,203,29,1,-0.5,-0.866025,0.0,0,0.0,78.8,37.2,78.8,146.0,160.6,22.94,35.67,0,0,0,0,0,0,0.0,0.0,2.0,0.0,0.33,1,0,0.0,0.0,0
3126,2023-07-23,2023,7,23,204,29,1,-0.5,-0.866025,96.2,4,0.0,0.0,78.8,96.2,212.2,242.2,34.6,38.88,1,0,1,0,0,0,0.0,0.0,1.0,0.0,0.47,1,0,0.0,0.0,0
3127,2023-07-24,2023,7,24,205,30,1,-0.5,-0.866025,100.4,4,96.2,0.0,0.0,196.6,275.4,342.6,48.94,42.22,1,1,2,1,3,Egay,4.0,195.0,0.0,0.0,0.69,1,0,0.0,0.0,0
3128,2023-07-25,2023,7,25,206,30,1,-0.5,-0.866025,62.7,4,100.4,96.2,0.0,259.3,259.3,375.3,53.61,44.31,1,0,3,1,3,Egay,4.0,195.0,0.0,1.0,1.0,1,1,2.5,43.0,4
3129,2023-07-26,2023,7,26,207,30,1,-0.5,-0.866025,0.0,0,62.7,100.4,96.2,163.1,259.3,338.1,48.3,42.08,0,0,0,1,3,Egay,4.0,195.0,0.0,2.0,0.63,1,1,1.3,31.0,3
3130,2023-07-27,2023,7,27,208,30,1,-0.5,-0.866025,0.0,0,0.0,62.7,100.4,62.7,259.3,259.3,37.04,40.64,0,0,0,0,0,0,0.0,0.0,0.0,3.0,0.49,1,0,0.0,0.0,0
3131,2023-07-28,2023,7,28,209,30,1,-0.5,-0.866025,67.9,4,0.0,0.0,62.7,67.9,231.0,327.2,46.74,42.12,1,0,1,0,0,0,0.0,0.0,0.0,4.0,0.61,1,1,0.5,6.0,1
3132,2023-07-29,2023,7,29,210,30,1,-0.5,-0.866025,37.9,3,67.9,0.0,0.0,105.8,168.5,365.1,52.16,43.39,0,0,2,0,0,0,0.0,0.0,0.0,5.0,0.73,1,0,0.0,0.0,0
3133,2023-07-30,2023,7,30,211,30,1,-0.5,-0.866025,0.0,0,37.9,67.9,0.0,105.8,105.8,268.9,38.41,43.39,0,0,0,0,0,0,0.0,0.0,0.0,6.0,0.51,1,0,0.0,0.0,0
3134,2023-07-31,2023,7,31,212,31,1,-0.5,-0.866025,0.0,0,0.0,37.9,67.9,37.9,105.8,168.5,24.07,41.85,0,0,0,0,0,0,0.0,0.0,0.0,7.0,0.34,1,0,0.0,0.0,0
3135,2023-08-01,2023,8,1,213,31,1,-0.866025,-0.5,0.0,0,0.0,0.0,37.9,0.0,105.8,105.8,15.11,41.85,0,0,0,0,0,0,0.0,0.0,0.0,8.0,0.23,1,0,0.0,0.0,0
3136,2023-08-02,2023,8,2,214,31,1,-0.866025,-0.5,0.0,0,0.0,0.0,0.0,0.0,37.9,105.8,15.11,37.42,0,0,0,0,0,0,0.0,0.0,0.0,9.0,0.23,1,0,0.0,0.0,0
3137,2023-08-03,2023,8,3,215,31,1,-0.866025,-0.5,22.9,3,0.0,0.0,0.0,22.9,22.9,128.7,18.39,36.84,0,0,1,0,0,0,0.0,0.0,0.0,10.0,0.27,1,0,0.0,0.0,0
3138,2023-08-04,2023,8,4,216,31,1,-0.866025,-0.5,113.1,4,22.9,0.0,0.0,136.0,136.0,173.9,24.84,39.3,1,1,2,0,0,0,0.0,0.0,0.0,11.0,0.4,1,1,0.5,10.0,2
3139,2023-08-05,2023,8,5,217,31,1,-0.866025,-0.5,0.0,0,113.1,22.9,0.0,136.0,136.0,136.0,19.43,37.17,0,0,0,0,0,0,0.0,0.0,0.0,12.0,0.28,1,1,0.4,4.0,1
3140,2023-08-06,2023,8,6,218,31,1,-0.866025,-0.5,26.3,3,0.0,113.1,22.9,139.4,162.3,162.3,23.19,38.04,0,0,1,0,0,0,0.0,0.0,0.0,13.0,0.33,1,0,0.0,0.0,0
3141,2023-08-07,2023,8,7,219,32,1,-0.866025,-0.5,0.0,0,26.3,0.0,113.1,26.3,162.3,162.3,23.19,36.24,0,0,0,0,0,0,0.0,0.0,0.0,14.0,0.33,1,0,0.0,0.0,0
3142,2023-08-08,2023,8,8,220,32,1,-0.866025,-0.5,26.9,3,0.0,26.3,0.0,53.2,166.3,189.2,27.03,37.13,0,0,1,0,0,0,0.0,0.0,0.0,15.0,0.37,1,0,0.0,0.0,0
3143,2023-08-09,2023,8,9,221,32,1,-0.866025,-0.5,25.7,3,26.9,0.0,26.3,52.6,78.9,214.9,30.7,36.52,0,0,2,0,0,0,0.0,0.0,0.0,16.0,0.47,1,0,0.0,0.0,0
3144,2023-08-10,2023,8,10,222,32,1,-0.866025,-0.5,0.0,0,25.7,26.9,0.0,52.6,78.9,192.0,27.43,36.41,0,0,0,0,0,0,0.0,0.0,0.0,17.0,0.38,1,0,0.0,0.0,0
3145,2023-08-11,2023,8,11,223,32,1,-0.866025,-0.5,0.0,0,0.0,25.7,26.9,25.7,52.6,78.9,11.27,34.61,0,0,0,0,0,0,0.0,0.0,0.0,18.0,0.19,1,0,0.0,0.0,0
3146,2023-08-12,2023,8,12,224,32,1,-0.866025,-0.5,0.0,0,0.0,0.0,25.7,0.0,52.6,78.9,11.27,30.94,0,0,0,0,0,0,0.0,0.0,0.0,19.0,0.19,1,0,0.0,0.0,0
3147,2023-08-13,2023,8,13,225,32,1,-0.866025,-0.5,35.6,3,0.0,0.0,0.0,35.6,61.3,88.2,12.6,29.16,0,0,1,0,0,0,0.0,0.0,0.0,20.0,0.2,1,0,0.0,0.0,0
3148,2023-08-14,2023,8,14,226,33,1,-0.866025,-0.5,27.6,3,35.6,0.0,0.0,63.2,63.2,115.8,16.54,26.79,0,0,2,0,0,0,0.0,0.0,0.0,21.0,0.3,1,0,0.0,0.0,0
3149,2023-08-15,2023,8,15,227,33,1,-0.866025,-0.5,69.3,4,27.6,35.6,0.0,132.5,132.5,158.2,22.6,28.62,1,0,3,0,0,0,0.0,0.0,0.0,22.0,0.67,1,1,0.5,10.0,2
3150,2023-08-16,2023,8,16,228,33,1,-0.866025,-0.5,121.2,4,69.3,27.6,35.6,218.1,253.7,253.7,36.24,32.66,1,1,4,0,0,0,0.0,0.0,0.0,23.0,0.83,1,1,1.4,17.0,3
3151,2023-08-17,2023,8,17,229,33,1,-0.866025,-0.5,0.0,0,121.2,69.3,27.6,190.5,253.7,253.7,36.24,31.66,0,0,0,0,0,0,0.0,0.0,0.0,24.0,0.48,1,0,0.0,0.0,0
3152,2023-08-18,2023,8,18,230,33,1,-0.866025,-0.5,0.0,0,0.0,121.2,69.3,121.2,218.1,253.7,36.24,30.42,0,0,0,0,0,0,0.0,0.0,0.0,25.0,0.48,1,0,0.0,0.0,0
3153,2023-08-19,2023,8,19,231,33,1,-0.866025,-0.5,0.0,0,0.0,0.0,121.2,0.0,190.5,253.7,36.24,27.79,0,0,0,0,0,0,0.0,0.0,0.0,26.0,0.48,1,0,0.0,0.0,0
3154,2023-08-20,2023,8,20,232,33,1,-0.866025,-0.5,88.7,4,0.0,0.0,0.0,88.7,209.9,306.8,43.83,30.75,1,0,1,0,0,0,0.0,0.0,0.0,27.0,0.58,1,0,0.0,0.0,0
3155,2023-08-21,2023,8,21,233,34,1,-0.866025,-0.5,0.0,0,88.7,0.0,0.0,88.7,88.7,279.2,39.89,30.75,0,0,0,0,0,0,0.0,0.0,0.0,28.0,0.53,1,0,0.0,0.0,0
3156,2023-08-22,2023,8,22,234,34,1,-0.866025,-0.5,25.9,3,0.0,88.7,0.0,114.6,114.6,235.8,33.69,28.4,0,0,1,0,0,0,0.0,0.0,0.0,29.0,0.45,1,0,0.0,0.0,0
3157,2023-08-23,2023,8,23,235,34,1,-0.866025,-0.5,0.0,0,25.9,0.0,88.7,25.9,114.6,114.6,16.37,25.06,0,0,0,0,0,0,0.0,0.0,0.0,0.0,0.25,1,0,0.0,0.0,0
3158,2023-08-24,2023,8,24,236,34,1,-0.866025,-0.5,0.0,0,0.0,25.9,0.0,25.9,114.6,114.6,16.37,22.97,0,0,0,0,0,0,0.0,0.0,0.0,0.0,0.25,1,0,0.0,0.0,0
3159,2023-08-25,2023,8,25,237,34,1,-0.866025,-0.5,0.0,0,0.0,0.0,25.9,0.0,25.9,114.6,16.37,22.97,0,0,0,0,0,0,0.0,0.0,0.0,0.0,0.25,1,0,0.0,0.0,0
3160,2023-08-26,2023,8,26,238,34,1,-0.866025,-0.5,153.8,4,0.0,0.0,0.0,153.8,179.7,268.4,38.34,28.09,1,1,1,0,0,0,0.0,0.0,0.0,0.0,0.51,1,1,0.8,16.0,2
3161,2023-08-27,2023,8,27,239,34,1,-0.866025,-0.5,0.0,0,153.8,0.0,0.0,153.8,153.8,179.7,25.67,25.83,0,0,0,0,0,0,0.0,0.0,0.0,0.0,0.36,1,1,0.4,11.0,1
3162,2023-08-28,2023,8,28,240,35,1,-0.866025,-0.5,40.7,3,0.0,153.8,0.0,194.5,194.5,220.4,31.49,25.92,0,0,1,0,0,0,0.0,0.0,0.0,0.0,0.43,1,0,0.0,0.0,0
3163,2023-08-29,2023,8,29,241,35,1,-0.866025,-0.5,38.6,3,40.7,0.0,153.8,79.3,233.1,233.1,33.3,27.21,0,0,2,0,0,0,0.0,0.0,0.0,0.0,0.5,1,0,0.0,0.0,0
3164,2023-08-30,2023,8,30,242,35,1,-0.866025,-0.5,0.0,0,38.6,40.7,0.0,79.3,233.1,233.1,33.3,27.21,0,0,0,0,0,0,0.0,0.0,0.0,0.0,0.45,1,0,0.0,0.0,0
3165,2023-08-31,2023,8,31,243,35,1,-0.866025,-0.5,36.9,3,0.0,38.6,40.7,75.5,116.2,270.0,38.57,28.44,0,0,1,0,0,0,0.0,0.0,0.0,0.0,0.51,1,0,0.0,0.0,0
3166,2023-09-01,2023,9,1,244,35,1,-1.0,-0.0,51.9,4,36.9,0.0,38.6,88.8,168.1,321.9,45.99,30.17,1,0,2,0,0,0,0.0,0.0,0.0,0.0,0.65,1,1,0.5,13.0,2
3167,2023-09-02,2023,9,2,245,35,1,-1.0,-0.0,34.8,3,51.9,36.9,0.0,123.6,162.2,202.9,28.99,30.57,0,0,3,0,0,0,0.0,0.0,0.0,0.0,0.75,1,0,0.0,0.0,0
3168,2023-09-03,2023,9,3,246,35,1,-1.0,-0.0,13.3,3,34.8,51.9,36.9,100.0,136.9,216.2,30.89,27.24,0,0,4,0,0,0,0.0,0.0,0.0,0.0,0.77,1,0,0.0,0.0,0
3169,2023-09-04,2023,9,4,247,36,1,-1.0,-0.0,14.7,3,13.3,34.8,51.9,62.8,151.6,190.2,27.17,27.73,0,0,5,0,0,0,0.0,0.0,0.0,0.0,0.73,1,0,0.0,0.0,0
3170,2023-09-05,2023,9,5,248,36,1,-1.0,-0.0,0.0,0,14.7,13.3,34.8,28.0,114.7,151.6,21.66,26.85,0,0,0,0,0,0,0.0,0.0,0.0,0.0,0.31,1,0,0.0,0.0,0
3171,2023-09-06,2023,9,6,249,36,1,-1.0,-0.0,40.4,3,0.0,14.7,13.3,55.1,103.2,192.0,27.43,28.2,0,0,1,0,0,0,0.0,0.0,0.0,0.0,0.38,1,0,0.0,0.0,0
3172,2023-09-07,2023,9,7,250,36,1,-1.0,-0.0,0.0,0,40.4,0.0,14.7,40.4,68.4,155.1,22.16,27.3,0,0,0,0,0,0,0.0,0.0,0.0,0.0,0.32,1,0,0.0,0.0,0
3173,2023-09-08,2023,9,8,251,36,1,-1.0,-0.0,0.0,0,0.0,40.4,0.0,40.4,55.1,103.2,14.74,26.45,0,0,0,0,0,0,0.0,0.0,0.0,0.0,0.23,1,0,0.0,0.0,0
3174,2023-09-09,2023,9,9,252,36,1,-1.0,-0.0,0.0,0,0.0,0.0,40.4,0.0,40.4,68.4,9.77,26.45,0,0,0,0,0,0,0.0,0.0,0.0,0.0,0.17,1,0,0.0,0.0,0
3175,2023-09-10,2023,9,10,253,36,1,-1.0,-0.0,0.0,0,0.0,0.0,0.0,0.0,40.4,55.1,7.87,26.45,0,0,0,0,0,0,0.0,0.0,0.0,0.0,0.14,1,0,0.0,0.0,0
3176,2023-09-11,2023,9,11,254,37,1,-1.0,-0.0,14.8,3,0.0,0.0,0.0,14.8,14.8,55.2,7.89,26.94,0,0,1,0,0,0,0.0,0.0,0.0,0.0,0.14,1,0,0.0,0.0,0
3177,2023-09-12,2023,9,12,255,37,1,-1.0,-0.0,6.4,2,14.8,0.0,0.0,21.2,21.2,61.6,8.8,25.97,0,0,2,0,0,0,0.0,0.0,0.0,0.0,0.21,1,0,0.0,0.0,0
3178,2023-09-13,2023,9,13,256,37,1,-1.0,-0.0,0.0,0,6.4,14.8,0.0,21.2,21.2,21.2,3.03,25.05,0,0,0,0,0,0,0.0,0.0,0.0,0.0,0.09,1,0,0.0,0.0,0
3179,2023-09-14,2023,9,14,257,37,1,-1.0,-0.0,0.0,0,0.0,6.4,14.8,6.4,21.2,21.2,3.03,22.74,0,0,0,0,0,0,0.0,0.0,0.0,0.0,0.09,1,0,0.0,0.0,0
3180,2023-09-15,2023,9,15,258,37,1,-1.0,-0.0,47.3,3,0.0,0.0,6.4,47.3,68.5,68.5,9.79,20.27,0,0,1,0,0,0,0.0,0.0,0.0,0.0,0.17,1,0,0.0,0.0,0
3181,2023-09-16,2023,9,16,259,37,1,-1.0,-0.0,29.3,3,47.3,0.0,0.0,76.6,83.0,97.8,13.97,21.25,0,0,2,0,0,0,0.0,0.0,0.0,0.0,0.27,1,0,0.0,0.0,0
3182,2023-09-17,2023,9,17,260,37,1,-1.0,-0.0,0.0,0,29.3,47.3,0.0,76.6,76.6,97.8,13.97,21.25,0,0,0,0,0,0,0.0,0.0,0.0,0.0,0.22,1,0,0.0,0.0,0
3183,2023-09-18,2023,9,18,261,38,1,-1.0,-0.0,105.7,4,0.0,29.3,47.3,135.0,182.3,188.7,26.96,24.77,1,1,1,0,0,0,0.0,0.0,20.0,300.0,0.8,1,1,0.7,10.0,2
3184,2023-09-19,2023,9,19,262,38,1,-1.0,-0.0,117.2,4,105.7,0.0,29.3,222.9,299.5,299.5,42.79,25.72,1,1,2,0,0,0,0.0,0.0,0.0,0.0,0.61,1,1,1.0,34.0,3
3185,2023-09-20,2023,9,20,263,38,1,-1.0,-0.0,0.0,0,117.2,105.7,0.0,222.9,252.2,299.5,42.79,25.72,0,0,0,0,0,0,0.0,0.0,0.0,0.0,0.56,1,0,0.0,0.0,0
3186,2023-09-21,2023,9,21,264,38,1,-1.0,-0.0,0.0,0,0.0,117.2,105.7,117.2,222.9,299.5,42.79,24.86,0,0,0,0,0,0,0.0,0.0,0.0,0.0,0.56,1,0,0.0,0.0,0
3187,2023-09-22,2023,9,22,265,38,1,-1.0,-0.0,96.6,4,0.0,0.0,117.2,96.6,319.5,348.8,49.83,28.08,1,0,1,0,0,0,0.0,0.0,0.0,0.0,0.65,1,0,0.0,0.0,0
3188,2023-09-23,2023,9,23,266,38,1,-1.0,-0.0,0.0,0,96.6,0.0,0.0,96.6,213.8,319.5,45.64,28.08,0,0,0,0,0,0,0.0,0.0,0.0,0.0,0.6,1,1,0.4,11.0,1
3189,2023-09-24,2023,9,24,267,38,1,-1.0,-0.0,0.0,0,0.0,96.6,0.0,96.6,96.6,319.5,45.64,28.08,0,0,0,0,0,0,0.0,0.0,0.0,0.0,0.6,1,0,0.0,0.0,0
3190,2023-09-25,2023,9,25,268,39,1,-1.0,-0.0,104.3,4,0.0,0.0,96.6,104.3,200.9,318.1,45.44,26.43,1,1,1,0,0,0,0.0,0.0,0.0,0.0,0.6,1,0,0.0,0.0,0
3191,2023-09-26,2023,9,26,269,39,1,-1.0,-0.0,0.0,0,104.3,0.0,0.0,104.3,200.9,200.9,28.7,26.43,0,0,0,0,0,0,0.0,0.0,0.0,0.0,0.39,1,0,0.0,0.0,0
3192,2023-09-27,2023,9,27,270,39,1,-1.0,-0.0,24.9,3,0.0,104.3,0.0,129.2,129.2,225.8,32.26,25.9,0,0,1,0,0,0,0.0,0.0,0.0,0.0,0.44,1,0,0.0,0.0,0
3193,2023-09-28,2023,9,28,271,39,1,-1.0,-0.0,23.4,3,24.9,0.0,104.3,48.3,152.6,249.2,35.6,25.4,0,0,2,0,0,0,0.0,0.0,0.0,0.0,0.53,1,0,0.0,0.0,0
3194,2023-09-29,2023,9,29,272,39,1,-1.0,-0.0,0.0,0,23.4,24.9,0.0,48.3,152.6,152.6,21.8,25.4,0,0,0,0,0,0,0.0,0.0,0.0,0.0,0.31,1,0,0.0,0.0,0
3195,2023-09-30,2023,9,30,273,39,1,-1.0,-0.0,3.1,2,0.0,23.4,24.9,26.5,51.4,155.7,22.24,24.27,0,0,1,0,0,0,0.0,0.0,0.0,0.0,0.32,1,0,0.0,0.0,0
3196,2023-10-01,2023,10,1,274,39,1,-0.866025,0.5,0.0,0,3.1,0.0,23.4,3.1,51.4,155.7,22.24,22.54,0,0,0,0,0,0,0.0,0.0,0.0,0.0,0.32,1,0,0.0,0.0,0
3197,2023-10-02,2023,10,2,275,40,1,-0.866025,0.5,153.1,4,0.0,3.1,0.0,156.2,179.6,204.5,29.21,26.48,1,1,1,0,0,0,0.0,0.0,0.0,0.0,0.4,1,1,0.5,8.0,2
3198,2023-10-03,2023,10,3,276,40,1,-0.866025,0.5,104.1,4,153.1,0.0,3.1,257.2,260.3,308.6,44.09,29.51,1,1,2,0,0,0,0.0,0.0,0.0,0.0,0.63,1,1,1.4,41.0,3
3199,2023-10-04,2023,10,4,277,40,1,-0.866025,0.5,0.0,0,104.1,153.1,0.0,257.2,260.3,283.7,40.53,29.02,0,0,0,0,0,0,0.0,0.0,0.0,0.0,0.54,1,0,0.0,0.0,0
3200,2023-10-05,2023,10,5,278,40,1,-0.866025,0.5,124.3,4,0.0,104.1,153.1,228.4,381.5,384.6,54.94,33.16,1,1,1,0,0,0,0.0,0.0,0.0,0.0,0.71,1,1,0.8,28.0,3
3201,2023-10-06,2023,10,6,279,40,1,-0.866025,0.5,0.0,0,124.3,0.0,104.1,124.3,381.5,384.6,54.94,31.82,0,0,0,0,0,0,0.0,0.0,0.0,0.0,0.71,1,0,0.0,0.0,0
3202,2023-10-07,2023,10,7,280,40,1,-0.866025,0.5,91.3,4,0.0,124.3,0.0,215.6,319.7,472.8,67.54,34.86,1,0,1,0,0,0,0.0,0.0,0.0,0.0,0.86,1,1,0.8,38.0,3
3203,2023-10-08,2023,10,8,281,40,1,-0.866025,0.5,0.0,0,91.3,0.0,124.3,91.3,215.6,472.8,67.54,34.86,0,0,0,0,0,0,0.0,0.0,0.0,0.0,0.86,1,0,0.0,0.0,0
3204,2023-10-09,2023,10,9,282,41,1,-0.866025,0.5,0.0,0,0.0,91.3,0.0,91.3,215.6,319.7,45.67,34.86,0,0,0,0,0,0,0.0,0.0,0.0,0.0,0.6,1,1,0.2,6.0,1
3205,2023-10-10,2023,10,10,283,41,1,-0.866025,0.5,16.5,3,0.0,0.0,91.3,16.5,107.8,232.1,33.16,35.41,0,0,1,0,0,0,0.0,0.0,0.0,0.0,0.45,1,0,0.0,0.0,0
3206,2023-10-11,2023,10,11,284,41,1,-0.866025,0.5,0.0,0,16.5,0.0,0.0,16.5,107.8,232.1,33.16,34.92,0,0,0,0,0,0,0.0,0.0,0.0,0.0,0.45,1,0,0.0,0.0,0
3207,2023-10-12,2023,10,12,285,41,1,-0.866025,0.5,77.4,4,0.0,16.5,0.0,93.9,93.9,185.2,26.46,37.28,1,0,1,0,0,0,0.0,0.0,0.0,0.0,0.37,1,0,0.0,0.0,0
3208,2023-10-13,2023,10,13,286,41,1,-0.866025,0.5,0.0,0,77.4,0.0,16.5,77.4,93.9,185.2,26.46,37.28,0,0,0,0,0,0,0.0,0.0,0.0,0.0,0.37,1,0,0.0,0.0,0
3209,2023-10-14,2023,10,14,287,41,1,-0.866025,0.5,0.0,0,0.0,77.4,0.0,77.4,93.9,93.9,13.41,37.28,0,0,0,0,0,0,0.0,0.0,0.0,0.0,0.21,1,0,0.0,0.0,0
3210,2023-10-15,2023,10,15,288,41,1,-0.866025,0.5,0.0,0,0.0,0.0,77.4,0.0,77.4,93.9,13.41,35.71,0,0,0,0,0,0,0.0,0.0,0.0,0.0,0.21,1,0,0.0,0.0,0
3211,2023-10-16,2023,10,16,289,42,1,-0.866025,0.5,90.8,4,0.0,0.0,0.0,90.8,168.2,184.7,26.39,37.76,1,0,1,0,0,0,0.0,0.0,0.0,0.0,0.37,1,1,0.2,9.0,1
3212,2023-10-17,2023,10,17,290,42,1,-0.866025,0.5,33.6,3,90.8,0.0,0.0,124.4,124.4,201.8,28.83,38.88,0,0,2,0,0,0,0.0,0.0,0.0,0.0,0.45,1,0,0.0,0.0,0
3213,2023-10-18,2023,10,18,291,42,1,-0.866025,0.5,25.5,3,33.6,90.8,0.0,149.9,149.9,227.3,32.47,36.2,0,0,3,0,0,0,0.0,0.0,0.0,0.0,0.79,1,0,0.0,0.0,0
3214,2023-10-19,2023,10,19,292,42,1,-0.866025,0.5,90.7,4,25.5,33.6,90.8,149.8,240.6,240.6,34.37,35.32,1,0,4,0,0,0,0.0,0.0,0.0,0.0,0.81,1,1,0.7,18.0,2
3215,2023-10-20,2023,10,20,293,42,1,-0.866025,0.5,74.7,4,90.7,25.5,33.6,190.9,315.3,315.3,45.04,37.81,1,0,5,0,0,0,0.0,0.0,0.0,0.0,0.94,1,1,1.1,23.0,3
3216,2023-10-21,2023,10,21,294,42,1,-0.866025,0.5,26.3,3,74.7,90.7,25.5,191.7,250.8,341.6,48.8,38.69,0,0,6,0,0,0,0.0,0.0,0.0,0.0,0.99,1,1,0.5,6.0,2
3217,2023-10-22,2023,10,22,295,42,1,-0.866025,0.5,117.6,4,26.3,74.7,90.7,218.6,334.8,459.2,65.6,39.39,1,1,7,0,0,0,0.0,0.0,0.0,0.0,1.0,1,1,0.8,38.0,3
3218,2023-10-23,2023,10,23,296,43,1,-0.866025,0.5,0.0,0,117.6,26.3,74.7,143.9,309.3,368.4,52.63,39.39,0,0,0,0,0,0,0.0,0.0,0.0,0.0,0.68,1,0,0.0,0.0,0
3219,2023-10-24,2023,10,24,297,43,1,-0.866025,0.5,85.0,4,0.0,117.6,26.3,202.6,303.6,419.8,59.97,42.22,1,0,1,0,0,0,0.0,0.0,0.0,0.0,0.77,1,0,0.0,0.0,0
3220,2023-10-25,2023,10,25,298,43,1,-0.866025,0.5,83.6,4,85.0,0.0,117.6,168.6,312.5,477.9,68.27,41.53,1,0,2,0,0,0,0.0,0.0,0.0,0.0,0.92,1,1,0.9,39.0,3
3221,2023-10-26,2023,10,26,299,43,1,-0.866025,0.5,29.4,3,83.6,85.0,0.0,198.0,315.6,416.6,59.51,42.51,0,0,3,0,0,0,0.0,0.0,0.0,0.0,1.0,1,1,0.5,13.0,2
3222,2023-10-27,2023,10,27,300,43,1,-0.866025,0.5,67.6,4,29.4,83.6,85.0,180.6,265.6,409.5,58.5,43.93,1,0,4,0,0,0,0.0,0.0,0.0,0.0,1.0,1,1,0.8,35.0,3
3223,2023-10-28,2023,10,28,301,43,1,-0.866025,0.5,0.0,0,67.6,29.4,83.6,97.0,265.6,383.2,54.74,43.15,0,0,0,0,0,0,0.0,0.0,0.0,0.0,0.71,1,1,0.3,7.0,1
3224,2023-10-29,2023,10,29,302,43,1,-0.866025,0.5,0.0,0,0.0,67.6,29.4,67.6,180.6,265.6,37.94,43.15,0,0,0,0,0,0,0.0,0.0,0.0,0.0,0.51,1,0,0.0,0.0,0
3225,2023-10-30,2023,10,30,303,44,1,-0.866025,0.5,103.4,4,0.0,0.0,67.6,103.4,200.4,369.0,52.71,46.5,1,1,1,0,0,0,0.0,0.0,0.0,0.0,0.68,1,0,0.0,0.0,0
3226,2023-10-31,2023,10,31,304,44,1,-0.866025,0.5,0.0,0,103.4,0.0,0.0,103.4,171.0,284.0,40.57,46.5,0,0,0,0,0,0,0.0,0.0,0.0,0.0,0.54,1,0,0.0,0.0,0
3227,2023-11-01,2023,11,1,305,44,1,-0.5,0.866025,26.7,3,0.0,103.4,0.0,130.1,130.1,227.1,32.44,42.28,0,0,1,0,0,0,0.0,0.0,0.0,0.0,0.44,1,0,0.0,0.0,0
3228,2023-11-02,2023,11,2,306,44,1,-0.5,0.866025,11.5,3,26.7,0.0,103.4,38.2,141.6,209.2,29.89,39.2,0,0,2,0,0,0,0.0,0.0,0.0,0.0,0.46,1,0,0.0,0.0,0
3229,2023-11-03,2023,11,3,307,44,1,-0.5,0.866025,82.2,4,11.5,26.7,0.0,120.4,223.8,223.8,31.97,41.94,1,0,3,0,0,0,0.0,0.0,0.0,0.0,0.78,1,1,0.9,16.0,2
3230,2023-11-04,2023,11,4,308,44,1,-0.5,0.866025,3.3,2,82.2,11.5,26.7,97.0,123.7,227.1,32.44,37.9,0,0,4,0,0,0,0.0,0.0,0.0,0.0,0.79,1,0,0.0,0.0,0
3231,2023-11-05,2023,11,5,309,44,1,-0.5,0.866025,0.0,0,3.3,82.2,11.5,85.5,123.7,227.1,32.44,37.9,0,0,0,0,0,0,0.0,0.0,0.0,0.0,0.44,1,0,0.0,0.0,0
3232,2023-11-06,2023,11,6,310,45,1,-0.5,0.866025,0.0,0,0.0,3.3,82.2,3.3,97.0,123.7,17.67,34.86,0,0,0,0,0,0,0.0,0.0,0.0,0.0,0.26,1,0,0.0,0.0,0
3233,2023-11-07,2023,11,7,311,45,1,-0.5,0.866025,0.0,0,0.0,0.0,3.3,0.0,85.5,123.7,17.67,34.86,0,0,0,0,0,0,0.0,0.0,0.0,0.0,0.26,1,0,0.0,0.0,0
3234,2023-11-08,2023,11,8,312,45,1,-0.5,0.866025,0.0,0,0.0,0.0,0.0,0.0,3.3,97.0,13.86,34.86,0,0,0,0,0,0,0.0,0.0,0.0,0.0,0.22,1,0,0.0,0.0,0
3235,2023-11-09,2023,11,9,313,45,1,-0.5,0.866025,0.0,0,0.0,0.0,0.0,0.0,0.0,85.5,12.21,34.31,0,0,0,0,0,0,0.0,0.0,0.0,0.0,0.2,1,0,0.0,0.0,0
3236,2023-11-10,2023,11,10,314,45,1,-0.5,0.866025,0.0,0,0.0,0.0,0.0,0.0,0.0,3.3,0.47,34.31,0,0,0,0,0,0,0.0,0.0,0.0,0.0,0.06,1,0,0.0,0.0,0
3237,2023-11-11,2023,11,11,315,45,1,-0.5,0.866025,62.3,4,0.0,0.0,0.0,62.3,62.3,62.3,8.9,33.81,1,0,1,0,0,0,0.0,0.0,0.0,0.0,0.16,1,0,0.0,0.0,0
3238,2023-11-12,2023,11,12,316,45,1,-0.5,0.866025,0.0,0,62.3,0.0,0.0,62.3,62.3,62.3,8.9,33.81,0,0,0,0,0,0,0.0,0.0,0.0,0.0,0.16,1,0,0.0,0.0,0
3239,2023-11-13,2023,11,13,317,46,1,-0.5,0.866025,114.0,4,0.0,62.3,0.0,176.3,176.3,176.3,25.19,37.61,1,1,1,0,0,0,0.0,0.0,0.0,0.0,0.35,1,0,0.0,0.0,0
3240,2023-11-14,2023,11,14,318,46,1,-0.5,0.866025,0.0,0,114.0,0.0,62.3,114.0,176.3,176.3,25.19,37.61,0,0,0,0,0,0,0.0,0.0,0.0,0.0,0.35,1,0,0.0,0.0,0
3241,2023-11-15,2023,11,15,319,46,1,-0.5,0.866025,0.0,0,0.0,114.0,0.0,114.0,176.3,176.3,25.19,34.58,0,0,0,0,0,0,0.0,0.0,0.0,0.0,0.35,1,0,0.0,0.0,0
3242,2023-11-16,2023,11,16,320,46,1,-0.5,0.866025,111.3,4,0.0,0.0,114.0,111.3,225.3,287.6,41.09,37.17,1,1,1,0,0,0,0.0,0.0,0.0,0.0,0.54,1,1,0.6,18.0,2
3243,2023-11-17,2023,11,17,321,46,1,-0.5,0.866025,0.0,0,111.3,0.0,0.0,111.3,225.3,287.6,41.09,36.32,0,0,0,0,0,0,0.0,0.0,0.0,0.0,0.54,1,0,0.0,0.0,0
3244,2023-11-18,2023,11,18,322,46,1,-0.5,0.866025,44.5,3,0.0,111.3,0.0,155.8,155.8,269.8,38.54,34.78,0,0,1,0,0,0,0.0,0.0,0.0,0.0,0.51,1,0,0.0,0.0,0
3245,2023-11-19,2023,11,19,323,46,1,-0.5,0.866025,30.6,3,44.5,0.0,111.3,75.1,186.4,300.4,42.91,33.31,0,0,2,0,0,0,0.0,0.0,0.0,0.0,0.61,1,0,0.0,0.0,0
3246,2023-11-20,2023,11,20,324,47,1,-0.5,0.866025,10.5,3,30.6,44.5,0.0,85.6,196.9,196.9,28.13,32.78,0,0,3,0,0,0,0.0,0.0,0.0,0.0,0.74,1,0,0.0,0.0,0
3247,2023-11-21,2023,11,21,325,47,1,-0.5,0.866025,0.0,0,10.5,30.6,44.5,41.1,85.6,196.9,28.13,28.86,0,0,0,0,0,0,0.0,0.0,0.0,0.0,0.39,1,0,0.0,0.0,0
3248,2023-11-22,2023,11,22,326,47,1,-0.5,0.866025,53.0,4,0.0,10.5,30.6,63.5,138.6,249.9,35.7,30.63,1,0,1,0,0,0,0.0,0.0,0.0,0.0,0.48,1,0,0.0,0.0,0
3249,2023-11-23,2023,11,23,327,47,1,-0.5,0.866025,33.3,3,53.0,0.0,10.5,86.3,127.4,171.9,24.56,28.91,0,0,2,0,0,0,0.0,0.0,0.0,0.0,0.39,1,0,0.0,0.0,0
3250,2023-11-24,2023,11,24,328,47,1,-0.5,0.866025,84.6,4,33.3,53.0,0.0,170.9,181.4,256.5,36.64,28.94,1,0,3,0,0,0,0.0,0.0,0.0,0.0,0.84,1,1,1.0,28.0,3
3251,2023-11-25,2023,11,25,329,47,1,-0.5,0.866025,40.1,3,84.6,33.3,53.0,158.0,211.0,252.1,36.01,29.3,0,0,4,0,0,0,0.0,0.0,0.0,0.0,0.83,1,1,0.5,8.0,2
3252,2023-11-26,2023,11,26,330,47,1,-0.5,0.866025,41.8,3,40.1,84.6,33.3,166.5,252.8,263.3,37.61,28.44,0,0,5,0,0,0,0.0,0.0,0.0,0.0,0.85,1,0,0.0,0.0,0
3253,2023-11-27,2023,11,27,331,48,1,-0.5,0.866025,18.6,3,41.8,40.1,84.6,100.5,218.4,271.4,38.77,29.06,0,0,6,0,0,0,0.0,0.0,0.0,0.0,0.87,1,0,0.0,0.0,0
3254,2023-11-28,2023,11,28,332,48,1,-0.5,0.866025,32.4,3,18.6,41.8,40.1,92.8,217.5,303.8,43.4,30.14,0,0,7,0,0,0,0.0,0.0,0.0,0.0,0.92,1,1,0.8,19.0,2
3255,2023-11-29,2023,11,29,333,48,1,-0.5,0.866025,0.0,0,32.4,18.6,41.8,51.0,132.9,250.8,35.83,26.69,0,0,0,0,0,0,0.0,0.0,0.0,0.0,0.48,1,0,0.0,0.0,0
3256,2023-11-30,2023,11,30,334,48,1,-0.5,0.866025,0.0,0,0.0,32.4,18.6,32.4,92.8,217.5,31.07,26.69,0,0,0,0,0,0,0.0,0.0,0.0,0.0,0.42,1,0,0.0,0.0,0
3257,2023-12-01,2023,12,1,335,48,0,-0.0,1.0,27.7,3,0.0,0.0,32.4,27.7,78.7,160.6,22.94,26.72,0,0,1,0,0,0,0.0,0.0,0.0,0.0,0.33,1,0,0.0,0.0,0
3258,2023-12-02,2023,12,2,336,48,0,-0.0,1.0,0.0,0,27.7,0.0,0.0,27.7,60.1,120.5,17.21,26.34,0,0,0,0,0,0,0.0,0.0,0.0,0.0,0.26,1,0,0.0,0.0,0
3259,2023-12-03,2023,12,3,337,48,0,-0.0,1.0,0.0,0,0.0,27.7,0.0,27.7,27.7,78.7,11.24,23.6,0,0,0,0,0,0,0.0,0.0,0.0,0.0,0.18,1,0,0.0,0.0,0
3260,2023-12-04,2023,12,4,338,49,0,-0.0,1.0,0.0,0,0.0,0.0,27.7,0.0,27.7,60.1,8.59,23.49,0,0,0,0,0,0,0.0,0.0,0.0,0.0,0.15,1,0,0.0,0.0,0
3261,2023-12-05,2023,12,5,339,49,0,-0.0,1.0,0.0,0,0.0,0.0,0.0,0.0,27.7,27.7,3.96,23.49,0,0,0,0,0,0,0.0,0.0,0.0,0.0,0.1,1,0,0.0,0.0,0
3262,2023-12-06,2023,12,6,340,49,0,-0.0,1.0,0.0,0,0.0,0.0,0.0,0.0,0.0,27.7,3.96,23.49,0,0,0,0,0,0,0.0,0.0,0.0,0.0,0.1,1,0,0.0,0.0,0
3263,2023-12-07,2023,12,7,341,49,0,-0.0,1.0,0.0,0,0.0,0.0,0.0,0.0,0.0,27.7,3.96,23.49,0,0,0,0,0,0,0.0,0.0,0.0,0.0,0.1,1,0,0.0,0.0,0
3264,2023-12-08,2023,12,8,342,49,0,-0.0,1.0,0.0,0,0.0,0.0,0.0,0.0,0.0,0.0,0.0,23.49,0,0,0,0,0,0,0.0,0.0,0.0,0.0,0.05,1,0,0.0,0.0,0
3265,2023-12-09,2023,12,9,343,49,0,-0.0,1.0,0.0,0,0.0,0.0,0.0,0.0,0.0,0.0,0.0,23.49,0,0,0,0,0,0,0.0,0.0,0.0,0.0,0.05,1,0,0.0,0.0,0
3266,2023-12-10,2023,12,10,344,49,0,-0.0,1.0,0.0,0,0.0,0.0,0.0,0.0,0.0,0.0,0.0,23.49,0,0,0,0,0,0,0.0,0.0,0.0,0.0,0.05,1,0,0.0,0.0,0
3267,2023-12-11,2023,12,11,345,50,0,-0.0,1.0,38.6,3,0.0,0.0,0.0,38.6,38.6,38.6,5.51,22.7,0,0,1,0,0,0,0.0,0.0,0.0,0.0,0.12,1,0,0.0,0.0,0
3268,2023-12-12,2023,12,12,346,50,0,-0.0,1.0,0.0,0,38.6,0.0,0.0,38.6,38.6,38.6,5.51,22.7,0,0,0,0,0,0,0.0,0.0,0.0,0.0,0.12,1,0,0.0,0.0,0
3269,2023-12-13,2023,12,13,347,50,0,-0.0,1.0,0.0,0,0.0,38.6,0.0,38.6,38.6,38.6,5.51,18.9,0,0,0,0,0,0,0.0,0.0,0.0,0.0,0.12,1,0,0.0,0.0,0
3270,2023-12-14,2023,12,14,348,50,0,-0.0,1.0,24.3,3,0.0,0.0,38.6,24.3,62.9,62.9,8.99,19.71,0,0,1,0,0,0,0.0,0.0,0.0,0.0,0.16,1,0,0.0,0.0,0
3271,2023-12-15,2023,12,15,349,50,0,-0.0,1.0,0.0,0,24.3,0.0,0.0,24.3,62.9,62.9,8.99,19.71,0,0,0,0,0,0,0.0,0.0,0.0,0.0,0.16,1,0,0.0,0.0,0
3272,2023-12-16,2023,12,16,350,50,0,-0.0,1.0,15.4,3,0.0,24.3,0.0,39.7,39.7,78.3,11.19,16.51,0,0,1,0,0,0,0.0,0.0,0.0,0.0,0.18,1,0,0.0,0.0,0
3273,2023-12-17,2023,12,17,351,50,0,-0.0,1.0,0.0,0,15.4,0.0,24.3,15.4,39.7,78.3,11.19,16.51,0,0,0,0,0,0,0.0,0.0,0.0,0.0,0.18,1,0,0.0,0.0,0
3274,2023-12-18,2023,12,18,352,51,0,-0.0,1.0,20.5,3,0.0,15.4,0.0,35.9,60.2,60.2,8.6,15.71,0,0,1,0,0,0,0.0,0.0,0.0,0.0,0.15,1,0,0.0,0.0,0
3275,2023-12-19,2023,12,19,353,51,0,-0.0,1.0,0.0,0,20.5,0.0,15.4,20.5,35.9,60.2,8.6,14.69,0,0,0,0,0,0,0.0,0.0,0.0,0.0,0.15,1,0,0.0,0.0,0
3276,2023-12-20,2023,12,20,354,51,0,-0.0,1.0,28.7,3,0.0,20.5,0.0,49.2,64.6,88.9,12.7,15.3,0,0,1,0,0,0,0.0,0.0,0.0,0.0,0.2,1,1,0.3,8.0,1
3277,2023-12-21,2023,12,21,355,51,0,-0.0,1.0,6.5,2,28.7,0.0,20.5,35.2,55.7,71.1,10.16,15.52,0,0,2,0,0,0,0.0,0.0,0.0,0.0,0.22,1,0,0.0,0.0,0
3278,2023-12-22,2023,12,22,356,51,0,-0.0,1.0,0.0,0,6.5,28.7,0.0,35.2,55.7,71.1,10.16,13.75,0,0,0,0,0,0,0.0,0.0,0.0,0.0,0.17,1,0,0.0,0.0,0
3279,2023-12-23,2023,12,23,357,51,0,-0.0,1.0,0.5,1,0.0,6.5,28.7,7.0,35.7,56.2,8.03,12.66,0,0,1,0,0,0,0.0,0.0,0.0,0.0,0.15,1,0,0.0,0.0,0
3280,2023-12-24,2023,12,24,358,51,0,-0.0,1.0,0.0,0,0.5,0.0,6.5,0.5,35.7,56.2,8.03,9.84,0,0,0,0,0,0,0.0,0.0,0.0,0.0,0.15,1,0,0.0,0.0,0
3281,2023-12-25,2023,12,25,359,52,0,-0.0,1.0,24.9,3,0.0,0.5,0.0,25.4,31.9,60.6,8.66,9.33,0,0,1,0,0,0,0.0,0.0,0.0,0.0,0.15,1,0,0.0,0.0,0
3282,2023-12-26,2023,12,26,360,52,0,-0.0,1.0,0.0,0,24.9,0.0,0.5,24.9,25.4,60.6,8.66,7.94,0,0,0,0,0,0,0.0,0.0,0.0,0.0,0.15,1,0,0.0,0.0,0
3283,2023-12-27,2023,12,27,361,52,0,-0.0,1.0,0.0,0,0.0,24.9,0.0,24.9,25.4,31.9,4.56,7.32,0,0,0,0,0,0,0.0,0.0,0.0,0.0,0.1,1,0,0.0,0.0,0
3284,2023-12-28,2023,12,28,362,52,0,-0.0,1.0,0.0,0,0.0,0.0,24.9,0.0,24.9,25.4,3.63,6.24,0,0,0,0,0,0,0.0,0.0,0.0,0.0,0.09,1,0,0.0,0.0,0
3285,2023-12-29,2023,12,29,363,52,0,-0.0,1.0,30.2,3,0.0,0.0,0.0,30.2,55.1,55.6,7.94,7.24,0,0,1,0,0,0,0.0,0.0,0.0,0.0,0.15,1,0,0.0,0.0,0
3286,2023-12-30,2023,12,30,364,52,0,-0.0,1.0,0.0,0,30.2,0.0,0.0,30.2,30.2,55.1,7.87,7.24,0,0,0,0,0,0,0.0,0.0,0.0,0.0,0.14,1,0,0.0,0.0,0
3287,2023-12-31,2023,12,31,365,52,0,-0.0,1.0,0.0,0,0.0,30.2,0.0,30.2,30.2,55.1,7.87,6.32,0,0,0,0,0,0,0.0,0.0,0.0,0.0,0.14,1,1,0.5,8.0,1
3288,2024-01-01,2024,1,1,1,1,0,0.5,0.866025,0.0,0,0.0,0.0,30.2,0.0,30.2,30.2,4.31,6.32,0,0,0,0,0,0,0.0,0.0,0.0,0.0,0.1,1,1,0.3,10.0,1
3289,2024-01-02,2024,1,2,2,1,0,0.5,0.866025,0.0,0,0.0,0.0,0.0,0.0,30.2,30.2,4.31,6.32,0,0,0,0,0,0,0.0,0.0,0.0,0.0,0.1,1,0,0.0,0.0,0
3290,2024-01-03,2024,1,3,3,1,0,0.5,0.866025,0.0,0,0.0,0.0,0.0,0.0,0.0,30.2,4.31,6.32,0,0,0,0,0,0,0.0,0.0,0.0,0.0,0.1,1,0,0.0,0.0,0
3291,2024-01-04,2024,1,4,4,1,0,0.5,0.866025,0.0,0,0.0,0.0,0.0,0.0,0.0,30.2,4.31,6.32,0,0,0,0,0,0,0.0,0.0,0.0,0.0,0.1,1,0,0.0,0.0,0
3292,2024-01-05,2024,1,5,5,1,0,0.5,0.866025,27.4,3,0.0,0.0,0.0,27.4,27.4,27.4,3.91,7.23,0,0,1,0,0,0,0.0,0.0,0.0,0.0,0.1,1,0,0.0,0.0,0
3293,2024-01-06,2024,1,6,6,1,0,0.5,0.866025,0.0,0,27.4,0.0,0.0,27.4,27.4,27.4,3.91,7.23,0,0,0,0,0,0,0.0,0.0,0.0,0.0,0.1,1,0,0.0,0.0,0
3294,2024-01-07,2024,1,7,7,1,0,0.5,0.866025,0.0,0,0.0,27.4,0.0,27.4,27.4,27.4,3.91,7.23,0,0,0,0,0,0,0.0,0.0,0.0,0.0,0.1,1,0,0.0,0.0,0
3295,2024-01-08,2024,1,8,8,2,0,0.5,0.866025,0.0,0,0.0,0.0,27.4,0.0,27.4,27.4,3.91,7.23,0,0,0,0,0,0,0.0,0.0,0.0,0.0,0.1,1,0,0.0,0.0,0
3296,2024-01-09,2024,1,9,9,2,0,0.5,0.866025,0.0,0,0.0,0.0,0.0,0.0,27.4,27.4,3.91,7.23,0,0,0,0,0,0,0.0,0.0,0.0,0.0,0.1,1,0,0.0,0.0,0
3297,2024-01-10,2024,1,10,10,2,0,0.5,0.866025,0.0,0,0.0,0.0,0.0,0.0,0.0,27.4,3.91,5.95,0,0,0,0,0,0,0.0,0.0,0.0,0.0,0.1,1,0,0.0,0.0,0
3298,2024-01-11,2024,1,11,11,2,0,0.5,0.866025,19.1,3,0.0,0.0,0.0,19.1,19.1,46.5,6.64,6.58,0,0,1,0,0,0,0.0,0.0,0.0,0.0,0.13,1,0,0.0,0.0,0
3299,2024-01-12,2024,1,12,12,2,0,0.5,0.866025,15.8,3,19.1,0.0,0.0,34.9,34.9,34.9,4.99,7.11,0,0,2,0,0,0,0.0,0.0,0.0,0.0,0.16,1,0,0.0,0.0,0
3300,2024-01-13,2024,1,13,13,2,0,0.5,0.866025,0.0,0,15.8,19.1,0.0,34.9,34.9,34.9,4.99,6.3,0,0,0,0,0,0,0.0,0.0,0.0,0.0,0.11,1,0,0.0,0.0,0
3301,2024-01-14,2024,1,14,14,2,0,0.5,0.866025,26.7,3,0.0,15.8,19.1,42.5,61.6,61.6,8.8,7.19,0,0,1,0,0,0,0.0,0.0,0.0,0.0,0.16,1,0,0.0,0.0,0
3302,2024-01-15,2024,1,15,15,3,0,0.5,0.866025,0.0,0,26.7,0.0,15.8,26.7,61.6,61.6,8.8,6.68,0,0,0,0,0,0,0.0,0.0,0.0,0.0,0.16,1,0,0.0,0.0,0
3303,2024-01-16,2024,1,16,16,3,0,0.5,0.866025,37.0,3,0.0,26.7,0.0,63.7,79.5,98.6,14.09,7.91,0,0,1,0,0,0,0.0,0.0,0.0,0.0,0.22,1,0,0.0,0.0,0
3304,2024-01-17,2024,1,17,17,3,0,0.5,0.866025,0.0,0,37.0,0.0,26.7,37.0,63.7,98.6,14.09,7.23,0,0,0,0,0,0,0.0,0.0,0.0,0.0,0.22,1,0,0.0,0.0,0
3305,2024-01-18,2024,1,18,18,3,0,0.5,0.866025,0.0,0,0.0,37.0,0.0,37.0,63.7,79.5,11.36,7.23,0,0,0,0,0,0,0.0,0.0,0.0,0.0,0.19,1,0,0.0,0.0,0
3306,2024-01-19,2024,1,19,19,3,0,0.5,0.866025,0.0,0,0.0,0.0,37.0,0.0,37.0,63.7,9.1,6.27,0,0,0,0,0,0,0.0,0.0,0.0,0.0,0.16,1,0,0.0,0.0,0
3307,2024-01-20,2024,1,20,20,3,0,0.5,0.866025,0.0,0,0.0,0.0,0.0,0.0,37.0,63.7,9.1,6.05,0,0,0,0,0,0,0.0,0.0,0.0,0.0,0.16,1,0,0.0,0.0,0
3308,2024-01-21,2024,1,21,21,3,0,0.5,0.866025,0.0,0,0.0,0.0,0.0,0.0,0.0,37.0,5.29,6.05,0,0,0,0,0,0,0.0,0.0,0.0,0.0,0.11,1,0,0.0,0.0,0
3309,2024-01-22,2024,1,22,22,4,0,0.5,0.866025,0.0,0,0.0,0.0,0.0,0.0,0.0,37.0,5.29,6.04,0,0,0,0,0,0,0.0,0.0,0.0,0.0,0.11,1,0,0.0,0.0,0
3310,2024-01-23,2024,1,23,23,4,0,0.5,0.866025,27.2,3,0.0,0.0,0.0,27.2,27.2,27.2,3.89,6.94,0,0,1,0,0,0,0.0,0.0,0.0,0.0,0.1,1,0,0.0,0.0,0
3311,2024-01-24,2024,1,24,24,4,0,0.5,0.866025,0.0,0,27.2,0.0,0.0,27.2,27.2,27.2,3.89,6.11,0,0,0,0,0,0,0.0,0.0,0.0,0.0,0.1,1,0,0.0,0.0,0
3312,2024-01-25,2024,1,25,25,4,0,0.5,0.866025,0.0,0,0.0,27.2,0.0,27.2,27.2,27.2,3.89,6.11,0,0,0,0,0,0,0.0,0.0,0.0,0.0,0.1,1,0,0.0,0.0,0
3313,2024-01-26,2024,1,26,26,4,0,0.5,0.866025,0.0,0,0.0,0.0,27.2,0.0,27.2,27.2,3.89,6.11,0,0,0,0,0,0,0.0,0.0,0.0,0.0,0.1,1,0,0.0,0.0,0
3314,2024-01-27,2024,1,27,27,4,0,0.5,0.866025,0.0,0,0.0,0.0,0.0,0.0,27.2,27.2,3.89,6.11,0,0,0,0,0,0,0.0,0.0,0.0,0.0,0.1,1,0,0.0,0.0,0
3315,2024-01-28,2024,1,28,28,4,0,0.5,0.866025,0.0,0,0.0,0.0,0.0,0.0,0.0,27.2,3.89,5.11,0,0,0,0,0,0,0.0,0.0,0.0,0.0,0.1,1,0,0.0,0.0,0
3316,2024-01-29,2024,1,29,29,5,0,0.5,0.866025,0.0,0,0.0,0.0,0.0,0.0,0.0,27.2,3.89,5.11,0,0,0,0,0,0,0.0,0.0,0.0,0.0,0.1,1,0,0.0,0.0,0
3317,2024-01-30,2024,1,30,30,5,0,0.5,0.866025,0.0,0,0.0,0.0,0.0,0.0,0.0,0.0,0.0,5.11,0,0,0,0,0,0,0.0,0.0,0.0,0.0,0.05,1,0,0.0,0.0,0
3318,2024-01-31,2024,1,31,31,5,0,0.5,0.866025,0.0,0,0.0,0.0,0.0,0.0,0.0,0.0,0.0,5.11,0,0,0,0,0,0,0.0,0.0,0.0,0.0,0.05,1,0,0.0,0.0,0
3319,2024-02-01,2024,2,1,32,5,0,0.866025,0.5,0.0,0,0.0,0.0,0.0,0.0,0.0,0.0,0.0,5.11,0,0,0,0,0,0,0.0,0.0,0.0,0.0,0.05,1,0,0.0,0.0,0
3320,2024-02-02,2024,2,2,33,5,0,0.866025,0.5,1.8,1,0.0,0.0,0.0,1.8,1.8,1.8,0.26,5.17,0,0,1,0,0,0,0.0,0.0,0.0,0.0,0.05,1,0,0.0,0.0,0
3321,2024-02-03,2024,2,3,34,5,0,0.866025,0.5,0.0,0,1.8,0.0,0.0,1.8,1.8,1.8,0.26,5.17,0,0,0,0,0,0,0.0,0.0,0.0,0.0,0.05,1,0,0.0,0.0,0
3322,2024-02-04,2024,2,4,35,5,0,0.866025,0.5,0.0,0,0.0,1.8,0.0,1.8,1.8,1.8,0.26,4.25,0,0,0,0,0,0,0.0,0.0,0.0,0.0,0.05,1,0,0.0,0.0,0
3323,2024-02-05,2024,2,5,36,6,0,0.866025,0.5,0.0,0,0.0,0.0,1.8,0.0,1.8,1.8,0.26,4.25,0,0,0,0,0,0,0.0,0.0,0.0,0.0,0.05,1,0,0.0,0.0,0
3324,2024-02-06,2024,2,6,37,6,0,0.866025,0.5,0.0,0,0.0,0.0,0.0,0.0,1.8,1.8,0.26,4.25,0,0,0,0,0,0,0.0,0.0,0.0,0.0,0.05,1,0,0.0,0.0,0
3325,2024-02-07,2024,2,7,38,6,0,0.866025,0.5,0.0,0,0.0,0.0,0.0,0.0,0.0,1.8,0.26,4.25,0,0,0,0,0,0,0.0,0.0,0.0,0.0,0.05,1,0,0.0,0.0,0
3326,2024-02-08,2024,2,8,39,6,0,0.866025,0.5,0.0,0,0.0,0.0,0.0,0.0,0.0,1.8,0.26,4.25,0,0,0,0,0,0,0.0,0.0,0.0,0.0,0.05,1,0,0.0,0.0,0
3327,2024-02-09,2024,2,9,40,6,0,0.866025,0.5,0.0,0,0.0,0.0,0.0,0.0,0.0,0.0,0.0,4.25,0,0,0,0,0,0,0.0,0.0,0.0,0.0,0.05,1,0,0.0,0.0,0
3328,2024-02-10,2024,2,10,41,6,0,0.866025,0.5,8.3,3,0.0,0.0,0.0,8.3,8.3,8.3,1.19,3.89,0,0,1,0,0,0,0.0,0.0,0.0,0.0,0.06,1,0,0.0,0.0,0
3329,2024-02-11,2024,2,11,42,6,0,0.866025,0.5,0.0,0,8.3,0.0,0.0,8.3,8.3,8.3,1.19,3.37,0,0,0,0,0,0,0.0,0.0,0.0,0.0,0.06,1,0,0.0,0.0,0
3330,2024-02-12,2024,2,12,43,7,0,0.866025,0.5,0.0,0,0.0,8.3,0.0,8.3,8.3,8.3,1.19,3.37,0,0,0,0,0,0,0.0,0.0,0.0,0.0,0.06,1,0,0.0,0.0,0
3331,2024-02-13,2024,2,13,44,7,0,0.866025,0.5,13.2,3,0.0,0.0,8.3,13.2,21.5,21.5,3.07,2.92,0,0,1,0,0,0,0.0,0.0,0.0,0.0,0.09,1,0,0.0,0.0,0
3332,2024-02-14,2024,2,14,45,7,0,0.866025,0.5,0.7,1,13.2,0.0,0.0,13.9,22.2,22.2,3.17,2.94,0,0,2,0,0,0,0.0,0.0,0.0,0.0,0.14,1,0,0.0,0.0,0
3333,2024-02-15,2024,2,15,46,7,0,0.866025,0.5,0.0,0,0.7,13.2,0.0,13.9,13.9,22.2,3.17,1.71,0,0,0,0,0,0,0.0,0.0,0.0,0.0,0.09,1,0,0.0,0.0,0
3334,2024-02-16,2024,2,16,47,7,0,0.866025,0.5,0.0,0,0.0,0.7,13.2,0.7,13.9,22.2,3.17,1.71,0,0,0,0,0,0,0.0,0.0,0.0,0.0,0.09,1,0,0.0,0.0,0
3335,2024-02-17,2024,2,17,48,7,0,0.866025,0.5,0.0,0,0.0,0.0,0.7,0.0,13.9,13.9,1.99,1.71,0,0,0,0,0,0,0.0,0.0,0.0,0.0,0.07,1,0,0.0,0.0,0
3336,2024-02-18,2024,2,18,49,7,0,0.866025,0.5,0.0,0,0.0,0.0,0.0,0.0,0.7,13.9,1.99,1.71,0,0,0,0,0,0,0.0,0.0,0.0,0.0,0.07,1,0,0.0,0.0,0
3337,2024-02-19,2024,2,19,50,8,0,0.866025,0.5,0.0,0,0.0,0.0,0.0,0.0,0.0,13.9,1.99,1.71,0,0,0,0,0,0,0.0,0.0,0.0,0.0,0.07,1,0,0.0,0.0,0
3338,2024-02-20,2024,2,20,51,8,0,0.866025,0.5,0.0,0,0.0,0.0,0.0,0.0,0.0,0.7,0.1,1.71,0,0,0,0,0,0,0.0,0.0,0.0,0.0,0.05,1,1,0.3,10.0,1
3339,2024-02-21,2024,2,21,52,8,0,0.866025,0.5,9.9,3,0.0,0.0,0.0,9.9,9.9,9.9,1.41,2.04,0,0,1,0,0,0,0.0,0.0,0.0,0.0,0.07,1,0,0.0,0.0,0
3340,2024-02-22,2024,2,22,53,8,0,0.866025,0.5,0.0,0,9.9,0.0,0.0,9.9,9.9,9.9,1.41,1.13,0,0,0,0,0,0,0.0,0.0,0.0,0.0,0.07,1,0,0.0,0.0,0
3341,2024-02-23,2024,2,23,54,8,0,0.866025,0.5,0.4,1,0.0,9.9,0.0,10.3,10.3,10.3,1.47,1.14,0,0,1,0,0,0,0.0,0.0,0.0,0.0,0.07,1,0,0.0,0.0,0
3342,2024-02-24,2024,2,24,55,8,0,0.866025,0.5,0.0,0,0.4,0.0,9.9,0.4,10.3,10.3,1.47,1.14,0,0,0,0,0,0,0.0,0.0,0.0,0.0,0.07,1,0,0.0,0.0,0
3343,2024-02-25,2024,2,25,56,8,0,0.866025,0.5,0.0,0,0.0,0.4,0.0,0.4,10.3,10.3,1.47,1.14,0,0,0,0,0,0,0.0,0.0,0.0,0.0,0.07,1,0,0.0,0.0,0
3344,2024-02-26,2024,2,26,57,9,0,0.866025,0.5,1.9,1,0.0,0.0,0.4,1.9,2.3,12.2,1.74,1.21,0,0,1,0,0,0,0.0,0.0,0.0,0.0,0.07,1,0,0.0,0.0,0
3345,2024-02-27,2024,2,27,58,9,0,0.866025,0.5,0.0,0,1.9,0.0,0.0,1.9,2.3,12.2,1.74,1.21,0,0,0,0,0,0,0.0,0.0,0.0,0.0,0.07,1,1,0.3,10.0,1
3346,2024-02-28,2024,2,28,59,9,0,0.866025,0.5,0.0,0,0.0,1.9,0.0,1.9,1.9,2.3,0.33,1.21,0,0,0,0,0,0,0.0,0.0,0.0,0.0,0.05,1,0,0.0,0.0,0
3347,2024-02-29,2024,2,29,60,9,0,0.866025,0.5,0.0,0,0.0,0.0,1.9,0.0,1.9,2.3,0.33,1.21,0,0,0,0,0,0,0.0,0.0,0.0,0.0,0.05,1,0,0.0,0.0,0
3348,2024-03-01,2024,3,1,61,9,0,1.0,0.0,0.0,0,0.0,0.0,0.0,0.0,1.9,1.9,0.27,1.21,0,0,0,0,0,0,0.0,0.0,0.0,0.0,0.05,1,0,0.0,0.0,0
3349,2024-03-02,2024,3,2,62,9,0,1.0,0.0,0.0,0,0.0,0.0,0.0,0.0,0.0,1.9,0.27,1.21,0,0,0,0,0,0,0.0,0.0,0.0,0.0,0.05,1,0,0.0,0.0,0
3350,2024-03-03,2024,3,3,63,9,0,1.0,0.0,0.0,0,0.0,0.0,0.0,0.0,0.0,1.9,0.27,1.15,0,0,0,0,0,0,0.0,0.0,0.0,0.0,0.05,1,0,0.0,0.0,0
3351,2024-03-04,2024,3,4,64,10,0,1.0,0.0,0.0,0,0.0,0.0,0.0,0.0,0.0,0.0,0.0,1.15,0,0,0,0,0,0,0.0,0.0,0.0,0.0,0.05,1,0,0.0,0.0,0
3352,2024-03-05,2024,3,5,65,10,0,1.0,0.0,0.0,0,0.0,0.0,0.0,0.0,0.0,0.0,0.0,1.15,0,0,0,0,0,0,0.0,0.0,0.0,0.0,0.05,1,0,0.0,0.0,0
3353,2024-03-06,2024,3,6,66,10,0,1.0,0.0,0.0,0,0.0,0.0,0.0,0.0,0.0,0.0,0.0,1.15,0,0,0,0,0,0,0.0,0.0,0.0,0.0,0.05,1,0,0.0,0.0,0
3354,2024-03-07,2024,3,7,67,10,0,1.0,0.0,0.0,0,0.0,0.0,0.0,0.0,0.0,0.0,0.0,1.15,0,0,0,0,0,0,0.0,0.0,0.0,0.0,0.05,1,0,0.0,0.0,0
3355,2024-03-08,2024,3,8,68,10,0,1.0,0.0,0.0,0,0.0,0.0,0.0,0.0,0.0,0.0,0.0,1.15,0,0,0,0,0,0,0.0,0.0,0.0,0.0,0.05,1,0,0.0,0.0,0
3356,2024-03-09,2024,3,9,69,10,0,1.0,0.0,0.0,0,0.0,0.0,0.0,0.0,0.0,0.0,0.0,1.15,0,0,0,0,0,0,0.0,0.0,0.0,0.0,0.05,1,0,0.0,0.0,0
3357,2024-03-10,2024,3,10,70,10,0,1.0,0.0,0.0,0,0.0,0.0,0.0,0.0,0.0,0.0,0.0,1.15,0,0,0,0,0,0,0.0,0.0,0.0,0.0,0.05,1,0,0.0,0.0,0
3358,2024-03-11,2024,3,11,71,11,0,1.0,0.0,0.0,0,0.0,0.0,0.0,0.0,0.0,0.0,0.0,0.87,0,0,0,0,0,0,0.0,0.0,0.0,0.0,0.05,1,0,0.0,0.0,0
3359,2024-03-12,2024,3,12,72,11,0,1.0,0.0,0.0,0,0.0,0.0,0.0,0.0,0.0,0.0,0.0,0.87,0,0,0,0,0,0,0.0,0.0,0.0,0.0,0.05,1,0,0.0,0.0,0
3360,2024-03-13,2024,3,13,73,11,0,1.0,0.0,0.0,0,0.0,0.0,0.0,0.0,0.0,0.0,0.0,0.87,0,0,0,0,0,0,0.0,0.0,0.0,0.0,0.05,1,0,0.0,0.0,0
3361,2024-03-14,2024,3,14,74,11,0,1.0,0.0,0.0,0,0.0,0.0,0.0,0.0,0.0,0.0,0.0,0.43,0,0,0,0,0,0,0.0,0.0,0.0,0.0,0.05,1,0,0.0,0.0,0
3362,2024-03-15,2024,3,15,75,11,0,1.0,0.0,0.0,0,0.0,0.0,0.0,0.0,0.0,0.0,0.0,0.41,0,0,0,0,0,0,0.0,0.0,0.0,0.0,0.05,1,0,0.0,0.0,0
3363,2024-03-16,2024,3,16,76,11,0,1.0,0.0,0.0,0,0.0,0.0,0.0,0.0,0.0,0.0,0.0,0.41,0,0,0,0,0,0,0.0,0.0,0.0,0.0,0.05,1,0,0.0,0.0,0
3364,2024-03-17,2024,3,17,77,11,0,1.0,0.0,0.0,0,0.0,0.0,0.0,0.0,0.0,0.0,0.0,0.41,0,0,0,0,0,0,0.0,0.0,0.0,0.0,0.05,1,0,0.0,0.0,0
3365,2024-03-18,2024,3,18,78,12,0,1.0,0.0,0.0,0,0.0,0.0,0.0,0.0,0.0,0.0,0.0,0.41,0,0,0,0,0,0,0.0,0.0,0.0,0.0,0.05,1,0,0.0,0.0,0
3366,2024-03-19,2024,3,19,79,12,0,1.0,0.0,0.0,0,0.0,0.0,0.0,0.0,0.0,0.0,0.0,0.41,0,0,0,0,0,0,0.0,0.0,0.0,0.0,0.05,1,1,0.4,6.0,1
3367,2024-03-20,2024,3,20,80,12,0,1.0,0.0,0.0,0,0.0,0.0,0.0,0.0,0.0,0.0,0.0,0.41,0,0,0,0,0,0,0.0,0.0,0.0,0.0,0.05,1,0,0.0,0.0,0
3368,2024-03-21,2024,3,21,81,12,0,1.0,0.0,0.0,0,0.0,0.0,0.0,0.0,0.0,0.0,0.0,0.41,0,0,0,0,0,0,0.0,0.0,0.0,0.0,0.05,1,0,0.0,0.0,0
3369,2024-03-22,2024,3,22,82,12,0,1.0,0.0,0.0,0,0.0,0.0,0.0,0.0,0.0,0.0,0.0,0.08,0,0,0,0,0,0,0.0,0.0,0.0,0.0,0.05,1,0,0.0,0.0,0
3370,2024-03-23,2024,3,23,83,12,0,1.0,0.0,0.0,0,0.0,0.0,0.0,0.0,0.0,0.0,0.0,0.08,0,0,0,0,0,0,0.0,0.0,0.0,0.0,0.05,1,0,0.0,0.0,0
3371,2024-03-24,2024,3,24,84,12,0,1.0,0.0,0.0,0,0.0,0.0,0.0,0.0,0.0,0.0,0.0,0.06,0,0,0,0,0,0,0.0,0.0,0.0,0.0,0.05,1,0,0.0,0.0,0
3372,2024-03-25,2024,3,25,85,13,0,1.0,0.0,0.0,0,0.0,0.0,0.0,0.0,0.0,0.0,0.0,0.06,0,0,0,0,0,0,0.0,0.0,0.0,0.0,0.05,1,0,0.0,0.0,0
3373,2024-03-26,2024,3,26,86,13,0,1.0,0.0,0.0,0,0.0,0.0,0.0,0.0,0.0,0.0,0.0,0.06,0,0,0,0,0,0,0.0,0.0,0.0,0.0,0.05,1,0,0.0,0.0,0
3374,2024-03-27,2024,3,27,87,13,0,1.0,0.0,0.0,0,0.0,0.0,0.0,0.0,0.0,0.0,0.0,0.0,0,0,0,0,0,0,0.0,0.0,0.0,0.0,0.05,1,0,0.0,0.0,0
3375,2024-03-28,2024,3,28,88,13,0,1.0,0.0,0.0,0,0.0,0.0,0.0,0.0,0.0,0.0,0.0,0.0,0,0,0,0,0,0,0.0,0.0,0.0,0.0,0.05,1,0,0.0,0.0,0
3376,2024-03-29,2024,3,29,89,13,0,1.0,0.0,14.4,3,0.0,0.0,0.0,14.4,14.4,14.4,2.06,0.48,0,0,1,0,0,0,0.0,0.0,0.0,0.0,0.07,1,0,0.0,0.0,0
3377,2024-03-30,2024,3,30,90,13,0,1.0,0.0,0.0,0,14.4,0.0,0.0,14.4,14.4,14.4,2.06,0.48,0,0,0,0,0,0,0.0,0.0,0.0,0.0,0.07,1,0,0.0,0.0,0
3378,2024-03-31,2024,3,31,91,13,0,1.0,0.0,0.0,0,0.0,14.4,0.0,14.4,14.4,14.4,2.06,0.48,0,0,0,0,0,0,0.0,0.0,0.0,0.0,0.07,1,0,0.0,0.0,0
3379,2024-04-01,2024,4,1,92,14,0,0.866025,-0.5,0.0,0,0.0,0.0,14.4,0.0,14.4,14.4,2.06,0.48,0,0,0,0,0,0,0.0,0.0,0.0,0.0,0.07,1,0,0.0,0.0,0
3380,2024-04-02,2024,4,2,93,14,0,0.866025,-0.5,0.0,0,0.0,0.0,0.0,0.0,14.4,14.4,2.06,0.48,0,0,0,0,0,0,0.0,0.0,0.0,0.0,0.07,1,0,0.0,0.0,0
3381,2024-04-03,2024,4,3,94,14,0,0.866025,-0.5,0.0,0,0.0,0.0,0.0,0.0,0.0,14.4,2.06,0.48,0,0,0,0,0,0,0.0,0.0,0.0,0.0,0.07,1,0,0.0,0.0,0
3382,2024-04-04,2024,4,4,95,14,0,0.866025,-0.5,0.0,0,0.0,0.0,0.0,0.0,0.0,14.4,2.06,0.48,0,0,0,0,0,0,0.0,0.0,0.0,0.0,0.07,1,0,0.0,0.0,0
3383,2024-04-05,2024,4,5,96,14,0,0.866025,-0.5,0.0,0,0.0,0.0,0.0,0.0,0.0,0.0,0.0,0.48,0,0,0,0,0,0,0.0,0.0,0.0,0.0,0.05,1,0,0.0,0.0,0
3384,2024-04-06,2024,4,6,97,14,0,0.866025,-0.5,0.0,0,0.0,0.0,0.0,0.0,0.0,0.0,0.0,0.48,0,0,0,0,0,0,0.0,0.0,0.0,0.0,0.05,1,0,0.0,0.0,0
3385,2024-04-07,2024,4,7,98,14,0,0.866025,-0.5,41.6,3,0.0,0.0,0.0,41.6,41.6,41.6,5.94,1.87,0,0,1,0,0,0,0.0,0.0,0.0,0.0,0.12,1,0,0.0,0.0,0
3386,2024-04-08,2024,4,8,99,15,0,0.866025,-0.5,0.0,0,41.6,0.0,0.0,41.6,41.6,41.6,5.94,1.87,0,0,0,0,0,0,0.0,0.0,0.0,0.0,0.12,1,0,0.0,0.0,0
3387,2024-04-09,2024,4,9,100,15,0,0.866025,-0.5,0.0,0,0.0,41.6,0.0,41.6,41.6,41.6,5.94,1.87,0,0,0,0,0,0,0.0,0.0,0.0,0.0,0.12,1,0,0.0,0.0,0
3388,2024-04-10,2024,4,10,101,15,0,0.866025,-0.5,0.0,0,0.0,0.0,41.6,0.0,41.6,41.6,5.94,1.87,0,0,0,0,0,0,0.0,0.0,0.0,0.0,0.12,1,0,0.0,0.0,0
3389,2024-04-11,2024,4,11,102,15,0,0.866025,-0.5,0.0,0,0.0,0.0,0.0,0.0,41.6,41.6,5.94,1.87,0,0,0,0,0,0,0.0,0.0,0.0,0.0,0.12,1,0,0.0,0.0,0
3390,2024-04-12,2024,4,12,103,15,0,0.866025,-0.5,15.9,3,0.0,0.0,0.0,15.9,15.9,57.5,8.21,2.4,0,0,1,0,0,0,0.0,0.0,0.0,0.0,0.15,1,0,0.0,0.0,0
3391,2024-04-13,2024,4,13,104,15,0,0.866025,-0.5,0.0,0,15.9,0.0,0.0,15.9,15.9,57.5,8.21,2.4,0,0,0,0,0,0,0.0,0.0,0.0,0.0,0.15,1,0,0.0,0.0,0
3392,2024-04-14,2024,4,14,105,15,0,0.866025,-0.5,0.0,0,0.0,15.9,0.0,15.9,15.9,15.9,2.27,2.4,0,0,0,0,0,0,0.0,0.0,0.0,0.0,0.08,1,0,0.0,0.0,0
3393,2024-04-15,2024,4,15,106,16,0,0.866025,-0.5,12.2,3,0.0,0.0,15.9,12.2,28.1,28.1,4.01,2.8,0,0,1,0,0,0,0.0,0.0,0.0,0.0,0.1,1,0,0.0,0.0,0
3394,2024-04-16,2024,4,16,107,16,0,0.866025,-0.5,0.0,0,12.2,0.0,0.0,12.2,28.1,28.1,4.01,2.8,0,0,0,0,0,0,0.0,0.0,0.0,0.0,0.1,1,0,0.0,0.0,0
3395,2024-04-17,2024,4,17,108,16,0,0.866025,-0.5,0.0,0,0.0,12.2,0.0,12.2,12.2,28.1,4.01,2.8,0,0,0,0,0,0,0.0,0.0,0.0,0.0,0.1,1,0,0.0,0.0,0
3396,2024-04-18,2024,4,18,109,16,0,0.866025,-0.5,0.0,0,0.0,0.0,12.2,0.0,12.2,28.1,4.01,2.8,0,0,0,0,0,0,0.0,0.0,0.0,0.0,0.1,1,0,0.0,0.0,0
3397,2024-04-19,2024,4,19,110,16,0,0.866025,-0.5,0.0,0,0.0,0.0,0.0,0.0,12.2,12.2,1.74,2.8,0,0,0,0,0,0,0.0,0.0,0.0,0.0,0.07,1,0,0.0,0.0,0
3398,2024-04-20,2024,4,20,111,16,0,0.866025,-0.5,18.4,3,0.0,0.0,0.0,18.4,18.4,30.6,4.37,3.42,0,0,1,0,0,0,0.0,0.0,0.0,0.0,0.1,1,0,0.0,0.0,0
3399,2024-04-21,2024,4,21,112,16,0,0.866025,-0.5,3.1,2,18.4,0.0,0.0,21.5,21.5,33.7,4.81,3.52,0,0,2,0,0,0,0.0,0.0,0.0,0.0,0.16,1,0,0.0,0.0,0
3400,2024-04-22,2024,4,22,113,17,0,0.866025,-0.5,0.0,0,3.1,18.4,0.0,21.5,21.5,21.5,3.07,3.52,0,0,0,0,0,0,0.0,0.0,0.0,0.0,0.09,1,0,0.0,0.0,0
3401,2024-04-23,2024,4,23,114,17,0,0.866025,-0.5,0.0,0,0.0,3.1,18.4,3.1,21.5,21.5,3.07,3.52,0,0,0,0,0,0,0.0,0.0,0.0,0.0,0.09,1,0,0.0,0.0,0
3402,2024-04-24,2024,4,24,115,17,0,0.866025,-0.5,0.0,0,0.0,0.0,3.1,0.0,21.5,21.5,3.07,3.52,0,0,0,0,0,0,0.0,0.0,0.0,0.0,0.09,1,0,0.0,0.0,0
3403,2024-04-25,2024,4,25,116,17,0,0.866025,-0.5,0.0,0,0.0,0.0,0.0,0.0,3.1,21.5,3.07,3.52,0,0,0,0,0,0,0.0,0.0,0.0,0.0,0.09,1,0,0.0,0.0,0
3404,2024-04-26,2024,4,26,117,17,0,0.866025,-0.5,0.0,0,0.0,0.0,0.0,0.0,0.0,21.5,3.07,3.52,0,0,0,0,0,0,0.0,0.0,0.0,0.0,0.09,1,0,0.0,0.0,0
3405,2024-04-27,2024,4,27,118,17,0,0.866025,-0.5,0.0,0,0.0,0.0,0.0,0.0,0.0,3.1,0.44,3.52,0,0,0,0,0,0,0.0,0.0,0.0,0.0,0.06,1,0,0.0,0.0,0
3406,2024-04-28,2024,4,28,119,17,0,0.866025,-0.5,0.0,0,0.0,0.0,0.0,0.0,0.0,0.0,0.0,3.04,0,0,0,0,0,0,0.0,0.0,0.0,0.0,0.05,1,0,0.0,0.0,0
3407,2024-04-29,2024,4,29,120,18,0,0.866025,-0.5,0.0,0,0.0,0.0,0.0,0.0,0.0,0.0,0.0,3.04,0,0,0,0,0,0,0.0,0.0,0.0,0.0,0.05,1,0,0.0,0.0,0
3408,2024-04-30,2024,4,30,121,18,0,0.866025,-0.5,11.5,3,0.0,0.0,0.0,11.5,11.5,11.5,1.64,3.42,0,0,1,0,0,0,0.0,0.0,0.0,0.0,0.07,1,0,0.0,0.0,0
3409,2024-05-01,2024,5,1,122,18,0,0.5,-0.866025,74.3,4,11.5,0.0,0.0,85.8,85.8,85.8,12.26,5.9,1,0,2,0,0,0,0.0,0.0,0.0,0.0,0.25,1,1,0.4,10.0,1
3410,2024-05-02,2024,5,2,123,18,0,0.5,-0.866025,0.0,0,74.3,11.5,0.0,85.8,85.8,85.8,12.26,5.9,0,0,0,0,0,0,0.0,0.0,0.0,0.0,0.2,1,0,0.0,0.0,0
3411,2024-05-03,2024,5,3,124,18,0,0.5,-0.866025,0.0,0,0.0,74.3,11.5,74.3,85.8,85.8,12.26,5.9,0,0,0,0,0,0,0.0,0.0,0.0,0.0,0.2,1,0,0.0,0.0,0
3412,2024-05-04,2024,5,4,125,18,0,0.5,-0.866025,15.9,3,0.0,0.0,74.3,15.9,101.7,101.7,14.53,6.43,0,0,1,0,0,0,0.0,0.0,0.0,0.0,0.22,1,0,0.0,0.0,0
3413,2024-05-05,2024,5,5,126,18,0,0.5,-0.866025,43.3,3,15.9,0.0,0.0,59.2,133.5,145.0,20.71,7.87,0,0,2,0,0,0,0.0,0.0,0.0,0.0,0.35,1,0,0.0,0.0,0
3414,2024-05-06,2024,5,6,127,19,0,0.5,-0.866025,0.0,0,43.3,15.9,0.0,59.2,59.2,145.0,20.71,7.87,0,0,0,0,0,0,0.0,0.0,0.0,0.0,0.3,1,0,0.0,0.0,0
3415,2024-05-07,2024,5,7,128,19,0,0.5,-0.866025,0.0,0,0.0,43.3,15.9,43.3,59.2,133.5,19.07,6.49,0,0,0,0,0,0,0.0,0.0,0.0,0.0,0.28,1,0,0.0,0.0,0
3416,2024-05-08,2024,5,8,129,19,0,0.5,-0.866025,0.0,0,0.0,0.0,43.3,0.0,59.2,59.2,8.46,6.49,0,0,0,0,0,0,0.0,0.0,0.0,0.0,0.15,1,0,0.0,0.0,0
3417,2024-05-09,2024,5,9,130,19,0,0.5,-0.866025,0.0,0,0.0,0.0,0.0,0.0,43.3,59.2,8.46,6.49,0,0,0,0,0,0,0.0,0.0,0.0,0.0,0.15,1,0,0.0,0.0,0
3418,2024-05-10,2024,5,10,131,19,0,0.5,-0.866025,0.0,0,0.0,0.0,0.0,0.0,0.0,59.2,8.46,6.49,0,0,0,0,0,0,0.0,0.0,0.0,0.0,0.15,1,0,0.0,0.0,0
3419,2024-05-11,2024,5,11,132,19,0,0.5,-0.866025,2.5,2,0.0,0.0,0.0,2.5,2.5,45.8,6.54,6.57,0,0,1,0,0,0,0.0,0.0,0.0,0.0,0.13,1,0,0.0,0.0,0
3420,2024-05-12,2024,5,12,133,19,0,0.5,-0.866025,17.2,3,2.5,0.0,0.0,19.7,19.7,19.7,2.81,6.61,0,0,2,0,0,0,0.0,0.0,0.0,0.0,0.13,1,0,0.0,0.0,0
3421,2024-05-13,2024,5,13,134,20,0,0.5,-0.866025,0.0,0,17.2,2.5,0.0,19.7,19.7,19.7,2.81,6.61,0,0,0,0,0,0,0.0,0.0,0.0,0.0,0.08,1,0,0.0,0.0,0
3422,2024-05-14,2024,5,14,135,20,0,0.5,-0.866025,0.0,0,0.0,17.2,2.5,17.2,19.7,19.7,2.81,6.61,0,0,0,0,0,0,0.0,0.0,0.0,0.0,0.08,1,0,0.0,0.0,0
3423,2024-05-15,2024,5,15,136,20,0,0.5,-0.866025,0.0,0,0.0,0.0,17.2,0.0,19.7,19.7,2.81,6.21,0,0,0,0,0,0,0.0,0.0,0.0,0.0,0.08,1,0,0.0,0.0,0
3424,2024-05-16,2024,5,16,137,20,0,0.5,-0.866025,0.0,0,0.0,0.0,0.0,0.0,17.2,19.7,2.81,6.21,0,0,0,0,0,0,0.0,0.0,0.0,0.0,0.08,1,0,0.0,0.0,0
3425,2024-05-17,2024,5,17,138,20,0,0.5,-0.866025,0.0,0,0.0,0.0,0.0,0.0,0.0,19.7,2.81,6.21,0,0,0,0,0,0,0.0,0.0,0.0,0.0,0.08,1,0,0.0,0.0,0
3426,2024-05-18,2024,5,18,139,20,0,0.5,-0.866025,0.0,0,0.0,0.0,0.0,0.0,0.0,17.2,2.46,6.21,0,0,0,0,0,0,0.0,0.0,0.0,0.0,0.08,1,0,0.0,0.0,0
3427,2024-05-19,2024,5,19,140,20,0,0.5,-0.866025,0.0,0,0.0,0.0,0.0,0.0,0.0,0.0,0.0,6.21,0,0,0,0,0,0,0.0,0.0,0.0,0.0,0.05,1,0,0.0,0.0,0
3428,2024-05-20,2024,5,20,141,21,0,0.5,-0.866025,0.0,0,0.0,0.0,0.0,0.0,0.0,0.0,0.0,5.59,0,0,0,0,0,0,0.0,0.0,0.0,0.0,0.05,1,0,0.0,0.0,0
3429,2024-05-21,2024,5,21,142,21,0,0.5,-0.866025,57.0,4,0.0,0.0,0.0,57.0,57.0,57.0,8.14,7.39,1,0,1,0,0,0,0.0,0.0,0.0,0.0,0.15,1,0,0.0,0.0,0
3430,2024-05-22,2024,5,22,143,21,0,0.5,-0.866025,4.2,2,57.0,0.0,0.0,61.2,61.2,61.2,8.74,7.53,0,0,2,0,0,0,0.0,0.0,0.0,0.0,0.2,1,0,0.0,0.0,0
3431,2024-05-23,2024,5,23,144,21,0,0.5,-0.866025,0.0,0,4.2,57.0,0.0,61.2,61.2,61.2,8.74,7.53,0,0,0,0,0,0,0.0,0.0,0.0,0.0,0.15,1,0,0.0,0.0,0
3432,2024-05-24,2024,5,24,145,21,0,0.5,-0.866025,57.9,4,0.0,4.2,57.0,62.1,119.1,119.1,17.01,9.46,1,0,1,0,0,0,0.0,0.0,0.0,0.0,0.25,1,0,0.0,0.0,0
3433,2024-05-25,2024,5,25,146,21,0,0.5,-0.866025,33.6,3,57.9,0.0,4.2,91.5,152.7,152.7,21.81,10.58,0,0,2,0,0,0,0.0,0.0,0.0,0.0,0.36,1,0,0.0,0.0,0
3434,2024-05-26,2024,5,26,147,21,0,0.5,-0.866025,0.0,0,33.6,57.9,0.0,91.5,95.7,152.7,21.81,10.58,0,0,0,0,0,0,0.0,0.0,0.0,0.0,0.31,1,0,0.0,0.0,0
3435,2024-05-27,2024,5,27,148,22,0,0.5,-0.866025,5.6,2,0.0,33.6,57.9,39.2,97.1,158.3,22.61,10.77,0,0,1,0,0,0,0.0,0.0,0.0,0.0,0.32,1,0,0.0,0.0,0
3436,2024-05-28,2024,5,28,149,22,0,0.5,-0.866025,0.0,0,5.6,0.0,33.6,5.6,97.1,101.3,14.47,10.77,0,0,0,0,0,0,0.0,0.0,0.0,0.0,0.22,1,1,0.2,8.0,1
3437,2024-05-29,2024,5,29,150,22,0,0.5,-0.866025,0.0,0,0.0,5.6,0.0,5.6,39.2,97.1,13.87,10.77,0,0,0,0,0,0,0.0,0.0,0.0,0.0,0.22,1,0,0.0,0.0,0
3438,2024-05-30,2024,5,30,151,22,0,0.5,-0.866025,0.0,0,0.0,0.0,5.6,0.0,5.6,97.1,13.87,10.38,0,0,0,0,0,0,0.0,0.0,0.0,0.0,0.22,1,0,0.0,0.0,0
3439,2024-05-31,2024,5,31,152,22,0,0.5,-0.866025,0.0,0,0.0,0.0,0.0,0.0,5.6,39.2,5.6,7.91,0,0,0,0,0,0,0.0,0.0,0.0,0.0,0.12,1,0,0.0,0.0,0
3440,2024-06-01,2024,6,1,153,22,1,0.0,-1.0,42.7,3,0.0,0.0,0.0,42.7,42.7,48.3,6.9,9.33,0,0,1,0,0,0,0.0,0.0,0.0,0.0,0.13,1,0,0.0,0.0,0
3441,2024-06-02,2024,6,2,154,22,1,0.0,-1.0,52.2,4,42.7,0.0,0.0,94.9,94.9,100.5,14.36,11.07,1,0,2,0,0,0,0.0,0.0,0.0,0.0,0.27,1,0,0.0,0.0,0
3442,2024-06-03,2024,6,3,155,23,1,0.0,-1.0,42.4,3,52.2,42.7,0.0,137.3,137.3,137.3,19.61,11.95,0,0,3,0,0,0,0.0,0.0,0.0,0.0,0.64,1,0,0.0,0.0,0
3443,2024-06-04,2024,6,4,156,23,1,0.0,-1.0,0.0,0,42.4,52.2,42.7,94.6,137.3,137.3,19.61,10.51,0,0,0,0,0,0,0.0,0.0,0.0,0.0,0.29,1,0,0.0,0.0,0
3444,2024-06-05,2024,6,5,157,23,1,0.0,-1.0,0.0,0,0.0,42.4,52.2,42.4,137.3,137.3,19.61,10.51,0,0,0,0,0,0,0.0,0.0,0.0,0.0,0.29,1,0,0.0,0.0,0
3445,2024-06-06,2024,6,6,158,23,1,0.0,-1.0,0.0,0,0.0,0.0,42.4,0.0,94.6,137.3,19.61,10.51,0,0,0,0,0,0,0.0,0.0,0.0,0.0,0.29,1,0,0.0,0.0,0
3446,2024-06-07,2024,6,7,159,23,1,0.0,-1.0,4.6,2,0.0,0.0,0.0,4.6,47.0,141.9,20.27,10.66,0,0,1,0,0,0,0.0,0.0,0.0,0.0,0.29,1,0,0.0,0.0,0
3447,2024-06-08,2024,6,8,160,23,1,0.0,-1.0,0.0,0,4.6,0.0,0.0,4.6,4.6,99.2,14.17,10.66,0,0,0,0,0,0,0.0,0.0,0.0,0.0,0.22,1,0,0.0,0.0,0
3448,2024-06-09,2024,6,9,161,23,1,0.0,-1.0,18.1,3,0.0,4.6,0.0,22.7,22.7,65.1,9.3,11.27,0,0,1,0,0,0,0.0,0.0,0.0,0.0,0.16,1,0,0.0,0.0,0
3449,2024-06-10,2024,6,10,162,24,1,0.0,-1.0,22.9,3,18.1,0.0,4.6,41.0,45.6,45.6,6.51,11.95,0,0,2,0,0,0,0.0,0.0,0.0,0.0,0.18,1,0,0.0,0.0,0
3450,2024-06-11,2024,6,11,163,24,1,0.0,-1.0,42.4,3,22.9,18.1,0.0,83.4,88.0,88.0,12.57,12.79,0,0,3,0,0,0,0.0,0.0,0.0,0.0,0.55,1,0,0.0,0.0,0
3451,2024-06-12,2024,6,12,164,24,1,0.0,-1.0,0.0,0,42.4,22.9,18.1,65.3,83.4,88.0,12.57,12.79,0,0,0,0,0,0,0.0,0.0,0.0,0.0,0.2,1,0,0.0,0.0,0
3452,2024-06-13,2024,6,13,165,24,1,0.0,-1.0,0.0,0,0.0,42.4,22.9,42.4,83.4,88.0,12.57,12.79,0,0,0,0,0,0,0.0,0.0,0.0,0.0,0.2,1,0,0.0,0.0,0
3453,2024-06-14,2024,6,14,166,24,1,0.0,-1.0,0.0,0,0.0,0.0,42.4,0.0,65.3,83.4,11.91,12.79,0,0,0,0,0,0,0.0,0.0,0.0,0.0,0.19,1,0,0.0,0.0,0
3454,2024-06-15,2024,6,15,167,24,1,0.0,-1.0,30.0,3,0.0,0.0,0.0,30.0,72.4,113.4,16.2,13.79,0,0,1,0,0,0,0.0,0.0,0.0,0.0,0.24,1,0,0.0,0.0,0
3455,2024-06-16,2024,6,16,168,24,1,0.0,-1.0,0.0,0,30.0,0.0,0.0,30.0,30.0,95.3,13.61,13.79,0,0,0,0,0,0,0.0,0.0,0.0,0.0,0.21,1,0,0.0,0.0,0
3456,2024-06-17,2024,6,17,169,25,1,0.0,-1.0,0.0,0,0.0,30.0,0.0,30.0,30.0,72.4,10.34,13.79,0,0,0,0,0,0,0.0,0.0,0.0,0.0,0.17,1,0,0.0,0.0,0
3457,2024-06-18,2024,6,18,170,25,1,0.0,-1.0,0.0,0,0.0,0.0,30.0,0.0,30.0,30.0,4.29,13.79,0,0,0,0,0,0,0.0,0.0,0.0,0.0,0.1,1,0,0.0,0.0,0
3458,2024-06-19,2024,6,19,171,25,1,0.0,-1.0,0.0,0,0.0,0.0,0.0,0.0,30.0,30.0,4.29,13.79,0,0,0,0,0,0,0.0,0.0,0.0,0.0,0.1,1,0,0.0,0.0,0
3459,2024-06-20,2024,6,20,172,25,1,0.0,-1.0,0.0,0,0.0,0.0,0.0,0.0,0.0,30.0,4.29,11.89,0,0,0,0,0,0,0.0,0.0,0.0,0.0,0.1,1,0,0.0,0.0,0
3460,2024-06-21,2024,6,21,173,25,1,0.0,-1.0,35.6,3,0.0,0.0,0.0,35.6,35.6,65.6,9.37,12.93,0,0,1,0,0,0,0.0,0.0,0.0,0.0,0.16,1,0,0.0,0.0,0
3461,2024-06-22,2024,6,22,174,25,1,0.0,-1.0,42.1,3,35.6,0.0,0.0,77.7,77.7,77.7,11.1,14.34,0,0,2,0,0,0,0.0,0.0,0.0,0.0,0.23,1,0,0.0,0.0,0
3462,2024-06-23,2024,6,23,175,25,1,0.0,-1.0,0.0,0,42.1,35.6,0.0,77.7,77.7,77.7,11.1,12.41,0,0,0,0,0,0,0.0,0.0,0.0,0.0,0.18,1,0,0.0,0.0,0
3463,2024-06-24,2024,6,24,176,26,1,0.0,-1.0,40.7,3,0.0,42.1,35.6,82.8,118.4,118.4,16.91,12.64,0,0,1,0,0,0,0.0,0.0,0.0,0.0,0.25,1,0,0.0,0.0,0
3464,2024-06-25,2024,6,25,177,26,1,0.0,-1.0,0.0,0,40.7,0.0,42.1,40.7,118.4,118.4,16.91,12.64,0,0,0,0,0,0,0.0,0.0,0.0,0.0,0.25,1,0,0.0,0.0,0
3465,2024-06-26,2024,6,26,178,26,1,0.0,-1.0,55.3,4,0.0,40.7,0.0,96.0,138.1,173.7,24.81,14.3,1,0,1,0,0,0,0.0,0.0,0.0,0.0,0.35,1,0,0.0,0.0,0
3466,2024-06-27,2024,6,27,179,26,1,0.0,-1.0,48.3,3,55.3,0.0,40.7,103.6,144.3,222.0,31.71,15.91,0,0,2,0,0,0,0.0,0.0,0.0,0.0,0.48,1,0,0.0,0.0,0
3467,2024-06-28,2024,6,28,180,26,1,0.0,-1.0,0.0,0,48.3,55.3,0.0,103.6,144.3,186.4,26.63,15.91,0,0,0,0,0,0,0.0,0.0,0.0,0.0,0.37,1,0,0.0,0.0,0
3468,2024-06-29,2024,6,29,181,26,1,0.0,-1.0,37.9,3,0.0,48.3,55.3,86.2,141.5,182.2,26.03,17.17,0,0,1,0,0,0,0.0,0.0,0.0,0.0,0.36,1,0,0.0,0.0,0
3469,2024-06-30,2024,6,30,182,26,1,0.0,-1.0,0.0,0,37.9,0.0,48.3,37.9,141.5,182.2,26.03,17.17,0,0,0,0,0,0,0.0,0.0,0.0,0.0,0.36,1,0,0.0,0.0,0
3470,2024-07-01,2024,7,1,183,27,1,-0.5,-0.866025,0.0,0,0.0,37.9,0.0,37.9,86.2,141.5,20.21,15.75,0,0,0,0,0,0,0.0,0.0,0.0,0.0,0.29,1,0,0.0,0.0,0
3471,2024-07-02,2024,7,2,184,27,1,-0.5,-0.866025,0.0,0,0.0,0.0,37.9,0.0,37.9,141.5,20.21,14.01,0,0,0,0,0,0,0.0,0.0,0.0,0.0,0.29,1,0,0.0,0.0,0
3472,2024-07-03,2024,7,3,185,27,1,-0.5,-0.866025,32.2,3,0.0,0.0,0.0,32.2,70.1,118.4,16.91,13.67,0,0,1,0,0,0,0.0,0.0,0.0,0.0,0.25,1,0,0.0,0.0,0
3473,2024-07-04,2024,7,4,186,27,1,-0.5,-0.866025,0.0,0,32.2,0.0,0.0,32.2,32.2,70.1,10.01,13.67,0,0,0,0,0,0,0.0,0.0,0.0,0.0,0.17,1,0,0.0,0.0,0
3474,2024-07-05,2024,7,5,187,27,1,-0.5,-0.866025,0.0,0,0.0,32.2,0.0,32.2,32.2,70.1,10.01,13.67,0,0,0,0,0,0,0.0,0.0,0.0,0.0,0.17,1,0,0.0,0.0,0
3475,2024-07-06,2024,7,6,188,27,1,-0.5,-0.866025,0.0,0,0.0,0.0,32.2,0.0,32.2,32.2,4.6,13.67,0,0,0,0,0,0,0.0,0.0,0.0,0.0,0.11,1,0,0.0,0.0,0
3476,2024-07-07,2024,7,7,189,27,1,-0.5,-0.866025,0.0,0,0.0,0.0,0.0,0.0,32.2,32.2,4.6,13.52,0,0,0,0,0,0,0.0,0.0,0.0,0.0,0.11,1,0,0.0,0.0,0
3477,2024-07-08,2024,7,8,190,28,1,-0.5,-0.866025,52.2,4,0.0,0.0,0.0,52.2,52.2,84.4,12.06,15.26,1,0,1,0,0,0,0.0,0.0,0.0,0.0,0.19,1,0,0.0,0.0,0
3478,2024-07-09,2024,7,9,191,28,1,-0.5,-0.866025,43.3,3,52.2,0.0,0.0,95.5,95.5,127.7,18.24,16.1,0,0,2,0,0,0,0.0,0.0,0.0,0.0,0.32,1,0,0.0,0.0,0
3479,2024-07-10,2024,7,10,192,28,1,-0.5,-0.866025,45.9,3,43.3,52.2,0.0,141.4,141.4,141.4,20.2,16.86,0,0,3,0,0,0,0.0,0.0,0.0,0.0,0.64,1,0,0.0,0.0,0
3480,2024-07-11,2024,7,11,193,28,1,-0.5,-0.866025,0.0,0,45.9,43.3,52.2,89.2,141.4,141.4,20.2,15.45,0,0,0,0,0,0,0.0,0.0,0.0,0.0,0.29,1,0,0.0,0.0,0
3481,2024-07-12,2024,7,12,194,28,1,-0.5,-0.866025,0.0,0,0.0,45.9,43.3,45.9,141.4,141.4,20.2,15.45,0,0,0,0,0,0,0.0,0.0,0.0,0.0,0.29,1,0,0.0,0.0,0
3482,2024-07-13,2024,7,13,195,28,1,-0.5,-0.866025,0.0,0,0.0,0.0,45.9,0.0,89.2,141.4,20.2,15.45,0,0,0,0,0,0,0.0,0.0,0.0,0.0,0.29,1,0,0.0,0.0,0
3483,2024-07-14,2024,7,14,196,28,1,-0.5,-0.866025,0.0,0,0.0,0.0,0.0,0.0,45.9,141.4,20.2,15.45,0,0,0,0,0,0,0.0,0.0,0.0,0.0,0.29,1,0,0.0,0.0,0
3484,2024-07-15,2024,7,15,197,29,1,-0.5,-0.866025,77.1,4,0.0,0.0,0.0,77.1,77.1,166.3,23.76,17.02,1,0,1,0,0,0,0.0,0.0,0.0,0.0,0.34,1,0,0.0,0.0,0
3485,2024-07-16,2024,7,16,198,29,1,-0.5,-0.866025,33.4,3,77.1,0.0,0.0,110.5,110.5,156.4,22.34,18.13,0,0,2,0,0,0,0.0,0.0,0.0,0.0,0.37,1,0,0.0,0.0,0
3486,2024-07-17,2024,7,17,199,29,1,-0.5,-0.866025,0.0,0,33.4,77.1,0.0,110.5,110.5,110.5,15.79,18.13,0,0,0,0,0,0,0.0,0.0,0.0,0.0,0.24,1,0,0.0,0.0,0
3487,2024-07-18,2024,7,18,200,29,1,-0.5,-0.866025,62.3,4,0.0,33.4,77.1,95.7,172.8,172.8,24.69,20.21,1,0,1,0,0,0,0.0,0.0,0.0,0.0,0.35,1,0,0.0,0.0,0
3488,2024-07-19,2024,7,19,201,29,1,-0.5,-0.866025,0.0,0,62.3,0.0,33.4,62.3,172.8,172.8,24.69,20.21,0,0,0,0,0,0,0.0,0.0,0.0,0.0,0.35,1,0,0.0,0.0,0
3489,2024-07-20,2024,7,20,202,29,1,-0.5,-0.866025,36.1,3,0.0,62.3,0.0,98.4,131.8,208.9,29.84,21.41,0,0,1,0,0,0,0.0,0.0,0.0,0.0,0.41,1,0,0.0,0.0,0
3490,2024-07-21,2024,7,21,203,29,1,-0.5,-0.866025,36.2,3,36.1,0.0,62.3,72.3,134.6,245.1,35.01,21.43,0,0,2,0,0,0,0.0,0.0,0.0,0.0,0.52,1,0,0.0,0.0,0
3491,2024-07-22,2024,7,22,204,30,1,-0.5,-0.866025,0.0,0,36.2,36.1,0.0,72.3,134.6,168.0,24.0,20.03,0,0,0,0,0,0,0.0,0.0,0.0,0.0,0.34,1,0,0.0,0.0,0
3492,2024-07-23,2024,7,23,205,30,1,-0.5,-0.866025,72.5,4,0.0,36.2,36.1,108.7,144.8,207.1,29.59,22.45,1,0,1,0,0,0,0.0,0.0,0.0,0.0,0.41,1,0,0.0,0.0,0
3493,2024-07-24,2024,7,24,206,30,1,-0.5,-0.866025,0.0,0,72.5,0.0,36.2,72.5,144.8,207.1,29.59,21.09,0,0,0,0,0,0,0.0,0.0,0.0,0.0,0.41,1,0,0.0,0.0,0
3494,2024-07-25,2024,7,25,207,30,1,-0.5,-0.866025,14.4,3,0.0,72.5,0.0,86.9,123.1,159.2,22.74,21.57,0,0,1,0,0,0,0.0,0.0,0.0,0.0,0.32,1,0,0.0,0.0,0
3495,2024-07-26,2024,7,26,208,30,1,-0.5,-0.866025,38.8,3,14.4,0.0,72.5,53.2,125.7,198.0,28.29,21.02,0,0,2,0,0,0,0.0,0.0,0.0,0.0,0.44,1,0,0.0,0.0,0
3496,2024-07-27,2024,7,27,209,30,1,-0.5,-0.866025,16.5,3,38.8,14.4,0.0,69.7,142.2,178.4,25.49,19.96,0,0,3,0,0,0,0.0,0.0,0.0,0.0,0.71,1,0,0.0,0.0,0
3497,2024-07-28,2024,7,28,210,30,1,-0.5,-0.866025,0.0,0,16.5,38.8,14.4,55.3,69.7,142.2,20.31,19.96,0,0,0,0,0,0,0.0,0.0,0.0,0.0,0.29,1,0,0.0,0.0,0
3498,2024-07-29,2024,7,29,211,31,1,-0.5,-0.866025,0.0,0,0.0,16.5,38.8,16.5,69.7,142.2,20.31,18.7,0,0,0,0,0,0,0.0,0.0,0.0,0.0,0.29,1,0,0.0,0.0,0
3499,2024-07-30,2024,7,30,212,31,1,-0.5,-0.866025,17.6,3,0.0,0.0,16.5,17.6,72.9,87.3,12.47,19.28,0,0,1,0,0,0,0.0,0.0,0.0,0.0,0.2,1,0,0.0,0.0,0
3500,2024-07-31,2024,7,31,213,31,1,-0.5,-0.866025,0.0,0,17.6,0.0,0.0,17.6,34.1,87.3,12.47,19.28,0,0,0,0,0,0,0.0,0.0,0.0,0.0,0.2,1,0,0.0,0.0,0
3501,2024-08-01,2024,8,1,214,31,1,-0.866025,-0.5,24.1,3,0.0,17.6,0.0,41.7,41.7,97.0,13.86,20.09,0,0,1,0,0,0,0.0,0.0,0.0,0.0,0.22,1,0,0.0,0.0,0
3502,2024-08-02,2024,8,2,215,31,1,-0.866025,-0.5,48.0,3,24.1,0.0,17.6,72.1,89.7,106.2,15.17,20.61,0,0,2,0,0,0,0.0,0.0,0.0,0.0,0.28,1,0,0.0,0.0,0
3503,2024-08-03,2024,8,3,216,31,1,-0.866025,-0.5,0.0,0,48.0,24.1,0.0,72.1,89.7,89.7,12.81,20.61,0,0,0,0,0,0,0.0,0.0,0.0,0.0,0.2,1,0,0.0,0.0,0
3504,2024-08-04,2024,8,4,217,31,1,-0.866025,-0.5,16.5,3,0.0,48.0,24.1,64.5,88.6,106.2,15.17,21.16,0,0,1,0,0,0,0.0,0.0,0.0,0.0,0.23,1,1,0.3,8.0,1
3505,2024-08-05,2024,8,5,218,32,1,-0.866025,-0.5,0.0,0,16.5,0.0,48.0,16.5,88.6,106.2,15.17,21.16,0,0,0,0,0,0,0.0,0.0,0.0,0.0,0.23,1,0,0.0,0.0,0
3506,2024-08-06,2024,8,6,219,32,1,-0.866025,-0.5,0.0,0,0.0,16.5,0.0,16.5,64.5,88.6,12.66,21.16,0,0,0,0,0,0,0.0,0.0,0.0,0.0,0.2,1,0,0.0,0.0,0
3507,2024-08-07,2024,8,7,220,32,1,-0.866025,-0.5,94.5,4,0.0,0.0,16.5,94.5,111.0,183.1,26.16,22.57,1,0,1,0,0,0,0.0,0.0,0.0,0.0,0.36,1,0,0.0,0.0,0
3508,2024-08-08,2024,8,8,221,32,1,-0.866025,-0.5,0.0,0,94.5,0.0,0.0,94.5,111.0,159.0,22.71,21.13,0,0,0,0,0,0,0.0,0.0,0.0,0.0,0.32,1,0,0.0,0.0,0
3509,2024-08-09,2024,8,9,222,32,1,-0.866025,-0.5,0.0,0,0.0,94.5,0.0,94.5,94.5,111.0,15.86,19.6,0,0,0,0,0,0,0.0,0.0,0.0,0.0,0.24,1,0,0.0,0.0,0
3510,2024-08-10,2024,8,10,223,32,1,-0.866025,-0.5,0.0,0,0.0,0.0,94.5,0.0,94.5,111.0,15.86,19.6,0,0,0,0,0,0,0.0,0.0,0.0,0.0,0.24,1,0,0.0,0.0,0
3511,2024-08-11,2024,8,11,224,32,1,-0.866025,-0.5,29.6,3,0.0,0.0,0.0,29.6,124.1,124.1,17.73,20.59,0,0,1,0,0,0,0.0,0.0,0.0,0.0,0.26,1,0,0.0,0.0,0
3512,2024-08-12,2024,8,12,225,33,1,-0.866025,-0.5,18.2,3,29.6,0.0,0.0,47.8,47.8,142.3,20.33,21.19,0,0,2,0,0,0,0.0,0.0,0.0,0.0,0.34,1,0,0.0,0.0,0
3513,2024-08-13,2024,8,13,226,33,1,-0.866025,-0.5,103.1,4,18.2,29.6,0.0,150.9,150.9,245.4,35.06,24.63,1,1,3,0,0,0,0.0,0.0,0.0,0.0,0.82,1,1,1.1,30.0,3
3514,2024-08-14,2024,8,14,227,33,1,-0.866025,-0.5,46.8,3,103.1,18.2,29.6,168.1,197.7,197.7,28.24,23.62,0,0,4,0,0,0,0.0,0.0,0.0,0.0,0.74,1,0,0.0,0.0,0
3515,2024-08-15,2024,8,15,228,33,1,-0.866025,-0.5,84.4,4,46.8,103.1,18.2,234.3,282.1,282.1,40.3,25.32,1,0,5,0,0,0,0.0,0.0,0.0,0.0,0.88,1,1,1.3,19.0,3
3516,2024-08-16,2024,8,16,229,33,1,-0.866025,-0.5,0.0,0,84.4,46.8,103.1,131.2,252.5,282.1,40.3,25.32,0,0,0,0,0,0,0.0,0.0,0.0,0.0,0.53,1,0,0.0,0.0,0
3517,2024-08-17,2024,8,17,230,33,1,-0.866025,-0.5,50.0,4,0.0,84.4,46.8,134.4,284.3,332.1,47.44,24.91,1,0,1,0,0,0,0.0,0.0,0.0,0.0,0.62,1,0,0.0,0.0,0
3518,2024-08-18,2024,8,18,231,33,1,-0.866025,-0.5,78.0,4,50.0,0.0,84.4,128.0,259.2,380.5,54.36,27.51,1,0,2,0,0,0,0.0,0.0,0.0,0.0,0.75,1,0,0.0,0.0,0
3519,2024-08-19,2024,8,19,232,34,1,-0.866025,-0.5,41.7,3,78.0,50.0,0.0,169.7,254.1,404.0,57.71,27.7,0,0,3,0,0,0,0.0,0.0,0.0,0.0,1.0,1,1,0.6,17.0,2
3520,2024-08-20,2024,8,20,233,34,1,-0.866025,-0.5,85.9,4,41.7,78.0,50.0,205.6,255.6,386.8,55.26,29.35,1,0,4,0,0,0,0.0,0.0,0.0,0.0,1.0,1,1,0.9,17.0,3
3521,2024-08-21,2024,8,21,234,34,1,-0.866025,-0.5,14.7,3,85.9,41.7,78.0,142.3,270.3,354.7,50.67,29.84,0,0,5,0,0,0,0.0,0.0,0.0,0.0,1.0,1,0,0.0,0.0,0
3522,2024-08-22,2024,8,22,235,34,1,-0.866025,-0.5,101.4,4,14.7,85.9,41.7,202.0,321.7,371.7,53.1,30.81,1,1,6,0,0,0,0.0,0.0,0.0,0.0,1.0,1,1,0.9,21.0,3
3523,2024-08-23,2024,8,23,236,34,1,-0.866025,-0.5,141.5,4,101.4,14.7,85.9,257.6,385.2,513.2,73.31,35.52,1,1,7,0,0,0,0.0,0.0,0.0,0.0,1.0,1,1,0.9,35.0,3
3524,2024-08-24,2024,8,24,237,34,1,-0.866025,-0.5,21.7,3,141.5,101.4,14.7,264.6,365.2,484.9,69.27,35.77,0,0,8,0,0,0,0.0,0.0,0.0,0.0,1.0,1,0,0.0,0.0,0
3525,2024-08-25,2024,8,25,238,34,1,-0.866025,-0.5,0.0,0,21.7,141.5,101.4,163.2,279.3,406.9,58.13,34.47,0,0,0,0,0,0,0.0,0.0,0.0,0.0,0.75,1,0,0.0,0.0,0
3526,2024-08-26,2024,8,26,239,35,1,-0.866025,-0.5,18.0,3,0.0,21.7,141.5,39.7,282.6,383.2,54.74,34.52,0,0,1,0,0,0,0.0,0.0,0.0,0.0,0.71,1,0,0.0,0.0,0
3527,2024-08-27,2024,8,27,240,35,1,-0.866025,-0.5,103.4,4,18.0,0.0,21.7,121.4,284.6,400.7,57.24,37.97,1,1,2,0,0,0,0.0,0.0,0.0,0.0,0.79,1,0,0.0,0.0,0
3528,2024-08-28,2024,8,28,241,35,1,-0.866025,-0.5,109.1,4,103.4,18.0,0.0,230.5,252.2,495.1,70.73,41.61,1,1,3,0,0,0,0.0,0.0,0.0,0.0,1.0,1,1,1.6,33.0,3
3529,2024-08-29,2024,8,29,242,35,1,-0.866025,-0.5,14.5,3,109.1,103.4,18.0,227.0,245.0,408.2,58.31,41.5,0,0,4,0,0,0,0.0,0.0,0.0,0.0,1.0,1,0,0.0,0.0,0
3530,2024-08-30,2024,8,30,243,35,1,-0.866025,-0.5,0.0,0,14.5,109.1,103.4,123.6,245.0,266.7,38.1,41.5,0,0,0,0,0,0,0.0,0.0,0.0,0.0,0.51,1,0,0.0,0.0,0
3531,2024-08-31,2024,8,31,244,35,1,-0.866025,-0.5,19.1,3,0.0,14.5,109.1,33.6,246.1,264.1,37.73,41.34,0,0,1,0,0,0,0.0,0.0,0.0,0.0,0.5,1,0,0.0,0.0,0
3532,2024-09-01,2024,9,1,245,35,1,-1.0,-0.0,0.0,0,19.1,0.0,14.5,19.1,142.7,264.1,37.73,39.74,0,0,0,0,0,0,0.0,0.0,0.0,0.0,0.5,1,0,0.0,0.0,0
3533,2024-09-02,2024,9,2,246,36,1,-1.0,-0.0,27.9,3,0.0,19.1,0.0,47.0,61.5,274.0,39.14,40.67,0,0,1,0,0,0,0.0,0.0,0.0,0.0,0.52,1,0,0.0,0.0,0
3534,2024-09-03,2024,9,3,247,36,1,-1.0,-0.0,0.0,0,27.9,0.0,19.1,27.9,47.0,170.6,24.37,40.12,0,0,0,0,0,0,0.0,0.0,0.0,0.0,0.34,1,0,0.0,0.0,0
3535,2024-09-04,2024,9,4,248,36,1,-1.0,-0.0,0.0,0,0.0,27.9,0.0,27.9,47.0,61.5,8.79,40.12,0,0,0,0,0,0,0.0,0.0,0.0,0.0,0.16,1,0,0.0,0.0,0
3536,2024-09-05,2024,9,5,249,36,1,-1.0,-0.0,0.0,0,0.0,0.0,27.9,0.0,27.9,47.0,6.71,40.12,0,0,0,0,0,0,0.0,0.0,0.0,0.0,0.13,1,0,0.0,0.0,0
3537,2024-09-06,2024,9,6,250,36,1,-1.0,-0.0,0.0,0,0.0,0.0,0.0,0.0,27.9,47.0,6.71,36.97,0,0,0,0,0,0,0.0,0.0,0.0,0.0,0.13,1,0,0.0,0.0,0
3538,2024-09-07,2024,9,7,251,36,1,-1.0,-0.0,3.6,2,0.0,0.0,0.0,3.6,3.6,31.5,4.5,37.09,0,0,1,0,0,0,0.0,0.0,0.0,0.0,0.1,1,1,0.2,9.0,1
3539,2024-09-08,2024,9,8,252,36,1,-1.0,-0.0,0.0,0,3.6,0.0,0.0,3.6,3.6,31.5,4.5,37.09,0,0,0,0,0,0,0.0,0.0,0.0,0.0,0.1,1,0,0.0,0.0,0
3540,2024-09-09,2024,9,9,253,37,1,-1.0,-0.0,40.3,3,0.0,3.6,0.0,43.9,43.9,43.9,6.27,38.43,0,0,1,0,0,0,0.0,0.0,0.0,0.0,0.13,1,0,0.0,0.0,0
3541,2024-09-10,2024,9,10,254,37,1,-1.0,-0.0,53.7,4,40.3,0.0,3.6,94.0,97.6,97.6,13.94,39.23,1,0,2,0,0,0,0.0,0.0,0.0,0.0,0.27,1,0,0.0,0.0,0
3542,2024-09-11,2024,9,11,255,37,1,-1.0,-0.0,0.0,0,53.7,40.3,0.0,94.0,97.6,97.6,13.94,38.63,0,0,0,0,0,0,0.0,0.0,0.0,0.0,0.22,1,0,0.0,0.0,0
3543,2024-09-12,2024,9,12,256,37,1,-1.0,-0.0,119.5,4,0.0,53.7,40.3,173.2,213.5,217.1,31.01,39.17,1,1,1,0,0,0,0.0,0.0,0.0,0.0,0.42,1,0,0.0,0.0,0
3544,2024-09-13,2024,9,13,257,37,1,-1.0,-0.0,0.0,0,119.5,0.0,53.7,119.5,213.5,217.1,31.01,37.61,0,0,0,0,0,0,0.0,0.0,0.0,0.0,0.42,1,0,0.0,0.0,0
3545,2024-09-14,2024,9,14,258,37,1,-1.0,-0.0,91.2,4,0.0,119.5,0.0,210.7,264.4,304.7,43.53,37.84,1,0,1,0,0,0,0.0,0.0,0.0,0.0,0.57,1,1,0.4,7.0,2
3546,2024-09-15,2024,9,15,259,37,1,-1.0,-0.0,0.0,0,91.2,0.0,119.5,91.2,210.7,304.7,43.53,37.84,0,0,0,0,0,0,0.0,0.0,0.0,0.0,0.57,1,0,0.0,0.0,0
3547,2024-09-16,2024,9,16,260,38,1,-1.0,-0.0,31.3,3,0.0,91.2,0.0,122.5,242.0,295.7,42.24,37.22,0,0,1,0,0,0,0.0,0.0,0.0,0.0,0.56,1,0,0.0,0.0,0
3548,2024-09-17,2024,9,17,261,38,1,-1.0,-0.0,39.5,3,31.3,0.0,91.2,70.8,162.0,281.5,40.21,35.93,0,0,2,0,0,0,0.0,0.0,0.0,0.0,0.58,1,0,0.0,0.0,0
3549,2024-09-18,2024,9,18,262,38,1,-1.0,-0.0,75.7,4,39.5,31.3,0.0,146.5,237.7,357.2,51.03,37.07,1,0,3,0,0,0,0.0,0.0,0.0,0.0,1.0,1,1,0.4,15.0,2
3550,2024-09-19,2024,9,19,263,38,1,-1.0,-0.0,0.0,0,75.7,39.5,31.3,115.2,146.5,237.7,33.96,34.2,0,0,0,0,0,0,0.0,0.0,0.0,0.0,0.46,1,0,0.0,0.0,0
3551,2024-09-20,2024,9,20,264,38,1,-1.0,-0.0,61.1,4,0.0,75.7,39.5,136.8,207.6,298.8,42.69,35.75,1,0,1,0,0,0,0.0,0.0,0.0,0.0,0.56,1,0,0.0,0.0,0
3552,2024-09-21,2024,9,21,265,38,1,-1.0,-0.0,50.3,4,61.1,0.0,75.7,111.4,226.6,257.9,36.84,34.05,1,0,2,0,0,0,0.0,0.0,0.0,0.0,0.54,1,0,0.0,0.0,0
3553,2024-09-22,2024,9,22,266,38,1,-1.0,-0.0,66.6,4,50.3,61.1,0.0,178.0,253.7,324.5,46.36,31.55,1,0,3,0,0,0,0.0,0.0,0.0,0.0,0.96,1,0,0.0,0.0,0
3554,2024-09-23,2024,9,23,267,39,1,-1.0,-0.0,56.5,4,66.6,50.3,61.1,173.4,234.5,349.7,49.96,32.71,1,0,4,0,0,0,0.0,0.0,0.0,0.0,1.0,1,1,1.0,17.0,3
3555,2024-09-24,2024,9,24,268,39,1,-1.0,-0.0,0.0,0,56.5,66.6,50.3,123.1,234.5,310.2,44.31,32.71,0,0,0,0,0,0,0.0,0.0,0.0,0.0,0.58,1,0,0.0,0.0,0
3556,2024-09-25,2024,9,25,269,39,1,-1.0,-0.0,164.8,4,0.0,56.5,66.6,221.3,338.2,399.3,57.04,37.6,1,1,1,0,0,0,0.0,0.0,0.0,0.0,0.73,1,1,1.1,29.0,3
3557,2024-09-26,2024,9,26,270,39,1,-1.0,-0.0,10.1,3,164.8,0.0,56.5,174.9,298.0,409.4,58.49,34.49,0,0,2,0,0,0,0.0,0.0,0.0,0.0,0.8,1,1,0.8,14.0,2
3558,2024-09-27,2024,9,27,271,39,1,-1.0,-0.0,0.0,0,10.1,164.8,0.0,174.9,231.4,348.3,49.76,30.86,0,0,0,0,0,0,0.0,0.0,0.0,0.0,0.65,1,1,0.4,11.0,1
3559,2024-09-28,2024,9,28,272,39,1,-1.0,-0.0,0.0,0,0.0,10.1,164.8,10.1,174.9,298.0,42.57,30.37,0,0,0,0,0,0,0.0,0.0,0.0,0.0,0.56,1,0,0.0,0.0,0
3560,2024-09-29,2024,9,29,273,39,1,-1.0,-0.0,15.5,3,0.0,0.0,10.1,15.5,190.4,246.9,35.27,30.89,0,0,1,0,0,0,0.0,0.0,0.0,0.0,0.47,1,0,0.0,0.0,0
3561,2024-09-30,2024,9,30,274,40,1,-1.0,-0.0,10.8,3,15.5,0.0,0.0,26.3,36.4,201.2,28.74,30.61,0,0,2,0,0,0,0.0,0.0,0.0,0.0,0.44,1,0,0.0,0.0,0
3562,2024-10-01,2024,10,1,275,40,1,-0.866025,0.5,14.7,3,10.8,15.5,0.0,41.0,41.0,215.9,30.84,31.1,0,0,3,0,0,0,0.0,0.0,0.0,0.0,0.77,1,1,0.4,7.0,1
3563,2024-10-02,2024,10,2,276,40,1,-0.866025,0.5,0.0,0,14.7,10.8,15.5,25.5,41.0,51.1,7.3,30.17,0,0,0,0,0,0,0.0,0.0,0.0,0.0,0.14,1,0,0.0,0.0,0
3564,2024-10-03,2024,10,3,277,40,1,-0.866025,0.5,9.8,3,0.0,14.7,10.8,24.5,50.8,50.8,7.26,30.5,0,0,1,0,0,0,0.0,0.0,0.0,0.0,0.14,1,0,0.0,0.0,0
3565,2024-10-04,2024,10,4,278,40,1,-0.866025,0.5,119.3,4,9.8,0.0,14.7,129.1,154.6,170.1,24.3,34.48,1,1,2,0,0,0,0.0,0.0,0.0,0.0,0.39,1,1,0.7,13.0,2
3566,2024-10-05,2024,10,5,279,40,1,-0.866025,0.5,133.2,4,119.3,9.8,0.0,262.3,277.0,303.3,43.33,38.92,1,1,3,0,0,0,0.0,0.0,0.0,0.0,0.92,1,1,1.5,20.0,3
3567,2024-10-06,2024,10,6,280,40,1,-0.866025,0.5,13.8,3,133.2,119.3,9.8,266.3,276.1,301.6,43.09,39.38,0,0,4,0,0,0,0.0,0.0,0.0,0.0,0.92,1,0,0.0,0.0,0
3568,2024-10-07,2024,10,7,281,41,1,-0.866025,0.5,0.0,0,13.8,133.2,119.3,147.0,276.1,290.8,41.54,39.26,0,0,0,0,0,0,0.0,0.0,0.0,0.0,0.55,1,0,0.0,0.0,0
3569,2024-10-08,2024,10,8,282,41,1,-0.866025,0.5,0.0,0,0.0,13.8,133.2,13.8,266.3,276.1,39.44,39.26,0,0,0,0,0,0,0.0,0.0,0.0,0.0,0.52,1,0,0.0,0.0,0
3570,2024-10-09,2024,10,9,283,41,1,-0.866025,0.5,0.0,0,0.0,0.0,13.8,0.0,147.0,276.1,39.44,37.91,0,0,0,0,0,0,0.0,0.0,0.0,0.0,0.52,1,0,0.0,0.0,0
3571,2024-10-10,2024,10,10,284,41,1,-0.866025,0.5,76.3,4,0.0,0.0,0.0,76.3,90.1,342.6,48.94,38.67,1,0,1,0,0,0,0.0,0.0,0.0,0.0,0.64,1,1,0.2,9.0,1
3572,2024-10-11,2024,10,11,285,41,1,-0.866025,0.5,14.9,3,76.3,0.0,0.0,91.2,91.2,238.2,34.03,39.16,0,0,2,0,0,0,0.0,0.0,0.0,0.0,0.51,1,0,0.0,0.0,0
3573,2024-10-12,2024,10,12,286,41,1,-0.866025,0.5,86.0,4,14.9,76.3,0.0,177.2,177.2,191.0,27.29,38.05,1,0,3,0,0,0,0.0,0.0,0.0,0.0,0.73,1,0,0.0,0.0,0
3574,2024-10-13,2024,10,13,287,41,1,-0.866025,0.5,60.2,4,86.0,14.9,76.3,161.1,237.4,237.4,33.91,40.05,1,0,4,0,0,0,0.0,0.0,9.0,0.0,0.81,1,1,1.5,24.0,3
3575,2024-10-14,2024,10,14,288,42,1,-0.866025,0.5,0.0,0,60.2,86.0,14.9,146.2,237.4,237.4,33.91,37.01,0,0,0,0,0,0,0.0,0.0,8.0,0.0,0.46,1,0,0.0,0.0,0
3576,2024-10-15,2024,10,15,289,42,1,-0.866025,0.5,140.9,4,0.0,60.2,86.0,201.1,302.0,378.3,54.04,41.71,1,1,1,0,0,0,0.0,0.0,7.0,0.0,0.7,1,1,1.2,25.0,3
3577,2024-10-16,2024,10,16,290,42,1,-0.866025,0.5,155.8,4,140.9,0.0,60.2,296.7,442.9,534.1,76.3,45.86,1,1,2,0,0,0,0.0,0.0,6.0,0.0,1.0,1,1,0.7,22.0,3
3578,2024-10-17,2024,10,17,291,42,1,-0.866025,0.5,11.2,3,155.8,140.9,0.0,307.9,368.1,469.0,67.0,44.92,0,0,3,0,0,0,0.0,0.0,5.0,0.0,1.0,1,0,0.0,0.0,0
3579,2024-10-18,2024,10,18,292,42,1,-0.866025,0.5,24.7,3,11.2,155.8,140.9,191.7,332.6,478.8,68.4,43.22,0,0,4,0,0,0,0.0,0.0,4.0,0.0,1.0,1,0,0.0,0.0,0
3580,2024-10-19,2024,10,19,293,42,1,-0.866025,0.5,65.2,4,24.7,11.2,155.8,101.1,397.8,458.0,65.43,45.39,1,0,5,0,0,0,0.0,0.0,3.0,0.0,1.0,1,0,0.0,0.0,0
3581,2024-10-20,2024,10,20,294,42,1,-0.866025,0.5,0.0,0,65.2,24.7,11.2,89.9,256.9,397.8,56.83,43.35,0,0,0,0,0,0,0.0,0.0,2.0,0.0,0.73,1,0,0.0,0.0,0
3582,2024-10-21,2024,10,21,295,43,1,-0.866025,0.5,68.1,4,0.0,65.2,24.7,133.3,169.2,465.9,66.56,43.95,1,0,1,0,0,0,0.0,0.0,1.0,0.0,0.85,1,1,0.7,8.0,2
3583,2024-10-22,2024,10,22,296,43,1,-0.866025,0.5,300.0,4,68.1,0.0,65.2,368.1,458.0,625.0,89.29,51.73,1,1,2,1,3,Kristine,3.0,155.0,0.0,0.0,1.0,1,1,2.5,61.0,4
3584,2024-10-23,2024,10,23,297,43,1,-0.866025,0.5,210.5,4,300.0,68.1,0.0,578.6,643.8,679.7,97.1,56.86,1,1,3,1,3,Kristine,3.0,155.0,0.0,365.0,0.95,1,1,1.5,54.0,3
3585,2024-10-24,2024,10,24,298,43,1,-0.866025,0.5,145.3,4,210.5,300.0,68.1,655.8,723.9,813.8,116.26,61.7,1,1,4,1,3,Kristine,3.0,155.0,0.0,1.0,0.98,1,1,1.2,40.0,3
3586,2024-10-25,2024,10,25,299,43,1,-0.866025,0.5,62.1,4,145.3,210.5,300.0,417.9,786.0,851.2,121.6,58.28,1,0,5,1,2,Kristine,3.0,155.0,0.0,2.0,0.88,1,1,0.4,12.0,2
3587,2024-10-26,2024,10,26,300,43,1,-0.866025,0.5,18.5,3,62.1,145.3,210.5,225.9,736.4,804.5,114.93,58.56,0,0,6,0,0,Kristine,0.0,155.0,10.0,3.0,0.7,1,0,0.0,0.0,0
3588,2024-10-27,2024,10,27,301,43,1,-0.866025,0.5,168.6,4,18.5,62.1,145.3,249.2,605.0,973.1,139.01,64.18,1,1,7,0,0,0,0.0,0.0,5.0,0.0,1.0,1,1,0.9,39.0,3
3589,2024-10-28,2024,10,28,302,44,1,-0.866025,0.5,37.4,3,168.6,18.5,62.1,224.5,431.9,942.4,134.63,65.43,0,0,8,0,0,0,0.0,0.0,4.0,0.0,1.0,1,1,0.4,13.0,2
3590,2024-10-29,2024,10,29,303,44,1,-0.866025,0.5,0.1,1,37.4,168.6,18.5,206.1,286.7,642.5,91.79,64.91,0,0,9,0,0,0,0.0,0.0,3.0,0.0,1.0,1,0,0.0,0.0,0
3591,2024-10-30,2024,10,30,304,44,1,-0.866025,0.5,0.0,0,0.1,37.4,168.6,37.5,224.6,432.0,61.71,64.55,0,0,0,0,0,0,0.0,0.0,2.0,0.0,0.79,1,0,0.0,0.0,0
3592,2024-10-31,2024,10,31,305,44,1,-0.866025,0.5,0.0,0,0.0,0.1,37.4,0.1,206.1,286.7,40.96,64.06,0,0,0,0,0,0,0.0,0.0,1.0,0.0,0.54,1,0,0.0,0.0,0
3593,2024-11-01,2024,11,1,306,44,1,-0.5,0.866025,4.2,2,0.0,0.0,0.1,4.2,41.7,228.8,32.69,64.2,0,0,1,1,2,Leon,2.0,120.0,0.0,0.0,0.44,1,0,0.0,0.0,0
3594,2024-11-02,2024,11,2,307,44,1,-0.5,0.866025,67.0,4,4.2,0.0,0.0,71.2,71.3,277.3,39.61,66.11,1,0,2,1,2,Leon,2.0,120.0,0.0,1.0,0.58,1,0,0.0,0.0,0
3595,2024-11-03,2024,11,3,308,44,1,-0.5,0.866025,231.5,4,67.0,4.2,0.0,302.7,302.7,340.2,48.6,69.85,1,1,3,1,2,Leon,2.0,120.0,0.0,2.0,0.98,1,1,2.4,43.0,4
3596,2024-11-04,2024,11,4,309,45,1,-0.5,0.866025,11.7,3,231.5,67.0,4.2,310.2,314.4,314.5,44.93,65.8,0,0,4,0,0,0,0.0,0.0,0.0,3.0,0.94,1,0,0.0,0.0,0
3597,2024-11-05,2024,11,5,310,45,1,-0.5,0.866025,0.0,0,11.7,231.5,67.0,243.2,314.4,314.4,44.91,65.34,0,0,0,0,0,0,0.0,0.0,0.0,4.0,0.59,1,0,0.0,0.0,0
3598,2024-11-06,2024,11,6,311,45,1,-0.5,0.866025,45.1,3,0.0,11.7,231.5,56.8,355.3,359.5,51.36,66.84,0,0,1,0,0,0,0.0,0.0,0.0,5.0,0.67,1,0,0.0,0.0,0
3599,2024-11-07,2024,11,7,312,45,1,-0.5,0.866025,34.3,3,45.1,0.0,11.7,79.4,322.6,393.8,56.26,67.99,0,0,2,0,0,0,0.0,0.0,0.0,6.0,0.78,1,0,0.0,0.0,0
3600,2024-11-08,2024,11,8,313,45,1,-0.5,0.866025,88.5,4,34.3,45.1,0.0,167.9,179.6,478.1,68.3,70.94,1,0,3,0,0,0,0.0,0.0,0.0,7.0,1.0,1,0,0.0,0.0,0
3601,2024-11-09,2024,11,9,314,45,1,-0.5,0.866025,0.0,0,88.5,34.3,45.1,122.8,167.9,411.1,58.73,68.39,0,0,0,0,0,0,0.0,0.0,0.0,8.0,0.75,1,0,0.0,0.0,0
3602,2024-11-10,2024,11,10,315,45,1,-0.5,0.866025,148.7,4,0.0,88.5,34.3,237.2,316.6,328.3,46.9,72.85,1,1,1,0,0,0,0.0,0.0,0.0,9.0,0.61,1,1,1.1,20.0,3
3603,2024-11-11,2024,11,11,316,46,1,-0.5,0.866025,0.0,0,148.7,0.0,88.5,148.7,271.5,316.6,45.23,69.99,0,0,0,0,0,0,0.0,0.0,0.0,10.0,0.59,1,0,0.0,0.0,0
3604,2024-11-12,2024,11,12,317,46,1,-0.5,0.866025,0.0,0,0.0,148.7,0.0,148.7,237.2,316.6,45.23,67.98,0,0,0,0,0,0,0.0,0.0,0.0,11.0,0.59,1,0,0.0,0.0,0
3605,2024-11-13,2024,11,13,318,46,1,-0.5,0.866025,11.1,3,0.0,0.0,148.7,11.1,159.8,282.6,40.37,68.35,0,0,1,0,0,0,0.0,0.0,0.0,12.0,0.53,1,0,0.0,0.0,0
3606,2024-11-14,2024,11,14,319,46,1,-0.5,0.866025,13.0,3,11.1,0.0,0.0,24.1,172.8,261.3,37.33,64.09,0,0,2,0,0,0,0.0,0.0,0.0,13.0,0.55,1,0,0.0,0.0,0
3607,2024-11-15,2024,11,15,320,46,1,-0.5,0.866025,82.0,4,13.0,11.1,0.0,106.1,106.1,254.8,36.4,61.63,1,0,3,0,0,0,0.0,0.0,0.0,14.0,0.84,1,1,0.4,9.0,2
3608,2024-11-16,2024,11,16,321,46,1,-0.5,0.866025,0.0,0,82.0,13.0,11.1,95.0,106.1,254.8,36.4,61.25,0,0,0,0,0,0,0.0,0.0,0.0,15.0,0.49,1,0,0.0,0.0,0
3609,2024-11-17,2024,11,17,322,46,1,-0.5,0.866025,65.7,4,0.0,82.0,13.0,147.7,171.8,171.8,24.54,62.62,1,0,1,0,0,0,0.0,0.0,0.0,16.0,0.34,1,0,0.0,0.0,0
3610,2024-11-18,2024,11,18,323,47,1,-0.5,0.866025,118.1,4,65.7,0.0,82.0,183.8,278.8,289.9,41.41,64.38,1,1,2,0,0,0,0.0,0.0,0.0,17.0,0.6,1,0,0.0,0.0,0
3611,2024-11-19,2024,11,19,324,47,1,-0.5,0.866025,61.3,4,118.1,65.7,0.0,245.1,327.1,351.2,50.17,66.43,1,0,3,0,0,0,0.0,0.0,0.0,18.0,1.0,1,1,1.2,37.0,3
3612,2024-11-20,2024,11,20,325,47,1,-0.5,0.866025,0.0,0,61.3,118.1,65.7,179.4,245.1,340.1,48.59,64.16,0,0,0,0,0,0,0.0,0.0,0.0,19.0,0.63,1,0,0.0,0.0,0
3613,2024-11-21,2024,11,21,326,47,1,-0.5,0.866025,18.8,3,0.0,61.3,118.1,80.1,263.9,345.9,49.41,54.78,0,0,1,0,0,0,0.0,0.0,0.0,20.0,0.64,1,0,0.0,0.0,0
3614,2024-11-22,2024,11,22,327,47,1,-0.5,0.866025,61.6,4,18.8,0.0,61.3,80.4,259.8,325.5,46.5,49.82,1,0,2,0,0,0,0.0,0.0,0.0,21.0,0.66,1,1,0.7,18.0,2
3615,2024-11-23,2024,11,23,328,47,1,-0.5,0.866025,84.9,4,61.6,18.8,0.0,165.3,226.6,410.4,58.63,47.81,1,0,3,0,0,0,0.0,0.0,0.0,22.0,1.0,1,1,1.5,29.0,3
3616,2024-11-24,2024,11,24,329,47,1,-0.5,0.866025,71.9,4,84.9,61.6,18.8,218.4,237.2,416.6,59.51,48.13,1,0,4,0,0,0,0.0,0.0,0.0,23.0,1.0,1,0,0.0,0.0,0
3617,2024-11-25,2024,11,25,330,48,1,-0.5,0.866025,57.8,4,71.9,84.9,61.6,214.6,295.0,356.3,50.9,49.44,1,0,5,0,0,0,0.0,0.0,0.0,24.0,1.0,1,1,1.2,29.0,3
3618,2024-11-26,2024,11,26,331,48,1,-0.5,0.866025,83.0,4,57.8,71.9,84.9,212.7,359.2,378.0,54.0,46.59,1,0,6,0,0,0,0.0,0.0,0.0,25.0,1.0,1,1,0.8,32.0,3
3619,2024-11-27,2024,11,27,332,48,1,-0.5,0.866025,87.6,4,83.0,57.8,71.9,228.4,385.2,465.6,66.51,48.26,1,0,7,0,0,0,0.0,0.0,0.0,26.0,1.0,1,1,1.0,34.0,3
3620,2024-11-28,2024,11,28,333,48,1,-0.5,0.866025,97.2,4,87.6,83.0,57.8,267.8,397.5,544.0,77.71,51.5,1,0,8,0,0,0,0.0,0.0,0.0,27.0,1.0,1,1,1.4,34.0,3
3621,2024-11-29,2024,11,29,334,48,1,-0.5,0.866025,64.2,4,97.2,87.6,83.0,249.0,389.8,546.6,78.09,53.64,1,0,9,0,0,0,0.0,0.0,0.0,28.0,1.0,1,1,0.9,19.0,3
3622,2024-11-30,2024,11,30,335,48,1,-0.5,0.866025,0.0,0,64.2,97.2,87.6,161.4,332.0,461.7,65.96,53.64,0,0,0,0,0,0,0.0,0.0,0.0,29.0,0.84,1,1,0.4,14.0,2
3623,2024-12-01,2024,12,1,336,48,0,-0.0,1.0,15.8,3,0.0,64.2,97.2,80.0,264.8,405.6,57.94,54.03,0,0,1,0,0,0,0.0,0.0,0.0,0.0,0.75,1,0,0.0,0.0,0
3624,2024-12-02,2024,12,2,337,49,0,-0.0,1.0,23.7,3,15.8,0.0,64.2,39.5,200.9,371.5,53.07,52.58,0,0,2,0,0,0,0.0,0.0,0.0,0.0,0.74,1,0,0.0,0.0,0
3625,2024-12-03,2024,12,3,338,49,0,-0.0,1.0,50.2,4,23.7,15.8,0.0,89.7,153.9,338.7,48.39,46.54,1,0,3,0,0,0,0.0,0.0,0.0,0.0,0.98,1,1,0.5,19.0,2
3626,2024-12-04,2024,12,4,339,49,0,-0.0,1.0,0.0,0,50.2,23.7,15.8,73.9,89.7,251.1,35.87,46.15,0,0,0,0,0,0,0.0,0.0,0.0,0.0,0.48,1,0,0.0,0.0,0
3627,2024-12-05,2024,12,5,340,49,0,-0.0,1.0,0.0,0,0.0,50.2,23.7,50.2,89.7,153.9,21.99,46.15,0,0,0,0,0,0,0.0,0.0,0.0,0.0,0.31,1,0,0.0,0.0,0
3628,2024-12-06,2024,12,6,341,49,0,-0.0,1.0,0.0,0,0.0,0.0,50.2,0.0,73.9,89.7,12.81,44.65,0,0,0,0,0,0,0.0,0.0,0.0,0.0,0.2,1,0,0.0,0.0,0
3629,2024-12-07,2024,12,7,342,49,0,-0.0,1.0,29.2,3,0.0,0.0,0.0,29.2,79.4,118.9,16.99,44.48,0,0,1,0,0,0,0.0,0.0,0.0,0.0,0.25,1,0,0.0,0.0,0
3630,2024-12-08,2024,12,8,343,49,0,-0.0,1.0,0.0,0,29.2,0.0,0.0,29.2,29.2,103.1,14.73,41.53,0,0,0,0,0,0,0.0,0.0,0.0,0.0,0.23,1,0,0.0,0.0,0
3631,2024-12-09,2024,12,9,344,50,0,-0.0,1.0,10.2,3,0.0,29.2,0.0,39.4,39.4,89.6,12.8,41.87,0,0,1,0,0,0,0.0,0.0,0.0,0.0,0.2,1,0,0.0,0.0,0
3632,2024-12-10,2024,12,10,345,50,0,-0.0,1.0,0.0,0,10.2,0.0,29.2,10.2,39.4,39.4,5.63,36.91,0,0,0,0,0,0,0.0,0.0,0.0,0.0,0.12,1,0,0.0,0.0,0
3633,2024-12-11,2024,12,11,346,50,0,-0.0,1.0,0.0,0,0.0,10.2,0.0,10.2,39.4,39.4,5.63,36.91,0,0,0,0,0,0,0.0,0.0,0.0,0.0,0.12,1,0,0.0,0.0,0
3634,2024-12-12,2024,12,12,347,50,0,-0.0,1.0,0.0,0,0.0,0.0,10.2,0.0,10.2,39.4,5.63,36.91,0,0,0,0,0,0,0.0,0.0,0.0,0.0,0.12,1,0,0.0,0.0,0
3635,2024-12-13,2024,12,13,348,50,0,-0.0,1.0,0.0,0,0.0,0.0,0.0,0.0,10.2,39.4,5.63,36.54,0,0,0,0,0,0,0.0,0.0,0.0,0.0,0.12,1,0,0.0,0.0,0
3636,2024-12-14,2024,12,14,349,50,0,-0.0,1.0,0.0,0,0.0,0.0,0.0,0.0,0.0,10.2,1.46,36.11,0,0,0,0,0,0,0.0,0.0,0.0,0.0,0.07,1,0,0.0,0.0,0
3637,2024-12-15,2024,12,15,350,50,0,-0.0,1.0,20.7,3,0.0,0.0,0.0,20.7,20.7,30.9,4.41,34.06,0,0,1,0,0,0,0.0,0.0,0.0,0.0,0.1,1,0,0.0,0.0,0
3638,2024-12-16,2024,12,16,351,51,0,-0.0,1.0,52.0,4,20.7,0.0,0.0,72.7,72.7,72.7,10.39,35.8,1,0,2,0,0,0,0.0,0.0,0.0,0.0,0.22,1,0,0.0,0.0,0
3639,2024-12-17,2024,12,17,352,51,0,-0.0,1.0,0.0,0,52.0,20.7,0.0,72.7,72.7,72.7,10.39,33.61,0,0,0,0,0,0,0.0,0.0,0.0,0.0,0.17,1,0,0.0,0.0,0
3640,2024-12-18,2024,12,18,353,51,0,-0.0,1.0,24.8,3,0.0,52.0,20.7,76.8,97.5,97.5,13.93,30.5,0,0,1,0,0,0,0.0,0.0,0.0,0.0,0.22,1,0,0.0,0.0,0
3641,2024-12-19,2024,12,19,354,51,0,-0.0,1.0,21.2,3,24.8,0.0,52.0,46.0,118.7,118.7,16.96,29.16,0,0,2,0,0,0,0.0,0.0,0.0,0.0,0.3,1,0,0.0,0.0,0
3642,2024-12-20,2024,12,20,355,51,0,-0.0,1.0,0.0,0,21.2,24.8,0.0,46.0,98.0,118.7,16.96,29.16,0,0,0,0,0,0,0.0,0.0,0.0,0.0,0.25,1,0,0.0,0.0,0
3643,2024-12-21,2024,12,21,356,51,0,-0.0,1.0,0.0,0,0.0,21.2,24.8,21.2,46.0,118.7,16.96,28.53,0,0,0,0,0,0,0.0,0.0,0.0,0.0,0.25,1,0,0.0,0.0,0
3644,2024-12-22,2024,12,22,357,51,0,-0.0,1.0,0.0,0,0.0,0.0,21.2,0.0,46.0,98.0,14.0,26.48,0,0,0,0,0,0,0.0,0.0,0.0,0.0,0.22,1,0,0.0,0.0,0
3645,2024-12-23,2024,12,23,358,52,0,-0.0,1.0,38.7,3,0.0,0.0,0.0,38.7,59.9,84.7,12.1,24.94,0,0,1,0,0,0,0.0,0.0,0.0,0.0,0.2,1,0,0.0,0.0,0
3646,2024-12-24,2024,12,24,359,52,0,-0.0,1.0,0.0,0,38.7,0.0,0.0,38.7,38.7,84.7,12.1,22.54,0,0,0,0,0,0,0.0,0.0,0.0,0.0,0.2,1,0,0.0,0.0,0
3647,2024-12-25,2024,12,25,360,52,0,-0.0,1.0,0.0,0,0.0,38.7,0.0,38.7,38.7,59.9,8.56,20.62,0,0,0,0,0,0,0.0,0.0,0.0,0.0,0.15,1,0,0.0,0.0,0
3648,2024-12-26,2024,12,26,361,52,0,-0.0,1.0,0.0,0,0.0,0.0,38.7,0.0,38.7,38.7,5.53,17.85,0,0,0,0,0,0,0.0,0.0,0.0,0.0,0.12,1,0,0.0,0.0,0
3649,2024-12-27,2024,12,27,362,52,0,-0.0,1.0,36.1,3,0.0,0.0,0.0,36.1,74.8,74.8,10.69,16.13,0,0,1,0,0,0,0.0,0.0,0.0,0.0,0.18,1,0,0.0,0.0,0
3650,2024-12-28,2024,12,28,363,52,0,-0.0,1.0,74.1,4,36.1,0.0,0.0,110.2,110.2,148.9,21.27,15.36,1,0,2,0,0,0,0.0,0.0,0.0,0.0,0.36,1,0,0.0,0.0,0
3651,2024-12-29,2024,12,29,364,52,0,-0.0,1.0,0.0,0,74.1,36.1,0.0,110.2,110.2,148.9,21.27,13.22,0,0,0,0,0,0,0.0,0.0,0.0,0.0,0.31,1,0,0.0,0.0,0
3652,2024-12-30,2024,12,30,365,1,0,-0.0,1.0,0.0,0,0.0,74.1,36.1,74.1,110.2,110.2,15.74,13.22,0,0,0,0,0,0,0.0,0.0,0.0,0.0,0.2,1,0,0.0,0.0,0
3653,2024-12-31,2024,12,31,366,1,0,-0.0,1.0,0.0,0,0.0,0.0,74.1,0.0,110.2,110.2,15.74,12.7,0,0,0,0,0,0,0.0,0.0,0.0,0.0,0.07,1,0,0.0,0.0,0
3654,2025-01-01,2025,1,1,1,1,0,0.5,0.866025,5.0,2,0.0,0.0,0.0,5.0,79.1,115.2,16.46,12.07,0,0,1,0,0,0,0.0,0.0,0.0,0.0,0.14,1,0,0.0,0.0,0
3655,2025-01-02,2025,1,2,2,1,0,0.5,0.866025,44.8,3,5.0,0.0,0.0,49.8,49.8,160.0,22.86,11.89,0,0,2,0,0,0,0.0,0.0,0.0,0.0,0.33,1,1,0.28,9.9,1
3656,2025-01-03,2025,1,3,3,1,0,0.5,0.866025,0.0,0,44.8,5.0,0.0,49.8,49.8,123.9,17.7,11.89,0,0,0,0,0,0,0.0,0.0,0.0,0.0,0.18,1,0,0.0,0.0,0
3657,2025-01-04,2025,1,4,4,1,0,0.5,0.866025,0.0,0,0.0,44.8,5.0,44.8,49.8,49.8,7.11,11.89,0,0,0,0,0,0,0.0,0.0,0.0,0.0,0.21,1,0,0.0,0.0,0
3658,2025-01-05,2025,1,5,5,1,0,0.5,0.866025,17.1,3,0.0,0.0,44.8,17.1,66.9,66.9,9.56,12.46,0,0,1,0,0,0,0.0,0.0,0.0,0.0,0.14,1,0,0.0,0.0,0
3659,2025-01-06,2025,1,6,6,2,0,0.5,0.866025,26.7,3,17.1,0.0,0.0,43.8,88.6,93.6,13.37,12.38,0,0,2,0,0,0,0.0,0.0,0.0,0.0,0.24,1,0,0.0,0.0,0
3660,2025-01-07,2025,1,7,7,2,0,0.5,0.866025,0.0,0,26.7,17.1,0.0,43.8,43.8,93.6,13.37,12.38,0,0,0,0,0,0,0.0,0.0,0.0,0.0,0.14,1,0,0.0,0.0,0
3661,2025-01-08,2025,1,8,8,2,0,0.5,0.866025,0.0,0,0.0,26.7,17.1,26.7,43.8,88.6,12.66,12.04,0,0,0,0,0,0,0.0,0.0,0.0,0.0,0.21,1,0,0.0,0.0,0
3662,2025-01-09,2025,1,9,9,2,0,0.5,0.866025,5.0,2,0.0,0.0,26.7,5.0,48.8,48.8,6.97,12.21,0,0,1,0,0,0,0.0,0.0,0.0,0.0,0.18,1,0,0.0,0.0,0
3663,2025-01-10,2025,1,10,10,2,0,0.5,0.866025,37.0,3,5.0,0.0,0.0,42.0,68.7,85.8,12.26,13.44,0,0,2,0,0,0,0.0,0.0,0.0,0.0,0.34,1,1,0.42,7.5,1
3664,2025-01-11,2025,1,11,11,2,0,0.5,0.866025,2.9,2,37.0,5.0,0.0,44.9,44.9,88.7,12.67,13.54,0,0,3,0,0,0,0.0,0.0,0.0,0.0,0.16,1,0,0.0,0.0,0
3665,2025-01-12,2025,1,12,12,2,0,0.5,0.866025,0.0,0,2.9,37.0,5.0,39.9,44.9,71.6,10.23,13.54,0,0,0,0,0,0,0.0,0.0,0.0,0.0,0.23,1,0,0.0,0.0,0
3666,2025-01-13,2025,1,13,13,3,0,0.5,0.866025,0.0,0,0.0,2.9,37.0,2.9,44.9,44.9,6.41,13.54,0,0,0,0,0,0,0.0,0.0,0.0,0.0,0.09,1,0,0.0,0.0,0
3667,2025-01-14,2025,1,14,14,3,0,0.5,0.866025,0.0,0,0.0,0.0,2.9,0.0,39.9,44.9,6.41,12.85,0,0,0,0,0,0,0.0,0.0,0.0,0.0,0.1,1,0,0.0,0.0,0
3668,2025-01-15,2025,1,15,15,3,0,0.5,0.866025,0.0,0,0.0,0.0,0.0,0.0,2.9,44.9,6.41,11.11,0,0,0,0,0,0,0.0,0.0,0.0,0.0,0.2,1,0,0.0,0.0,0
3669,2025-01-16,2025,1,16,16,3,0,0.5,0.866025,9.7,3,0.0,0.0,0.0,9.7,9.7,49.6,7.09,11.44,0,0,1,0,0,0,0.0,0.0,0.0,0.0,0.18,1,0,0.0,0.0,0
3670,2025-01-17,2025,1,17,17,3,0,0.5,0.866025,0.0,0,9.7,0.0,0.0,9.7,9.7,12.6,1.8,10.61,0,0,0,0,0,0,0.0,0.0,0.0,0.0,0.25,1,1,0.5,3.7,1
3671,2025-01-18,2025,1,18,18,3,0,0.5,0.866025,26.7,3,0.0,9.7,0.0,36.4,36.4,36.4,5.2,10.79,0,0,1,0,0,0,0.0,0.0,0.0,0.0,0.3,1,0,0.0,0.0,0
3672,2025-01-19,2025,1,19,19,3,0,0.5,0.866025,0.0,0,26.7,0.0,9.7,26.7,36.4,36.4,5.2,10.79,0,0,0,0,0,0,0.0,0.0,0.0,0.0,0.34,1,0,0.0,0.0,0
3673,2025-01-20,2025,1,20,20,4,0,0.5,0.866025,0.0,0,0.0,26.7,0.0,26.7,36.4,36.4,5.2,10.79,0,0,0,0,0,0,0.0,0.0,0.0,0.0,0.41,1,0,0.0,0.0,0
3674,2025-01-21,2025,1,21,21,4,0,0.5,0.866025,0.0,0,0.0,0.0,26.7,0.0,26.7,36.4,5.2,10.79,0,0,0,0,0,0,0.0,0.0,0.0,0.0,0.39,1,0,0.0,0.0,0
3675,2025-01-22,2025,1,22,22,4,0,0.5,0.866025,23.5,3,0.0,0.0,0.0,23.5,50.2,59.9,8.56,10.29,0,0,1,0,0,0,0.0,0.0,0.0,0.0,0.5,1,1,0.54,8.7,1
3676,2025-01-23,2025,1,23,23,4,0,0.5,0.866025,0.0,0,23.5,0.0,0.0,23.5,23.5,50.2,7.17,10.29,0,0,0,0,0,0,0.0,0.0,0.0,0.0,0.6,1,0,0.0,0.0,0
3677,2025-01-24,2025,1,24,24,4,0,0.5,0.866025,34.8,3,0.0,23.5,0.0,58.3,58.3,85.0,12.14,11.45,0,0,1,0,0,0,0.0,0.0,0.0,0.0,0.72,1,0,0.0,0.0,0
3678,2025-01-25,2025,1,25,25,4,0,0.5,0.866025,23.5,3,34.8,0.0,23.5,58.3,81.8,81.8,11.69,12.23,0,0,2,0,0,0,0.0,0.0,0.0,0.0,0.57,1,0,0.0,0.0,0
3679,2025-01-26,2025,1,26,26,4,0,0.5,0.866025,0.0,0,23.5,34.8,0.0,58.3,81.8,81.8,11.69,11.03,0,0,0,0,0,0,0.0,0.0,0.0,0.0,0.49,1,0,0.0,0.0,0
3680,2025-01-27,2025,1,27,27,5,0,0.5,0.866025,0.0,0,0.0,23.5,34.8,23.5,58.3,81.8,11.69,8.56,0,0,0,0,0,0,0.0,0.0,0.0,0.0,0.42,1,0,0.0,0.0,0
3681,2025-01-28,2025,1,28,28,5,0,0.5,0.866025,0.0,0,0.0,0.0,23.5,0.0,58.3,81.8,11.69,8.56,0,0,0,0,0,0,0.0,0.0,0.0,0.0,0.26,1,0,0.0,0.0,0
3682,2025-01-29,2025,1,29,29,5,0,0.5,0.866025,0.0,0,0.0,0.0,0.0,0.0,23.5,58.3,8.33,8.56,0,0,0,0,0,0,0.0,0.0,0.0,0.0,0.19,1,0,0.0,0.0,0
3683,2025-01-30,2025,1,30,30,5,0,0.5,0.866025,0.0,0,0.0,0.0,0.0,0.0,0.0,58.3,8.33,8.56,0,0,0,0,0,0,0.0,0.0,0.0,0.0,0.0,1,0,0.0,0.0,0
3684,2025-01-31,2025,1,31,31,5,0,0.5,0.866025,0.0,0,0.0,0.0,0.0,0.0,0.0,23.5,3.36,8.39,0,0,0,0,0,0,0.0,0.0,0.0,0.0,0.0,1,0,0.0,0.0,0
3685,2025-02-01,2025,2,1,32,5,0,0.866025,0.5,0.0,0,0.0,0.0,0.0,0.0,0.0,0.0,0.0,6.9,0,0,0,0,0,0,0.0,0.0,0.0,0.0,0.06,1,0,0.0,0.0,0
3686,2025-02-02,2025,2,2,33,5,0,0.866025,0.5,0.0,0,0.0,0.0,0.0,0.0,0.0,0.0,0.0,6.9,0,0,0,0,0,0,0.0,0.0,0.0,0.0,0.03,1,0,0.0,0.0,0
3687,2025-02-03,2025,2,3,34,6,0,0.866025,0.5,0.0,0,0.0,0.0,0.0,0.0,0.0,0.0,0.0,6.9,0,0,0,0,0,0,0.0,0.0,0.0,0.0,0.0,1,0,0.0,0.0,0
3688,2025-02-04,2025,2,4,35,6,0,0.866025,0.5,0.0,0,0.0,0.0,0.0,0.0,0.0,0.0,0.0,6.33,0,0,0,0,0,0,0.0,0.0,0.0,0.0,0.0,1,0,0.0,0.0,0
3689,2025-02-05,2025,2,5,36,6,0,0.866025,0.5,0.0,0,0.0,0.0,0.0,0.0,0.0,0.0,0.0,5.44,0,0,0,0,0,0,0.0,0.0,0.0,0.0,0.0,1,0,0.0,0.0,0
3690,2025-02-06,2025,2,6,37,6,0,0.866025,0.5,0.0,0,0.0,0.0,0.0,0.0,0.0,0.0,0.0,5.44,0,0,0,0,0,0,0.0,0.0,0.0,0.0,0.0,1,0,0.0,0.0,0
3691,2025-02-07,2025,2,7,38,6,0,0.866025,0.5,0.0,0,0.0,0.0,0.0,0.0,0.0,0.0,0.0,5.44,0,0,0,0,0,0,0.0,0.0,0.0,0.0,0.06,1,0,0.0,0.0,0
3692,2025-02-08,2025,2,8,39,6,0,0.866025,0.5,0.0,0,0.0,0.0,0.0,0.0,0.0,0.0,0.0,5.27,0,0,0,0,0,0,0.0,0.0,0.0,0.0,0.03,1,0,0.0,0.0,0
3693,2025-02-09,2025,2,9,40,6,0,0.866025,0.5,0.0,0,0.0,0.0,0.0,0.0,0.0,0.0,0.0,4.04,0,0,0,0,0,0,0.0,0.0,0.0,0.0,0.14,1,0,0.0,0.0,0
3694,2025-02-10,2025,2,10,41,7,0,0.866025,0.5,0.0,0,0.0,0.0,0.0,0.0,0.0,0.0,0.0,3.94,0,0,0,0,0,0,0.0,0.0,0.0,0.0,0.02,1,0,0.0,0.0,0
3695,2025-02-11,2025,2,11,42,7,0,0.866025,0.5,9.5,3,0.0,0.0,0.0,9.5,9.5,9.5,1.36,4.26,0,0,1,0,0,0,0.0,0.0,0.0,0.0,0.1,1,0,0.0,0.0,0
3696,2025-02-12,2025,2,12,43,7,0,0.866025,0.5,10.9,3,9.5,0.0,0.0,20.4,20.4,20.4,2.91,4.62,0,0,2,0,0,0,0.0,0.0,0.0,0.0,0.19,1,0,0.0,0.0,0
3697,2025-02-13,2025,2,13,44,7,0,0.866025,0.5,0.0,0,10.9,9.5,0.0,20.4,20.4,20.4,2.91,4.62,0,0,0,0,0,0,0.0,0.0,0.0,0.0,0.13,1,0,0.0,0.0,0
3698,2025-02-14,2025,2,14,45,7,0,0.866025,0.5,10.1,3,0.0,10.9,9.5,21.0,30.5,30.5,4.36,4.96,0,0,1,0,0,0,0.0,0.0,0.0,0.0,0.06,1,0,0.0,0.0,0
3699,2025-02-15,2025,2,15,46,7,0,0.866025,0.5,0.0,0,10.1,0.0,10.9,10.1,30.5,30.5,4.36,4.63,0,0,0,0,0,0,0.0,0.0,0.0,0.0,0.15,1,0,0.0,0.0,0
3700,2025-02-16,2025,2,16,47,7,0,0.866025,0.5,28.8,3,0.0,10.1,0.0,38.9,49.8,59.3,8.47,5.59,0,0,1,0,0,0,0.0,0.0,0.0,0.0,0.3,1,1,0.5,9.0,1
3701,2025-02-17,2025,2,17,48,8,0,0.866025,0.5,0.0,0,28.8,0.0,10.1,28.8,38.9,59.3,8.47,4.7,0,0,0,0,0,0,0.0,0.0,0.0,0.0,0.33,1,0,0.0,0.0,0
3702,2025-02-18,2025,2,18,49,8,0,0.866025,0.5,0.0,0,0.0,28.8,0.0,28.8,38.9,49.8,7.11,4.7,0,0,0,0,0,0,0.0,0.0,0.0,0.0,0.33,1,0,0.0,0.0,0
3703,2025-02-19,2025,2,19,50,8,0,0.866025,0.5,0.0,0,0.0,0.0,28.8,0.0,28.8,38.9,5.56,4.7,0,0,0,0,0,0,0.0,0.0,0.0,0.0,0.31,1,0,0.0,0.0,0
3704,2025-02-20,2025,2,20,51,8,0,0.866025,0.5,10.9,3,0.0,0.0,0.0,10.9,39.7,49.8,7.11,5.07,0,0,1,0,0,0,0.0,0.0,0.0,0.0,0.26,1,0,0.0,0.0,0
3705,2025-02-21,2025,2,21,52,8,0,0.866025,0.5,0.0,0,10.9,0.0,0.0,10.9,10.9,39.7,5.67,4.28,0,0,0,0,0,0,0.0,0.0,0.0,0.0,0.34,1,0,0.0,0.0,0
3706,2025-02-22,2025,2,22,53,8,0,0.866025,0.5,0.0,0,0.0,10.9,0.0,10.9,10.9,39.7,5.67,4.28,0,0,0,0,0,0,0.0,0.0,0.0,0.0,0.45,1,0,0.0,0.0,0
3707,2025-02-23,2025,2,23,54,8,0,0.866025,0.5,0.0,0,0.0,0.0,10.9,0.0,10.9,10.9,1.56,3.12,0,0,0,0,0,0,0.0,0.0,0.0,0.0,0.46,1,0,0.0,0.0,0
3708,2025-02-24,2025,2,24,55,9,0,0.866025,0.5,0.0,0,0.0,0.0,0.0,0.0,10.9,10.9,1.56,2.34,0,0,0,0,0,0,0.0,0.0,0.0,0.0,0.53,1,0,0.0,0.0,0
3709,2025-02-25,2025,2,25,56,9,0,0.866025,0.5,0.0,0,0.0,0.0,0.0,0.0,0.0,10.9,1.56,2.34,0,0,0,0,0,0,0.0,0.0,0.0,0.0,0.28,1,0,0.0,0.0,0
3710,2025-02-26,2025,2,26,57,9,0,0.866025,0.5,0.0,0,0.0,0.0,0.0,0.0,0.0,10.9,1.56,2.34,0,0,0,0,0,0,0.0,0.0,0.0,0.0,0.22,1,0,0.0,0.0,0
3711,2025-02-27,2025,2,27,58,9,0,0.866025,0.5,0.0,0,0.0,0.0,0.0,0.0,0.0,0.0,0.0,2.34,0,0,0,0,0,0,0.0,0.0,0.0,0.0,0.14,1,0,0.0,0.0,0
3712,2025-02-28,2025,2,28,59,9,0,0.866025,0.5,0.0,0,0.0,0.0,0.0,0.0,0.0,0.0,0.0,2.34,0,0,0,0,0,0,0.0,0.0,0.0,0.0,0.02,1,0,0.0,0.0,0
3713,2025-03-01,2025,3,1,60,9,0,1.0,0.0,0.0,0,0.0,0.0,0.0,0.0,0.0,0.0,0.0,2.34,0,0,0,0,0,0,0.0,0.0,0.0,0.0,0.0,1,0,0.0,0.0,0
3714,2025-03-02,2025,3,2,61,9,0,1.0,0.0,0.0,0,0.0,0.0,0.0,0.0,0.0,0.0,0.0,2.34,0,0,0,0,0,0,0.0,0.0,0.0,0.0,0.08,1,0,0.0,0.0,0
3715,2025-03-03,2025,3,3,62,10,0,1.0,0.0,0.0,0,0.0,0.0,0.0,0.0,0.0,0.0,0.0,2.34,0,0,0,0,0,0,0.0,0.0,0.0,0.0,0.15,1,0,0.0,0.0,0
3716,2025-03-04,2025,3,4,63,10,0,1.0,0.0,0.0,0,0.0,0.0,0.0,0.0,0.0,0.0,0.0,2.34,0,0,0,0,0,0,0.0,0.0,0.0,0.0,0.05,1,0,0.0,0.0,0
3717,2025-03-05,2025,3,5,64,10,0,1.0,0.0,0.0,0,0.0,0.0,0.0,0.0,0.0,0.0,0.0,2.34,0,0,0,0,0,0,0.0,0.0,0.0,0.0,0.0,1,0,0.0,0.0,0
3718,2025-03-06,2025,3,6,65,10,0,1.0,0.0,0.0,0,0.0,0.0,0.0,0.0,0.0,0.0,0.0,2.34,0,0,0,0,0,0,0.0,0.0,0.0,0.0,0.0,1,0,0.0,0.0,0
3719,2025-03-07,2025,3,7,66,10,0,1.0,0.0,0.0,0,0.0,0.0,0.0,0.0,0.0,0.0,0.0,2.34,0,0,0,0,0,0,0.0,0.0,0.0,0.0,0.0,1,0,0.0,0.0,0
3720,2025-03-08,2025,3,8,67,10,0,1.0,0.0,0.0,0,0.0,0.0,0.0,0.0,0.0,0.0,0.0,2.34,0,0,0,0,0,0,0.0,0.0,0.0,0.0,0.0,1,0,0.0,0.0,0
3721,2025-03-09,2025,3,9,68,10,0,1.0,0.0,0.0,0,0.0,0.0,0.0,0.0,0.0,0.0,0.0,2.34,0,0,0,0,0,0,0.0,0.0,0.0,0.0,0.19,1,0,0.0,0.0,0
3722,2025-03-10,2025,3,10,69,11,0,1.0,0.0,0.0,0,0.0,0.0,0.0,0.0,0.0,0.0,0.0,2.34,0,0,0,0,0,0,0.0,0.0,0.0,0.0,0.13,1,0,0.0,0.0,0
3723,2025-03-11,2025,3,11,70,11,0,1.0,0.0,0.0,0,0.0,0.0,0.0,0.0,0.0,0.0,0.0,2.34,0,0,0,0,0,0,0.0,0.0,0.0,0.0,0.12,1,0,0.0,0.0,0
3724,2025-03-12,2025,3,12,71,11,0,1.0,0.0,0.0,0,0.0,0.0,0.0,0.0,0.0,0.0,0.0,2.34,0,0,0,0,0,0,0.0,0.0,0.0,0.0,0.13,1,0,0.0,0.0,0
3725,2025-03-13,2025,3,13,72,11,0,1.0,0.0,0.0,0,0.0,0.0,0.0,0.0,0.0,0.0,0.0,2.02,0,0,0,0,0,0,0.0,0.0,0.0,0.0,0.08,1,0,0.0,0.0,0
3726,2025-03-14,2025,3,14,73,11,0,1.0,0.0,0.0,0,0.0,0.0,0.0,0.0,0.0,0.0,0.0,1.66,0,0,0,0,0,0,0.0,0.0,0.0,0.0,0.11,1,0,0.0,0.0,0
3727,2025-03-15,2025,3,15,74,11,0,1.0,0.0,0.0,0,0.0,0.0,0.0,0.0,0.0,0.0,0.0,1.66,0,0,0,0,0,0,0.0,0.0,0.0,0.0,0.09,1,0,0.0,0.0,0
3728,2025-03-16,2025,3,16,75,11,0,1.0,0.0,0.0,0,0.0,0.0,0.0,0.0,0.0,0.0,0.0,1.32,0,0,0,0,0,0,0.0,0.0,0.0,0.0,0.13,1,0,0.0,0.0,0
3729,2025-03-17,2025,3,17,76,12,0,1.0,0.0,0.0,0,0.0,0.0,0.0,0.0,0.0,0.0,0.0,1.32,0,0,0,0,0,0,0.0,0.0,0.0,0.0,0.08,1,0,0.0,0.0,0
3730,2025-03-18,2025,3,18,77,12,0,1.0,0.0,0.0,0,0.0,0.0,0.0,0.0,0.0,0.0,0.0,0.36,0,0,0,0,0,0,0.0,0.0,0.0,0.0,0.0,1,0,0.0,0.0,0
3731,2025-03-19,2025,3,19,78,12,0,1.0,0.0,0.0,0,0.0,0.0,0.0,0.0,0.0,0.0,0.0,0.36,0,0,0,0,0,0,0.0,0.0,0.0,0.0,0.01,1,0,0.0,0.0,0
3732,2025-03-20,2025,3,20,79,12,0,1.0,0.0,0.0,0,0.0,0.0,0.0,0.0,0.0,0.0,0.0,0.36,0,0,0,0,0,0,0.0,0.0,0.0,0.0,0.05,1,0,0.0,0.0,0
3733,2025-03-21,2025,3,21,80,12,0,1.0,0.0,0.0,0,0.0,0.0,0.0,0.0,0.0,0.0,0.0,0.36,0,0,0,0,0,0,0.0,0.0,0.0,0.0,0.0,1,0,0.0,0.0,0
3734,2025-03-22,2025,3,22,81,12,0,1.0,0.0,0.0,0,0.0,0.0,0.0,0.0,0.0,0.0,0.0,0.0,0,0,0,0,0,0,0.0,0.0,0.0,0.0,0.0,1,0,0.0,0.0,0
3735,2025-03-23,2025,3,23,82,12,0,1.0,0.0,0.0,0,0.0,0.0,0.0,0.0,0.0,0.0,0.0,0.0,0,0,0,0,0,0,0.0,0.0,0.0,0.0,0.02,1,0,0.0,0.0,0
3736,2025-03-24,2025,3,24,83,13,0,1.0,0.0,0.0,0,0.0,0.0,0.0,0.0,0.0,0.0,0.0,0.0,0,0,0,0,0,0,0.0,0.0,0.0,0.0,0.0,1,0,0.0,0.0,0
3737,2025-03-25,2025,3,25,84,13,0,1.0,0.0,0.0,0,0.0,0.0,0.0,0.0,0.0,0.0,0.0,0.0,0,0,0,0,0,0,0.0,0.0,0.0,0.0,0.0,1,0,0.0,0.0,0
3738,2025-03-26,2025,3,26,85,13,0,1.0,0.0,0.0,0,0.0,0.0,0.0,0.0,0.0,0.0,0.0,0.0,0,0,0,0,0,0,0.0,0.0,0.0,0.0,0.0,1,0,0.0,0.0,0
3739,2025-03-27,2025,3,27,86,13,0,1.0,0.0,0.0,0,0.0,0.0,0.0,0.0,0.0,0.0,0.0,0.0,0,0,0,0,0,0,0.0,0.0,0.0,0.0,0.0,1,0,0.0,0.0,0
3740,2025-03-28,2025,3,28,87,13,0,1.0,0.0,0.0,0,0.0,0.0,0.0,0.0,0.0,0.0,0.0,0.0,0,0,0,0,0,0,0.0,0.0,0.0,0.0,0.15,1,0,0.0,0.0,0
3741,2025-03-29,2025,3,29,88,13,0,1.0,0.0,0.0,0,0.0,0.0,0.0,0.0,0.0,0.0,0.0,0.0,0,0,0,0,0,0,0.0,0.0,0.0,0.0,0.0,1,0,0.0,0.0,0
3742,2025-03-30,2025,3,30,89,13,0,1.0,0.0,0.0,0,0.0,0.0,0.0,0.0,0.0,0.0,0.0,0.0,0,0,0,0,0,0,0.0,0.0,0.0,0.0,0.0,1,0,0.0,0.0,0
3743,2025-03-31,2025,3,31,90,14,0,1.0,0.0,0.0,0,0.0,0.0,0.0,0.0,0.0,0.0,0.0,0.0,0,0,0,0,0,0,0.0,0.0,0.0,0.0,0.0,1,0,0.0,0.0,0
3744,2025-04-01,2025,4,1,91,14,0,0.866025,-0.5,0.0,0,0.0,0.0,0.0,0.0,0.0,0.0,0.0,0.0,0,0,0,0,0,0,0.0,0.0,0.0,0.0,0.05,1,0,0.0,0.0,0
3745,2025-04-02,2025,4,2,92,14,0,0.866025,-0.5,0.0,0,0.0,0.0,0.0,0.0,0.0,0.0,0.0,0.0,0,0,0,0,0,0,0.0,0.0,0.0,0.0,0.08,1,0,0.0,0.0,0
3746,2025-04-03,2025,4,3,93,14,0,0.866025,-0.5,0.0,0,0.0,0.0,0.0,0.0,0.0,0.0,0.0,0.0,0,0,0,0,0,0,0.0,0.0,0.0,0.0,0.09,1,0,0.0,0.0,0
3747,2025-04-04,2025,4,4,94,14,0,0.866025,-0.5,0.0,0,0.0,0.0,0.0,0.0,0.0,0.0,0.0,0.0,0,0,0,0,0,0,0.0,0.0,0.0,0.0,0.0,1,0,0.0,0.0,0
3748,2025-04-05,2025,4,5,95,14,0,0.866025,-0.5,0.0,0,0.0,0.0,0.0,0.0,0.0,0.0,0.0,0.0,0,0,0,0,0,0,0.0,0.0,0.0,0.0,0.0,1,0,0.0,0.0,0
3749,2025-04-06,2025,4,6,96,14,0,0.866025,-0.5,41.6,3,0.0,0.0,0.0,41.6,41.6,41.6,5.94,1.39,0,0,1,0,0,0,0.0,0.0,0.0,0.0,0.18,1,0,0.0,0.0,0
3750,2025-04-07,2025,4,7,97,15,0,0.866025,-0.5,0.0,0,41.6,0.0,0.0,41.6,41.6,41.6,5.94,1.39,0,0,0,0,0,0,0.0,0.0,0.0,0.0,0.11,1,0,0.0,0.0,0
3751,2025-04-08,2025,4,8,98,15,0,0.866025,-0.5,0.0,0,0.0,41.6,0.0,41.6,41.6,41.6,5.94,1.39,0,0,0,0,0,0,0.0,0.0,0.0,0.0,0.07,1,0,0.0,0.0,0
3752,2025-04-09,2025,4,9,99,15,0,0.866025,-0.5,0.0,0,0.0,0.0,41.6,0.0,41.6,41.6,5.94,1.39,0,0,0,0,0,0,0.0,0.0,0.0,0.0,0.15,1,0,0.0,0.0,0
3753,2025-04-10,2025,4,10,100,15,0,0.866025,-0.5,0.0,0,0.0,0.0,0.0,0.0,41.6,41.6,5.94,1.39,0,0,0,0,0,0,0.0,0.0,0.0,0.0,0.16,1,0,0.0,0.0,0
3754,2025-04-11,2025,4,11,101,15,0,0.866025,-0.5,0.0,0,0.0,0.0,0.0,0.0,0.0,41.6,5.94,1.39,0,0,0,0,0,0,0.0,0.0,0.0,0.0,0.0,1,0,0.0,0.0,0
3755,2025-04-12,2025,4,12,102,15,0,0.866025,-0.5,15.9,3,0.0,0.0,0.0,15.9,15.9,57.5,8.21,1.92,0,0,1,0,0,0,0.0,0.0,0.0,0.0,0.15,1,0,0.0,0.0,0
3756,2025-04-13,2025,4,13,103,15,0,0.866025,-0.5,0.0,0,15.9,0.0,0.0,15.9,15.9,15.9,2.27,1.92,0,0,0,0,0,0,0.0,0.0,0.0,0.0,0.07,1,0,0.0,0.0,0
3757,2025-04-14,2025,4,14,104,16,0,0.866025,-0.5,0.0,0,0.0,15.9,0.0,15.9,15.9,15.9,2.27,1.92,0,0,0,0,0,0,0.0,0.0,0.0,0.0,0.03,1,0,0.0,0.0,0
3758,2025-04-15,2025,4,15,105,16,0,0.866025,-0.5,0.0,0,0.0,0.0,15.9,0.0,15.9,15.9,2.27,1.92,0,0,0,0,0,0,0.0,0.0,0.0,0.0,0.0,1,0,0.0,0.0,0
3759,2025-04-16,2025,4,16,106,16,0,0.866025,-0.5,4.4,2,0.0,0.0,0.0,4.4,20.3,20.3,2.9,2.06,0,0,1,0,0,0,0.0,0.0,0.0,0.0,0.21,1,0,0.0,0.0,0
3760,2025-04-17,2025,4,17,107,16,0,0.866025,-0.5,0.0,0,4.4,0.0,0.0,4.4,4.4,20.3,2.9,2.06,0,0,0,0,0,0,0.0,0.0,0.0,0.0,0.25,1,0,0.0,0.0,0
3761,2025-04-18,2025,4,18,108,16,0,0.866025,-0.5,0.0,0,0.0,4.4,0.0,4.4,4.4,20.3,2.9,2.06,0,0,0,0,0,0,0.0,0.0,0.0,0.0,0.37,1,0,0.0,0.0,0
3762,2025-04-19,2025,4,19,109,16,0,0.866025,-0.5,16.7,3,0.0,0.0,4.4,16.7,21.1,21.1,3.01,2.62,0,0,1,0,0,0,0.0,0.0,0.0,0.0,0.38,1,0,0.0,0.0,0
3763,2025-04-20,2025,4,20,110,16,0,0.866025,-0.5,0.0,0,16.7,0.0,0.0,16.7,21.1,21.1,3.01,2.62,0,0,0,0,0,0,0.0,0.0,0.0,0.0,0.31,1,0,0.0,0.0,0
3764,2025-04-21,2025,4,21,111,17,0,0.866025,-0.5,0.0,0,0.0,16.7,0.0,16.7,16.7,21.1,3.01,2.62,0,0,0,0,0,0,0.0,0.0,0.0,0.0,0.34,1,0,0.0,0.0,0
3765,2025-04-22,2025,4,22,112,17,0,0.866025,-0.5,0.0,0,0.0,0.0,16.7,0.0,16.7,21.1,3.01,2.62,0,0,0,0,0,0,0.0,0.0,0.0,0.0,0.3,1,0,0.0,0.0,0
3766,2025-04-23,2025,4,23,113,17,0,0.866025,-0.5,0.0,0,0.0,0.0,0.0,0.0,16.7,16.7,2.39,2.62,0,0,0,0,0,0,0.0,0.0,0.0,0.0,0.23,1,0,0.0,0.0,0
3767,2025-04-24,2025,4,24,114,17,0,0.866025,-0.5,0.0,0,0.0,0.0,0.0,0.0,0.0,16.7,2.39,2.62,0,0,0,0,0,0,0.0,0.0,0.0,0.0,0.11,1,0,0.0,0.0,0
3768,2025-04-25,2025,4,25,115,17,0,0.866025,-0.5,0.0,0,0.0,0.0,0.0,0.0,0.0,16.7,2.39,2.62,0,0,0,0,0,0,0.0,0.0,0.0,0.0,0.17,1,0,0.0,0.0,0
3769,2025-04-26,2025,4,26,116,17,0,0.866025,-0.5,0.0,0,0.0,0.0,0.0,0.0,0.0,0.0,0.0,2.62,0,0,0,0,0,0,0.0,0.0,0.0,0.0,0.25,1,0,0.0,0.0,0
3770,2025-04-27,2025,4,27,117,17,0,0.866025,-0.5,0.0,0,0.0,0.0,0.0,0.0,0.0,0.0,0.0,2.62,0,0,0,0,0,0,0.0,0.0,0.0,0.0,0.18,1,0,0.0,0.0,0
3771,2025-04-28,2025,4,28,118,18,0,0.866025,-0.5,56.2,4,0.0,0.0,0.0,56.2,56.2,56.2,8.03,4.49,1,0,1,0,0,0,0.0,0.0,0.0,0.0,0.0,1,0,0.0,0.0,0
3772,2025-04-29,2025,4,29,119,18,0,0.866025,-0.5,0.0,0,56.2,0.0,0.0,56.2,56.2,56.2,8.03,4.49,0,0,0,0,0,0,0.0,0.0,0.0,0.0,0.05,1,0,0.0,0.0,0
3773,2025-04-30,2025,4,30,120,18,0,0.866025,-0.5,0.0,0,0.0,56.2,0.0,56.2,56.2,56.2,8.03,4.49,0,0,0,0,0,0,0.0,0.0,0.0,0.0,0.0,1,0,0.0,0.0,0
3774,2025-05-01,2025,5,1,121,18,0,0.5,-0.866025,0.0,0,0.0,0.0,56.2,0.0,56.2,56.2,8.03,4.49,0,0,0,0,0,0,0.0,0.0,0.0,0.0,0.0,1,0,0.0,0.0,0
3775,2025-05-02,2025,5,2,122,18,0,0.5,-0.866025,0.0,0,0.0,0.0,0.0,0.0,56.2,56.2,8.03,4.49,0,0,0,0,0,0,0.0,0.0,0.0,0.0,0.0,1,0,0.0,0.0,0
3776,2025-05-03,2025,5,3,123,18,0,0.5,-0.866025,0.0,0,0.0,0.0,0.0,0.0,0.0,56.2,8.03,4.49,0,0,0,0,0,0,0.0,0.0,0.0,0.0,0.03,1,0,0.0,0.0,0
3777,2025-05-04,2025,5,4,124,18,0,0.5,-0.866025,0.0,0,0.0,0.0,0.0,0.0,0.0,56.2,8.03,4.49,0,0,0,0,0,0,0.0,0.0,0.0,0.0,0.13,1,0,0.0,0.0,0
3778,2025-05-05,2025,5,5,125,19,0,0.5,-0.866025,22.6,3,0.0,0.0,0.0,22.6,22.6,22.6,3.23,5.25,0,0,1,0,0,0,0.0,0.0,0.0,0.0,0.09,1,0,0.0,0.0,0
3779,2025-05-06,2025,5,6,126,19,0,0.5,-0.866025,22.3,3,22.6,0.0,0.0,44.9,44.9,44.9,6.41,4.6,0,0,2,0,0,0,0.0,0.0,0.0,0.0,0.35,1,0,0.0,0.0,0
3780,2025-05-07,2025,5,7,127,19,0,0.5,-0.866025,25.4,3,22.3,22.6,0.0,70.3,70.3,70.3,10.04,5.45,0,0,3,0,0,0,0.0,0.0,0.0,0.0,0.45,1,0,0.0,0.0,0
3781,2025-05-08,2025,5,8,128,19,0,0.5,-0.866025,0.0,0,25.4,22.3,22.6,47.7,70.3,70.3,10.04,5.45,0,0,0,0,0,0,0.0,0.0,0.0,0.0,0.42,1,0,0.0,0.0,0
3782,2025-05-09,2025,5,9,129,19,0,0.5,-0.866025,0.0,0,0.0,25.4,22.3,25.4,70.3,70.3,10.04,5.45,0,0,0,0,0,0,0.0,0.0,0.0,0.0,0.26,1,0,0.0,0.0,0
3783,2025-05-10,2025,5,10,130,19,0,0.5,-0.866025,0.0,0,0.0,0.0,25.4,0.0,47.7,70.3,10.04,5.45,0,0,0,0,0,0,0.0,0.0,0.0,0.0,0.28,1,0,0.0,0.0,0
3784,2025-05-11,2025,5,11,131,19,0,0.5,-0.866025,8.1,3,0.0,0.0,0.0,8.1,33.5,78.4,11.2,5.72,0,0,1,0,0,0,0.0,0.0,0.0,0.0,0.25,1,0,0.0,0.0,0
3785,2025-05-12,2025,5,12,132,20,0,0.5,-0.866025,0.0,0,8.1,0.0,0.0,8.1,8.1,55.8,7.97,5.19,0,0,0,0,0,0,0.0,0.0,0.0,0.0,0.41,1,0,0.0,0.0,0
3786,2025-05-13,2025,5,13,133,20,0,0.5,-0.866025,0.0,0,0.0,8.1,0.0,8.1,8.1,33.5,4.79,5.19,0,0,0,0,0,0,0.0,0.0,0.0,0.0,0.49,1,0,0.0,0.0,0
3787,2025-05-14,2025,5,14,134,20,0,0.5,-0.866025,0.0,0,0.0,0.0,8.1,0.0,8.1,8.1,1.16,5.19,0,0,0,0,0,0,0.0,0.0,0.0,0.0,0.41,1,0,0.0,0.0,0
3788,2025-05-15,2025,5,15,135,20,0,0.5,-0.866025,0.0,0,0.0,0.0,0.0,0.0,8.1,8.1,1.16,5.19,0,0,0,0,0,0,0.0,0.0,0.0,0.0,0.4,1,0,0.0,0.0,0
3789,2025-05-16,2025,5,16,136,20,0,0.5,-0.866025,0.0,0,0.0,0.0,0.0,0.0,0.0,8.1,1.16,5.04,0,0,0,0,0,0,0.0,0.0,0.0,0.0,0.18,1,0,0.0,0.0,0
3790,2025-05-17,2025,5,17,137,20,0,0.5,-0.866025,0.0,0,0.0,0.0,0.0,0.0,0.0,8.1,1.16,5.04,0,0,0,0,0,0,0.0,0.0,0.0,0.0,0.24,1,0,0.0,0.0,0
3791,2025-05-18,2025,5,18,138,20,0,0.5,-0.866025,0.0,0,0.0,0.0,0.0,0.0,0.0,0.0,0.0,5.04,0,0,0,0,0,0,0.0,0.0,0.0,0.0,0.19,1,0,0.0,0.0,0
3792,2025-05-19,2025,5,19,139,21,0,0.5,-0.866025,1.0,1,0.0,0.0,0.0,1.0,1.0,1.0,0.14,4.52,0,0,1,0,0,0,0.0,0.0,0.0,0.0,0.12,1,0,0.0,0.0,0
3793,2025-05-20,2025,5,20,140,21,0,0.5,-0.866025,0.0,0,1.0,0.0,0.0,1.0,1.0,1.0,0.14,4.52,0,0,0,0,0,0,0.0,0.0,0.0,0.0,0.12,1,0,0.0,0.0,0
3794,2025-05-21,2025,5,21,141,21,0,0.5,-0.866025,0.0,0,0.0,1.0,0.0,1.0,1.0,1.0,0.14,4.52,0,0,0,0,0,0,0.0,0.0,0.0,0.0,0.16,1,0,0.0,0.0,0
3795,2025-05-22,2025,5,22,142,21,0,0.5,-0.866025,0.0,0,0.0,0.0,1.0,0.0,1.0,1.0,0.14,4.52,0,0,0,0,0,0,0.0,0.0,0.0,0.0,0.21,1,0,0.0,0.0,0
3796,2025-05-23,2025,5,23,143,21,0,0.5,-0.866025,0.0,0,0.0,0.0,0.0,0.0,1.0,1.0,0.14,4.52,0,0,0,0,0,0,0.0,0.0,0.0,0.0,0.06,1,0,0.0,0.0,0
3797,2025-05-24,2025,5,24,144,21,0,0.5,-0.866025,0.0,0,0.0,0.0,0.0,0.0,0.0,1.0,0.14,4.52,0,0,0,0,0,0,0.0,0.0,0.0,0.0,0.0,1,0,0.0,0.0,0
3798,2025-05-25,2025,5,25,145,21,0,0.5,-0.866025,0.0,0,0.0,0.0,0.0,0.0,0.0,1.0,0.14,4.52,0,0,0,0,0,0,0.0,0.0,0.0,0.0,0.0,1,0,0.0,0.0,0
3799,2025-05-26,2025,5,26,146,22,0,0.5,-0.866025,2.5,2,0.0,0.0,0.0,2.5,2.5,2.5,0.36,4.6,0,0,1,0,0,0,0.0,0.0,0.0,0.0,0.03,1,0,0.0,0.0,0
3800,2025-05-27,2025,5,27,147,22,0,0.5,-0.866025,0.0,0,2.5,0.0,0.0,2.5,2.5,2.5,0.36,4.6,0,0,0,0,0,0,0.0,0.0,0.0,0.0,0.0,1,0,0.0,0.0,0
3801,2025-05-28,2025,5,28,148,22,0,0.5,-0.866025,0.0,0,0.0,2.5,0.0,2.5,2.5,2.5,0.36,2.73,0,0,0,0,0,0,0.0,0.0,0.0,0.0,0.04,1,0,0.0,0.0,0
3802,2025-05-29,2025,5,29,149,22,0,0.5,-0.866025,46.1,3,0.0,0.0,2.5,46.1,48.6,48.6,6.94,4.27,0,0,1,0,0,0,0.0,0.0,0.0,0.0,0.22,1,0,0.0,0.0,0
3803,2025-05-30,2025,5,30,150,22,0,0.5,-0.866025,17.2,3,46.1,0.0,0.0,63.3,65.8,65.8,9.4,4.84,0,0,2,0,0,0,0.0,0.0,0.0,0.0,0.1,1,0,0.0,0.0,0
3804,2025-05-31,2025,5,31,151,22,0,0.5,-0.866025,0.0,0,17.2,46.1,0.0,63.3,63.3,65.8,9.4,4.84,0,0,0,0,0,0,0.0,0.0,0.0,0.0,0.17,1,0,0.0,0.0,0
3805,2025-06-01,2025,6,1,152,22,1,0.0,-1.0,0.0,0,0.0,17.2,46.1,17.2,63.3,65.8,9.4,4.84,0,0,0,0,0,0,0.0,0.0,0.0,0.0,0.03,1,0,0.0,0.0,0
3806,2025-06-02,2025,6,2,153,23,1,0.0,-1.0,0.0,0,0.0,0.0,17.2,0.0,63.3,63.3,9.04,4.84,0,0,0,0,0,0,0.0,0.0,0.0,0.0,0.0,1,0,0.0,0.0,0
3807,2025-06-03,2025,6,3,154,23,1,0.0,-1.0,56.7,4,0.0,0.0,0.0,56.7,73.9,120.0,17.14,6.73,1,0,1,1,1,Quiel,1.0,85.0,0.0,0.0,0.06,1,0,0.0,0.0,0
3808,2025-06-04,2025,6,4,155,23,1,0.0,-1.0,89.3,4,56.7,0.0,0.0,146.0,146.0,209.3,29.9,8.95,1,0,2,1,1,Quiel,1.0,85.0,0.0,1.0,0.22,1,0,0.0,0.0,0
3809,2025-06-05,2025,6,5,156,23,1,0.0,-1.0,17.7,3,89.3,56.7,0.0,163.7,163.7,180.9,25.84,8.8,0,0,3,1,1,Quiel,1.0,85.0,0.0,2.0,0.25,1,1,0.2,9.9,1
3810,2025-06-06,2025,6,6,157,23,1,0.0,-1.0,0.0,0,17.7,89.3,56.7,107.0,163.7,163.7,23.39,7.95,0,0,0,0,0,0,0.0,0.0,0.0,0.0,0.34,1,0,0.0,0.0,0
3811,2025-06-07,2025,6,7,158,23,1,0.0,-1.0,52.3,4,0.0,17.7,89.3,70.0,216.0,216.0,30.86,9.7,1,0,1,0,0,0,0.0,0.0,0.0,0.0,0.51,1,1,0.32,10.4,1
3812,2025-06-08,2025,6,8,159,23,1,0.0,-1.0,22.9,3,52.3,0.0,17.7,75.2,182.2,238.9,34.13,10.46,0,0,2,0,0,0,0.0,0.0,0.0,0.0,0.6,1,0,0.0,0.0,0
3813,2025-06-09,2025,6,9,160,24,1,0.0,-1.0,49.2,3,22.9,52.3,0.0,124.4,142.1,288.1,41.16,12.1,0,0,3,0,0,0,0.0,0.0,0.0,0.0,0.71,1,0,0.0,0.0,0
3814,2025-06-10,2025,6,10,161,24,1,0.0,-1.0,18.0,3,49.2,22.9,52.3,90.1,142.4,249.4,35.63,12.43,0,0,4,0,0,0,0.0,0.0,0.0,0.0,0.52,1,0,0.0,0.0,0
3815,2025-06-11,2025,6,11,162,24,1,0.0,-1.0,14.2,3,18.0,49.2,22.9,81.4,156.6,174.3,24.9,12.9,0,0,5,0,0,0,0.0,0.0,0.0,0.0,0.4,1,1,0.33,9.3,1
3816,2025-06-12,2025,6,12,163,24,1,0.0,-1.0,0.0,0,14.2,18.0,49.2,32.2,104.3,156.6,22.37,12.9,0,0,0,0,0,0,0.0,0.0,0.0,0.0,0.32,1,0,0.0,0.0,0
3817,2025-06-13,2025,6,13,164,24,1,0.0,-1.0,0.0,0,0.0,14.2,18.0,14.2,81.4,156.6,22.37,12.9,0,0,0,0,0,0,0.0,0.0,0.0,0.0,0.28,1,0,0.0,0.0,0
3818,2025-06-14,2025,6,14,165,24,1,0.0,-1.0,0.0,0,0.0,0.0,14.2,0.0,32.2,104.3,14.9,12.9,0,0,0,0,0,0,0.0,0.0,0.0,0.0,0.16,1,0,0.0,0.0,0
3819,2025-06-15,2025,6,15,166,24,1,0.0,-1.0,6.8,2,0.0,0.0,0.0,6.8,21.0,88.2,12.6,13.13,0,0,1,0,0,0,0.0,0.0,0.0,0.0,0.05,1,0,0.0,0.0,0
3820,2025-06-16,2025,6,16,167,25,1,0.0,-1.0,21.8,3,6.8,0.0,0.0,28.6,28.6,60.8,8.69,13.86,0,0,2,0,0,0,0.0,0.0,0.0,0.0,0.0,1,0,0.0,0.0,0
3821,2025-06-17,2025,6,17,168,25,1,0.0,-1.0,0.0,0,21.8,6.8,0.0,28.6,28.6,42.8,6.11,13.86,0,0,0,0,0,0,0.0,0.0,0.0,0.0,0.02,1,0,0.0,0.0,0
3822,2025-06-18,2025,6,18,169,25,1,0.0,-1.0,0.0,0,0.0,21.8,6.8,21.8,28.6,28.6,4.09,13.82,0,0,0,0,0,0,0.0,0.0,0.0,0.0,0.05,1,0,0.0,0.0,0
3823,2025-06-19,2025,6,19,170,25,1,0.0,-1.0,0.0,0,0.0,0.0,21.8,0.0,28.6,28.6,4.09,13.82,0,0,0,0,0,0,0.0,0.0,0.0,0.0,0.19,1,0,0.0,0.0,0
3824,2025-06-20,2025,6,20,171,25,1,0.0,-1.0,34.6,3,0.0,0.0,0.0,34.6,56.4,63.2,9.03,14.98,0,0,1,0,0,0,0.0,0.0,0.0,0.0,0.2,1,0,0.0,0.0,0
3825,2025-06-21,2025,6,21,172,25,1,0.0,-1.0,48.3,3,34.6,0.0,0.0,82.9,82.9,111.5,15.93,16.59,0,0,2,0,0,0,0.0,0.0,0.0,0.0,0.29,1,0,0.0,0.0,0
3826,2025-06-22,2025,6,22,173,25,1,0.0,-1.0,0.0,0,48.3,34.6,0.0,82.9,82.9,104.7,14.96,16.59,0,0,0,0,0,0,0.0,0.0,0.0,0.0,0.14,1,0,0.0,0.0,0
3827,2025-06-23,2025,6,23,174,26,1,0.0,-1.0,0.0,0,0.0,48.3,34.6,48.3,82.9,82.9,11.84,16.59,0,0,0,0,0,0,0.0,0.0,0.0,0.0,0.08,1,0,0.0,0.0,0
3828,2025-06-24,2025,6,24,175,26,1,0.0,-1.0,6.5,2,0.0,0.0,48.3,6.5,89.4,89.4,12.77,16.8,0,0,1,0,0,0,0.0,0.0,0.0,0.0,0.15,1,0,0.0,0.0,0
3829,2025-06-25,2025,6,25,176,26,1,0.0,-1.0,0.0,0,6.5,0.0,0.0,6.5,54.8,89.4,12.77,16.72,0,0,0,0,0,0,0.0,0.0,0.0,0.0,0.14,1,0,0.0,0.0,0
3830,2025-06-26,2025,6,26,177,26,1,0.0,-1.0,5.0,2,0.0,6.5,0.0,11.5,11.5,94.4,13.49,16.89,0,0,1,0,0,0,0.0,0.0,0.0,0.0,0.16,1,0,0.0,0.0,0
3831,2025-06-27,2025,6,27,178,26,1,0.0,-1.0,0.0,0,5.0,0.0,6.5,5.0,11.5,59.8,8.54,16.89,0,0,0,0,0,0,0.0,0.0,0.0,0.0,0.13,1,0,0.0,0.0,0
3832,2025-06-28,2025,6,28,179,26,1,0.0,-1.0,0.0,0,0.0,5.0,0.0,5.0,11.5,11.5,1.64,15.35,0,0,0,0,0,0,0.0,0.0,0.0,0.0,0.05,1,0,0.0,0.0,0
3833,2025-06-29,2025,6,29,180,26,1,0.0,-1.0,0.0,0,0.0,0.0,5.0,0.0,5.0,11.5,1.64,14.78,0,0,0,0,0,0,0.0,0.0,0.0,0.0,0.1,1,0,0.0,0.0,0
3834,2025-06-30,2025,6,30,181,27,1,0.0,-1.0,15.6,3,0.0,0.0,0.0,15.6,20.6,27.1,3.87,15.3,0,0,1,0,0,0,0.0,0.0,0.0,0.0,0.04,1,0,0.0,0.0,0
3835,2025-07-01,2025,7,1,182,27,1,-0.5,-0.866025,67.9,4,15.6,0.0,0.0,83.5,83.5,88.5,12.64,17.56,1,0,2,0,0,0,0.0,0.0,0.0,0.0,0.32,1,0,0.0,0.0,0
3836,2025-07-02,2025,7,2,183,27,1,-0.5,-0.866025,33.7,3,67.9,15.6,0.0,117.2,117.2,122.2,17.46,18.68,0,0,3,0,0,0,0.0,0.0,0.0,0.0,0.32,1,1,0.4,10.9,1
3837,2025-07-03,2025,7,3,184,27,1,-0.5,-0.866025,0.0,0,33.7,67.9,15.6,101.6,117.2,117.2,16.74,16.79,0,0,0,0,0,0,0.0,0.0,0.0,0.0,0.26,1,1,0.28,2.9,1
3838,2025-07-04,2025,7,4,185,27,1,-0.5,-0.866025,0.0,0,0.0,33.7,67.9,33.7,117.2,117.2,16.74,13.82,0,0,0,0,0,0,0.0,0.0,0.0,0.0,0.11,1,0,0.0,0.0,0
3839,2025-07-05,2025,7,5,186,27,1,-0.5,-0.866025,0.0,0,0.0,0.0,33.7,0.0,101.6,117.2,16.74,13.23,0,0,0,0,0,0,0.0,0.0,0.0,0.0,0.0,1,0,0.0,0.0,0
3840,2025-07-06,2025,7,6,187,27,1,-0.5,-0.866025,0.0,0,0.0,0.0,0.0,0.0,33.7,117.2,16.74,13.23,0,0,0,0,0,0,0.0,0.0,0.0,0.0,0.05,1,0,0.0,0.0,0
3841,2025-07-07,2025,7,7,188,28,1,-0.5,-0.866025,0.0,0,0.0,0.0,0.0,0.0,0.0,101.6,14.51,11.48,0,0,0,0,0,0,0.0,0.0,0.0,0.0,0.21,1,0,0.0,0.0,0
3842,2025-07-08,2025,7,8,189,28,1,-0.5,-0.866025,72.5,4,0.0,0.0,0.0,72.5,72.5,106.2,15.17,13.14,1,0,1,0,0,0,0.0,0.0,0.0,0.0,0.6,1,0,0.0,0.0,0
3843,2025-07-09,2025,7,9,190,28,1,-0.5,-0.866025,24.9,3,72.5,0.0,0.0,97.4,97.4,97.4,13.91,12.33,0,0,2,0,0,0,0.0,0.0,0.0,0.0,0.77,1,1,0.28,8.4,1
3844,2025-07-10,2025,7,10,191,28,1,-0.5,-0.866025,46.2,3,24.9,72.5,0.0,143.6,143.6,143.6,20.51,13.27,0,0,3,0,0,0,0.0,0.0,0.0,0.0,0.81,1,0,0.0,0.0,0
3845,2025-07-11,2025,7,11,192,28,1,-0.5,-0.866025,67.9,4,46.2,24.9,72.5,139.0,211.5,211.5,30.21,15.06,1,0,4,0,0,0,0.0,0.0,0.0,0.0,0.92,1,0,0.0,0.0,0
3846,2025-07-12,2025,7,12,193,28,1,-0.5,-0.866025,0.0,0,67.9,46.2,24.9,114.1,211.5,211.5,30.21,15.06,0,0,0,0,0,0,0.0,0.0,0.0,0.0,0.64,1,0,0.0,0.0,0
3847,2025-07-13,2025,7,13,194,28,1,-0.5,-0.866025,40.2,3,0.0,67.9,46.2,108.1,179.2,251.7,35.96,16.4,0,0,1,0,0,0,0.0,0.0,0.0,0.0,0.68,1,0,0.0,0.0,0
3848,2025-07-14,2025,7,14,195,29,1,-0.5,-0.866025,38.7,3,40.2,0.0,67.9,78.9,193.0,290.4,41.49,17.69,0,0,2,0,0,0,0.0,0.0,0.0,0.0,0.71,1,0,0.0,0.0,0
3849,2025-07-15,2025,7,15,196,29,1,-0.5,-0.866025,67.9,4,38.7,40.2,0.0,146.8,214.7,285.8,40.83,19.72,1,0,3,0,0,0,0.0,0.0,0.0,0.0,0.73,1,0,0.0,0.0,0
3850,2025-07-16,2025,7,16,197,29,1,-0.5,-0.866025,17.6,3,67.9,38.7,40.2,124.2,164.4,278.5,39.79,19.58,0,0,4,0,0,0,0.0,0.0,0.0,0.0,0.8,1,0,0.0,0.0,0
3851,2025-07-17,2025,7,17,198,29,1,-0.5,-0.866025,66.0,4,17.6,67.9,38.7,151.5,230.4,298.3,42.61,21.78,1,0,5,0,0,0,0.0,0.0,0.0,0.0,0.89,1,0,0.0,0.0,0
3852,2025-07-18,2025,7,18,199,29,1,-0.5,-0.866025,0.0,0,66.0,17.6,67.9,83.6,190.2,230.4,32.91,21.78,0,0,0,0,0,0,0.0,0.0,0.0,0.0,0.67,1,1,0.43,5.7,1
3853,2025-07-19,2025,7,19,200,29,1,-0.5,-0.866025,62.3,4,0.0,66.0,17.6,128.3,213.8,292.7,41.81,23.86,1,0,1,0,0,0,0.0,0.0,0.0,0.0,0.6,1,0,0.0,0.0,0
3854,2025-07-20,2025,7,20,201,29,1,-0.5,-0.866025,0.0,0,62.3,0.0,66.0,62.3,145.9,252.5,36.07,22.71,0,0,0,0,0,0,0.0,0.0,0.0,0.0,0.7,1,0,0.0,0.0,0
3855,2025-07-21,2025,7,21,202,30,1,-0.5,-0.866025,36.1,3,0.0,62.3,0.0,98.4,164.4,249.9,35.7,22.3,0,0,1,0,0,0,0.0,0.0,0.0,0.0,0.74,1,1,0.19,10.1,1
3856,2025-07-22,2025,7,22,203,30,1,-0.5,-0.866025,53.9,4,36.1,0.0,62.3,90.0,152.3,235.9,33.7,24.1,1,0,2,0,0,0,0.0,0.0,0.0,0.0,0.81,1,0,0.0,0.0,0
3857,2025-07-23,2025,7,23,204,30,1,-0.5,-0.866025,0.0,0,53.9,36.1,0.0,90.0,152.3,218.3,31.19,24.1,0,0,0,0,0,0,0.0,0.0,0.0,0.0,0.59,1,0,0.0,0.0,0
3858,2025-07-24,2025,7,24,205,30,1,-0.5,-0.866025,77.1,4,0.0,53.9,36.1,131.0,167.1,229.4,32.77,26.45,1,0,1,0,0,0,0.0,0.0,0.0,0.0,0.75,1,1,0.42,14.4,2
3859,2025-07-25,2025,7,25,206,30,1,-0.5,-0.866025,0.0,0,77.1,0.0,53.9,77.1,167.1,229.4,32.77,26.45,0,0,0,0,0,0,0.0,0.0,0.0,0.0,0.62,1,0,0.0,0.0,0
3860,2025-07-26,2025,7,26,207,30,1,-0.5,-0.866025,38.0,3,0.0,77.1,0.0,115.1,169.0,205.1,29.3,27.55,0,0,1,0,0,0,0.0,0.0,0.0,0.0,0.63,1,1,0.37,14.8,2
3861,2025-07-27,2025,7,27,208,30,1,-0.5,-0.866025,6.7,2,38.0,0.0,77.1,44.7,121.8,211.8,30.26,27.77,0,0,2,0,0,0,0.0,0.0,0.0,0.0,0.4,1,0,0.0,0.0,0
3862,2025-07-28,2025,7,28,209,31,1,-0.5,-0.866025,43.3,3,6.7,38.0,0.0,88.0,165.1,219.0,31.29,29.22,0,0,3,0,0,0,0.0,0.0,0.0,0.0,0.44,1,0,0.0,0.0,0
3863,2025-07-29,2025,7,29,210,31,1,-0.5,-0.866025,89.2,4,43.3,6.7,38.0,139.2,177.2,254.3,36.33,32.19,1,0,4,0,0,0,0.0,0.0,0.0,0.0,0.67,1,0,0.0,0.0,0
3864,2025-07-30,2025,7,30,211,31,1,-0.5,-0.866025,0.0,0,89.2,43.3,6.7,132.5,177.2,254.3,36.33,31.67,0,0,0,0,0,0,0.0,0.0,0.0,0.0,0.53,1,0,0.0,0.0,0
3865,2025-07-31,2025,7,31,212,31,1,-0.5,-0.866025,49.7,3,0.0,89.2,43.3,138.9,188.9,226.9,32.41,31.06,0,0,1,0,0,0,0.0,0.0,0.0,0.0,0.51,1,0,0.0,0.0,0
3866,2025-08-01,2025,8,1,213,31,1,-0.866025,-0.5,27.4,3,49.7,0.0,89.2,77.1,209.6,254.3,36.33,30.85,0,0,2,0,0,0,0.0,0.0,0.0,0.0,0.36,1,0,0.0,0.0,0
3867,2025-08-02,2025,8,2,214,31,1,-0.866025,-0.5,0.0,0,27.4,49.7,0.0,77.1,166.3,216.3,30.9,30.85,0,0,0,0,0,0,0.0,0.0,0.0,0.0,0.39,1,0,0.0,0.0,0
3868,2025-08-03,2025,8,3,215,31,1,-0.866025,-0.5,51.3,4,0.0,27.4,49.7,78.7,128.4,260.9,37.27,32.56,1,0,1,0,0,0,0.0,0.0,0.0,0.0,0.6,1,0,0.0,0.0,0
3869,2025-08-04,2025,8,4,216,32,1,-0.866025,-0.5,0.0,0,51.3,0.0,27.4,51.3,128.4,217.6,31.09,32.56,0,0,0,0,0,0,0.0,0.0,0.0,0.0,0.53,1,0,0.0,0.0,0
3870,2025-08-05,2025,8,5,217,32,1,-0.866025,-0.5,1.6,1,0.0,51.3,0.0,52.9,80.3,130.0,18.57,32.62,0,0,1,0,0,0,0.0,0.0,0.0,0.0,0.42,1,0,0.0,0.0,0
3871,2025-08-06,2025,8,6,218,32,1,-0.866025,-0.5,0.0,0,1.6,0.0,51.3,1.6,52.9,130.0,18.57,32.62,0,0,0,0,0,0,0.0,0.0,0.0,0.0,0.29,1,0,0.0,0.0,0
3872,2025-08-07,2025,8,7,219,32,1,-0.866025,-0.5,0.0,0,0.0,1.6,0.0,1.6,52.9,80.3,11.47,30.2,0,0,0,0,0,0,0.0,0.0,0.0,0.0,0.13,1,0,0.0,0.0,0
3873,2025-08-08,2025,8,8,220,32,1,-0.866025,-0.5,81.0,4,0.0,0.0,1.6,81.0,82.6,133.9,19.13,32.07,1,0,1,0,0,0,0.0,0.0,0.0,0.0,0.3,1,0,0.0,0.0,0
3874,2025-08-09,2025,8,9,221,32,1,-0.866025,-0.5,18.2,3,81.0,0.0,0.0,99.2,100.8,152.1,21.73,31.14,0,0,2,0,0,0,0.0,0.0,0.0,0.0,0.32,1,0,0.0,0.0,0
3875,2025-08-10,2025,8,10,222,32,1,-0.866025,-0.5,19.1,3,18.2,81.0,0.0,118.3,118.3,119.9,17.13,29.51,0,0,3,0,0,0,0.0,0.0,0.0,0.0,0.33,1,0,0.0,0.0,0
3876,2025-08-11,2025,8,11,223,33,1,-0.866025,-0.5,0.0,0,19.1,18.2,81.0,37.3,118.3,119.9,17.13,29.51,0,0,0,0,0,0,0.0,0.0,0.0,0.0,0.24,1,0,0.0,0.0,0
3877,2025-08-12,2025,8,12,224,33,1,-0.866025,-0.5,45.9,3,0.0,19.1,18.2,65.0,164.2,164.2,23.46,29.7,0,0,1,0,0,0,0.0,0.0,0.0,0.0,0.28,1,0,0.0,0.0,0
3878,2025-08-13,2025,8,13,225,33,1,-0.866025,-0.5,30.7,3,45.9,0.0,19.1,76.6,113.9,194.9,27.84,29.43,0,0,2,0,0,0,0.0,0.0,0.0,0.0,0.22,1,0,0.0,0.0,0
3879,2025-08-14,2025,8,14,226,33,1,-0.866025,-0.5,0.0,0,30.7,45.9,0.0,76.6,95.7,194.9,27.84,27.17,0,0,0,0,0,0,0.0,0.0,0.0,0.0,0.19,1,0,0.0,0.0,0
3880,2025-08-15,2025,8,15,227,33,1,-0.866025,-0.5,0.0,0,0.0,30.7,45.9,30.7,76.6,113.9,16.27,26.58,0,0,0,0,0,0,0.0,0.0,0.0,0.0,0.05,1,0,0.0,0.0,0
3881,2025-08-16,2025,8,16,228,33,1,-0.866025,-0.5,48.0,3,0.0,0.0,30.7,48.0,124.6,143.7,20.53,25.98,0,0,1,0,0,0,0.0,0.0,0.0,0.0,0.31,1,0,0.0,0.0,0
3882,2025-08-17,2025,8,17,229,33,1,-0.866025,-0.5,0.0,0,48.0,0.0,0.0,48.0,78.7,124.6,17.8,25.98,0,0,0,0,0,0,0.0,0.0,0.0,0.0,0.29,1,0,0.0,0.0,0
3883,2025-08-18,2025,8,18,230,34,1,-0.866025,-0.5,109.4,4,0.0,48.0,0.0,157.4,157.4,234.0,33.43,27.55,1,1,1,0,0,0,0.0,0.0,0.0,0.0,0.78,1,1,0.75,30.1,3
3884,2025-08-19,2025,8,19,231,34,1,-0.866025,-0.5,0.0,0,109.4,0.0,48.0,109.4,157.4,188.1,26.87,27.55,0,0,0,0,0,0,0.0,0.0,0.0,0.0,0.67,1,0,0.0,0.0,0
3885,2025-08-20,2025,8,20,232,34,1,-0.866025,-0.5,1.9,1,0.0,109.4,0.0,111.3,159.3,159.3,22.76,26.41,0,0,1,0,0,0,0.0,0.0,0.0,0.0,0.6,1,0,0.0,0.0,0
3886,2025-08-21,2025,8,21,233,34,1,-0.866025,-0.5,14.1,3,1.9,0.0,109.4,16.0,125.4,173.4,24.77,25.09,0,0,2,0,0,0,0.0,0.0,0.0,0.0,0.55,1,0,0.0,0.0,0
3887,2025-08-22,2025,8,22,234,34,1,-0.866025,-0.5,69.3,4,14.1,1.9,0.0,85.3,194.7,242.7,34.67,27.4,1,0,3,0,0,0,0.0,0.0,0.0,0.0,0.69,1,1,0.71,8.5,2
3888,2025-08-23,2025,8,23,235,34,1,-0.866025,-0.5,81.6,4,69.3,14.1,1.9,165.0,166.9,276.3,39.47,27.55,1,0,4,0,0,0,0.0,0.0,0.0,0.0,0.89,1,1,0.5,7.1,1
3889,2025-08-24,2025,8,24,236,34,1,-0.866025,-0.5,103.1,4,81.6,69.3,14.1,254.0,270.0,379.4,54.2,30.98,1,1,5,0,0,0,0.0,0.0,0.0,0.0,1.0,1,1,0.55,19.4,2
3890,2025-08-25,2025,8,25,237,35,1,-0.866025,-0.5,48.0,3,103.1,81.6,69.3,232.7,316.1,318.0,45.43,31.32,0,0,6,0,0,0,0.0,0.0,0.0,0.0,1.0,1,1,1.49,27.2,3
3891,2025-08-26,2025,8,26,238,35,1,-0.866025,-0.5,0.0,0,48.0,103.1,81.6,151.1,302.0,318.0,45.43,31.09,0,0,0,0,0,0,0.0,0.0,0.0,0.0,0.85,1,0,0.0,0.0,0
3892,2025-08-27,2025,8,27,239,35,1,-0.866025,-0.5,14.7,3,0.0,48.0,103.1,62.7,247.4,330.8,47.26,30.14,0,0,1,0,0,0,0.0,0.0,0.0,0.0,0.75,1,0,0.0,0.0,0
3893,2025-08-28,2025,8,28,240,35,1,-0.866025,-0.5,48.0,3,14.7,0.0,48.0,62.7,213.8,364.7,52.1,28.77,0,0,2,0,0,0,0.0,0.0,0.0,0.0,0.56,1,1,0.28,8.9,1
3894,2025-08-29,2025,8,29,241,35,1,-0.866025,-0.5,109.1,4,48.0,14.7,0.0,171.8,219.8,404.5,57.79,32.4,1,1,3,0,0,0,0.0,0.0,0.0,0.0,0.68,1,1,0.38,13.5,2
3895,2025-08-30,2025,8,30,242,35,1,-0.866025,-0.5,0.0,0,109.1,48.0,14.7,157.1,171.8,322.9,46.13,30.75,0,0,0,0,0,0,0.0,0.0,0.0,0.0,0.54,1,1,0.4,3.9,1
3896,2025-08-31,2025,8,31,243,35,1,-0.866025,-0.5,13.1,3,0.0,109.1,48.0,122.2,184.9,232.9,33.27,30.27,0,0,1,0,0,0,0.0,0.0,0.0,0.0,0.48,1,1,1.39,34.6,3
3897,2025-09-01,2025,9,1,244,36,1,-1.0,-0.0,0.0,0,13.1,0.0,109.1,13.1,170.2,184.9,26.41,30.27,0,0,0,0,0,0,0.0,0.0,0.0,0.0,0.34,1,0,0.0,0.0,0
3898,2025-09-02,2025,9,2,245,36,1,-1.0,-0.0,79.4,4,0.0,13.1,0.0,92.5,201.6,264.3,37.76,31.21,1,0,1,0,0,0,0.0,0.0,0.0,0.0,0.62,1,0,0.0,0.0,0
3899,2025-09-03,2025,9,3,246,36,1,-1.0,-0.0,110.3,4,79.4,0.0,13.1,189.7,202.8,359.9,51.41,34.88,1,1,2,0,0,0,0.0,0.0,0.0,0.0,0.83,1,1,0.54,9.2,2
3900,2025-09-04,2025,9,4,247,36,1,-1.0,-0.0,32.4,3,110.3,79.4,0.0,222.1,235.2,344.3,49.19,35.91,0,0,3,0,0,0,0.0,0.0,0.0,0.0,0.77,1,1,0.9,6.5,2
3901,2025-09-05,2025,9,5,248,36,1,-1.0,-0.0,50.3,4,32.4,110.3,79.4,193.0,272.4,285.5,40.79,37.59,1,0,4,0,0,0,0.0,0.0,0.0,0.0,0.68,1,0,0.0,0.0,0
3902,2025-09-06,2025,9,6,249,36,1,-1.0,-0.0,0.0,0,50.3,32.4,110.3,82.7,272.4,285.5,40.79,37.59,0,0,0,0,0,0,0.0,0.0,0.0,0.0,0.46,1,0,0.0,0.0,0
3903,2025-09-07,2025,9,7,250,36,1,-1.0,-0.0,0.0,0,0.0,50.3,32.4,50.3,193.0,272.4,38.91,34.89,0,0,0,0,0,0,0.0,0.0,0.0,0.0,0.34,1,0,0.0,0.0,0
3904,2025-09-08,2025,9,8,251,37,1,-1.0,-0.0,0.0,0,0.0,0.0,50.3,0.0,82.7,272.4,38.91,34.28,0,0,0,0,0,0,0.0,0.0,0.0,0.0,0.17,1,0,0.0,0.0,0
3905,2025-09-09,2025,9,9,252,37,1,-1.0,-0.0,0.0,0,0.0,0.0,0.0,0.0,50.3,193.0,27.57,33.64,0,0,0,0,0,0,0.0,0.0,0.0,0.0,0.27,1,0,0.0,0.0,0
3906,2025-09-10,2025,9,10,253,37,1,-1.0,-0.0,53.7,4,0.0,0.0,0.0,53.7,53.7,136.4,19.49,35.43,1,0,1,0,0,0,0.0,0.0,0.0,0.0,0.3,1,0,0.0,0.0,0
3907,2025-09-11,2025,9,11,254,37,1,-1.0,-0.0,0.0,0,53.7,0.0,0.0,53.7,53.7,104.0,14.86,33.9,0,0,0,0,0,0,0.0,0.0,0.0,0.0,0.2,1,0,0.0,0.0,0
3908,2025-09-12,2025,9,12,255,37,1,-1.0,-0.0,9.7,3,0.0,53.7,0.0,63.4,63.4,63.4,9.06,33.2,0,0,1,0,0,0,0.0,0.0,0.0,0.0,0.24,1,0,0.0,0.0,0
3909,2025-09-13,2025,9,13,256,37,1,-1.0,-0.0,83.3,4,9.7,0.0,53.7,93.0,146.7,146.7,20.96,35.98,1,0,2,0,0,0,0.0,0.0,0.0,0.0,0.45,1,0,0.0,0.0,0
3910,2025-09-14,2025,9,14,257,37,1,-1.0,-0.0,0.0,0,83.3,9.7,0.0,93.0,146.7,146.7,20.96,35.98,0,0,0,0,0,0,0.0,0.0,0.0,0.0,0.41,1,0,0.0,0.0,0
3911,2025-09-15,2025,9,15,258,38,1,-1.0,-0.0,10.8,3,0.0,83.3,9.7,94.1,103.8,157.5,22.5,34.74,0,0,1,0,0,0,0.0,0.0,0.0,0.0,0.35,1,0,0.0,0.0,0
3912,2025-09-16,2025,9,16,259,38,1,-1.0,-0.0,0.0,0,10.8,0.0,83.3,10.8,103.8,157.5,22.5,34.74,0,0,0,0,0,0,0.0,0.0,0.0,0.0,0.27,1,0,0.0,0.0,0
3913,2025-09-17,2025,9,17,260,38,1,-1.0,-0.0,70.8,4,0.0,10.8,0.0,81.6,164.9,174.6,24.94,33.45,1,0,1,0,0,0,0.0,0.0,0.0,0.0,0.35,1,0,0.0,0.0,0
3914,2025-09-18,2025,9,18,261,38,1,-1.0,-0.0,0.0,0,70.8,0.0,10.8,70.8,81.6,174.6,24.94,33.45,0,0,0,0,0,0,0.0,0.0,0.0,0.0,0.36,1,0,0.0,0.0,0
3915,2025-09-19,2025,9,19,262,38,1,-1.0,-0.0,0.0,0,0.0,70.8,0.0,70.8,81.6,164.9,23.56,33.39,0,0,0,0,0,0,0.0,0.0,0.0,0.0,0.38,1,0,0.0,0.0,0
3916,2025-09-20,2025,9,20,263,38,1,-1.0,-0.0,0.0,0,0.0,0.0,70.8,0.0,70.8,81.6,11.66,32.92,0,0,0,0,0,0,0.0,0.0,0.0,0.0,0.29,1,0,0.0,0.0,0
3917,2025-09-21,2025,9,21,264,38,1,-1.0,-0.0,0.0,0,0.0,0.0,0.0,0.0,70.8,81.6,11.66,30.61,0,0,0,0,0,0,0.0,0.0,0.0,0.0,0.34,1,0,0.0,0.0,0
3918,2025-09-22,2025,9,22,265,39,1,-1.0,-0.0,102.9,4,0.0,0.0,0.0,102.9,102.9,173.7,24.81,31.32,1,1,1,1,2,Yoyong,3.0,185.0,0.0,0.0,0.64,1,1,1.84,61.4,4
3919,2025-09-23,2025,9,23,266,39,1,-1.0,-0.0,93.9,4,102.9,0.0,0.0,196.8,196.8,267.6,38.23,31.01,1,0,2,1,1,Yoyong,2.0,185.0,0.0,365.0,0.88,1,1,1.38,18.9,3
3920,2025-09-24,2025,9,24,267,39,1,-1.0,-0.0,55.0,4,93.9,102.9,0.0,251.8,251.8,251.8,35.97,31.25,1,0,3,1,1,Yoyong,2.0,185.0,0.0,1.0,0.8,1,1,0.96,36.6,3
3921,2025-09-25,2025,9,25,268,39,1,-1.0,-0.0,8.3,3,55.0,93.9,102.9,157.2,260.1,260.1,37.16,31.52,0,0,4,1,2,Yoyong,3.0,185.0,0.0,3.0,0.47,1,0,0.0,0.0,0
3922,2025-09-26,2025,9,26,269,39,1,-1.0,-0.0,29.3,3,8.3,55.0,93.9,92.6,289.4,289.4,41.34,32.01,0,0,5,0,0,0,0.0,0.0,0.0,0.0,0.54,1,0,0.0,0.0,0
3923,2025-09-27,2025,9,27,270,39,1,-1.0,-0.0,0.0,0,29.3,8.3,55.0,37.6,186.5,289.4,41.34,30.41,0,0,0,0,0,0,0.0,0.0,0.0,0.0,0.67,1,0,0.0,0.0,0
3924,2025-09-28,2025,9,28,271,39,1,-1.0,-0.0,82.6,4,0.0,29.3,8.3,111.9,175.2,372.0,53.14,29.53,1,0,1,0,0,0,0.0,0.0,0.0,0.0,0.76,1,1,0.4,14.0,2
3925,2025-09-29,2025,9,29,272,40,1,-1.0,-0.0,57.6,4,82.6,0.0,29.3,140.2,177.8,326.7,46.67,31.45,1,0,2,0,0,0,0.0,0.0,0.0,0.0,0.8,1,1,0.84,20.3,3
3926,2025-09-30,2025,9,30,273,40,1,-1.0,-0.0,57.1,4,57.6,82.6,0.0,197.3,226.6,289.9,41.41,32.91,1,0,3,0,0,0,0.0,0.0,0.0,0.0,0.89,1,1,0.82,17.0,2
3927,2025-10-01,2025,10,1,274,40,1,-0.866025,0.5,0.0,0,57.1,57.6,82.6,114.7,197.3,234.9,33.56,32.91,0,0,0,0,0,0,0.0,0.0,0.0,0.0,0.83,1,0,0.0,0.0,0
3928,2025-10-02,2025,10,2,275,40,1,-0.866025,0.5,103.6,4,0.0,57.1,57.6,160.7,300.9,330.2,47.17,33.72,1,1,1,0,0,0,0.0,0.0,0.0,0.0,1.0,1,0,0.0,0.0,0
3929,2025-10-03,2025,10,3,276,40,1,-0.866025,0.5,63.0,4,103.6,0.0,57.1,166.6,281.3,363.9,51.99,32.14,1,0,2,0,0,0,0.0,0.0,0.0,0.0,1.0,1,1,0.83,10.3,2
3930,2025-10-04,2025,10,4,277,40,1,-0.866025,0.5,72.8,4,63.0,103.6,0.0,239.4,296.5,436.7,62.39,33.49,1,0,3,0,0,0,0.0,0.0,0.0,0.0,0.99,1,1,0.65,5.8,2
3931,2025-10-05,2025,10,5,278,40,1,-0.866025,0.5,0.0,0,72.8,63.0,103.6,135.8,239.4,354.1,50.59,31.81,0,0,0,0,0,0,0.0,0.0,0.0,0.0,0.76,1,0,0.0,0.0,0
3932,2025-10-06,2025,10,6,279,41,1,-0.866025,0.5,18.5,3,0.0,72.8,63.0,91.3,257.9,315.0,45.0,32.43,0,0,1,0,0,0,0.0,0.0,0.0,0.0,0.77,1,0,0.0,0.0,0
3933,2025-10-07,2025,10,7,280,41,1,-0.866025,0.5,0.0,0,18.5,0.0,72.8,18.5,154.3,257.9,36.84,32.43,0,0,0,0,0,0,0.0,0.0,0.0,0.0,0.64,1,0,0.0,0.0,0
3934,2025-10-08,2025,10,8,281,41,1,-0.866025,0.5,0.0,0,0.0,18.5,0.0,18.5,91.3,257.9,36.84,32.43,0,0,0,0,0,0,0.0,0.0,0.0,0.0,0.31,1,0,0.0,0.0,0
3935,2025-10-09,2025,10,9,282,41,1,-0.866025,0.5,50.9,4,0.0,0.0,18.5,50.9,69.4,205.2,29.31,34.13,1,0,1,0,0,0,0.0,0.0,0.0,0.0,0.42,1,0,0.0,0.0,0
3936,2025-10-10,2025,10,10,283,41,1,-0.866025,0.5,49.3,3,50.9,0.0,0.0,100.2,118.7,191.5,27.36,33.98,0,0,2,0,0,0,0.0,0.0,0.0,0.0,0.67,1,0,0.0,0.0,0
3937,2025-10-11,2025,10,11,284,41,1,-0.866025,0.5,77.4,4,49.3,50.9,0.0,177.6,177.6,196.1,28.01,36.56,1,0,3,0,0,0,0.0,0.0,0.0,0.0,0.78,1,1,0.76,12.6,2
3938,2025-10-12,2025,10,12,285,41,1,-0.866025,0.5,25.5,3,77.4,49.3,50.9,152.2,203.1,221.6,31.66,37.09,0,0,4,0,0,0,0.0,0.0,0.0,0.0,0.75,1,0,0.0,0.0,0
3939,2025-10-13,2025,10,13,286,42,1,-0.866025,0.5,0.0,0,25.5,77.4,49.3,102.9,203.1,203.1,29.01,34.31,0,0,0,0,0,0,0.0,0.0,0.0,0.0,0.41,1,0,0.0,0.0,0
3940,2025-10-14,2025,10,14,287,42,1,-0.866025,0.5,40.2,3,0.0,25.5,77.4,65.7,192.4,243.3,34.76,35.65,0,0,1,0,0,0,0.0,0.0,0.0,0.0,0.43,1,0,0.0,0.0,0
3941,2025-10-15,2025,10,15,288,42,1,-0.866025,0.5,63.0,4,40.2,0.0,25.5,103.2,206.1,306.3,43.76,37.39,1,0,2,0,0,0,0.0,0.0,0.0,0.0,0.56,1,1,0.44,9.5,1
3942,2025-10-16,2025,10,16,289,42,1,-0.866025,0.5,0.0,0,63.0,40.2,0.0,103.2,128.7,255.4,36.49,37.39,0,0,0,0,0,0,0.0,0.0,0.0,0.0,0.46,1,0,0.0,0.0,0
3943,2025-10-17,2025,10,17,290,42,1,-0.866025,0.5,5.1,2,0.0,63.0,40.2,68.1,108.3,211.2,30.17,35.2,0,0,1,0,0,0,0.0,0.0,0.0,0.0,0.34,1,0,0.0,0.0,0
3944,2025-10-18,2025,10,18,291,42,1,-0.866025,0.5,28.7,3,5.1,0.0,63.0,33.8,137.0,162.5,23.21,36.16,0,0,2,0,0,0,0.0,0.0,0.0,0.0,0.34,1,0,0.0,0.0,0
3945,2025-10-19,2025,10,19,292,42,1,-0.866025,0.5,61.6,4,28.7,5.1,0.0,95.4,158.4,198.6,28.37,38.21,1,0,3,0,0,0,0.0,0.0,0.0,0.0,0.34,1,0,0.0,0.0,0
3946,2025-10-20,2025,10,20,293,43,1,-0.866025,0.5,96.8,4,61.6,28.7,5.1,187.1,192.2,295.4,42.2,41.44,1,0,4,0,0,0,0.0,0.0,0.0,0.0,0.5,1,1,0.28,8.7,1
3947,2025-10-21,2025,10,21,294,43,1,-0.866025,0.5,86.0,4,96.8,61.6,28.7,244.4,278.2,341.2,48.74,44.3,1,0,5,0,0,0,0.0,0.0,0.0,0.0,0.65,1,1,1.33,22.5,3
3948,2025-10-22,2025,10,22,295,43,1,-0.866025,0.5,0.0,0,86.0,96.8,61.6,182.8,273.1,278.2,39.74,40.87,0,0,0,0,0,0,0.0,0.0,0.0,0.0,0.57,1,0,0.0,0.0,0
3949,2025-10-23,2025,10,23,296,43,1,-0.866025,0.5,85.4,4,0.0,86.0,96.8,171.4,329.8,363.6,51.94,40.59,1,0,1,0,0,0,0.0,0.0,0.0,0.0,0.74,1,1,0.45,17.4,2
3950,2025-10-24,2025,10,24,297,43,1,-0.866025,0.5,86.0,4,85.4,0.0,86.0,171.4,354.2,444.5,63.5,41.62,1,0,2,0,0,0,0.0,0.0,0.0,0.0,0.94,1,1,1.04,21.5,3
3951,2025-10-25,2025,10,25,298,43,1,-0.866025,0.5,59.1,4,86.0,85.4,0.0,230.5,316.5,474.9,67.84,43.32,1,0,3,0,0,0,0.0,0.0,0.0,0.0,1.0,1,0,0.0,0.0,0
3952,2025-10-26,2025,10,26,299,43,1,-0.866025,0.5,5.1,2,59.1,86.0,85.4,150.2,235.6,418.4,59.77,42.51,0,0,4,0,0,0,0.0,0.0,0.0,0.0,0.77,1,0,0.0,0.0,0
3953,2025-10-27,2025,10,27,300,44,1,-0.866025,0.5,59.1,4,5.1,59.1,86.0,123.3,294.7,380.7,54.39,44.48,1,0,5,0,0,0,0.0,0.0,0.0,0.0,0.77,1,0,0.0,0.0,0
3954,2025-10-28,2025,10,28,301,44,1,-0.866025,0.5,86.0,4,59.1,5.1,59.1,150.2,295.3,380.7,54.39,44.59,1,0,6,0,0,0,0.0,0.0,0.0,0.0,1.0,1,1,0.38,17.2,2
3955,2025-10-29,2025,10,29,302,44,1,-0.866025,0.5,0.0,0,86.0,59.1,5.1,145.1,209.3,380.7,54.39,42.67,0,0,0,0,0,0,0.0,0.0,0.0,0.0,0.71,1,1,0.49,10.9,2
3956,2025-10-30,2025,10,30,303,44,1,-0.866025,0.5,28.7,3,0.0,86.0,59.1,114.7,178.9,324.0,46.29,41.73,0,0,1,0,0,0,0.0,0.0,0.0,0.0,0.55,1,0,0.0,0.0,0
3957,2025-10-31,2025,10,31,304,44,1,-0.866025,0.5,18.8,3,28.7,0.0,86.0,47.5,192.6,256.8,36.69,42.35,0,0,2,0,0,0,0.0,0.0,0.0,0.0,0.43,1,1,0.44,6.6,1
3958,2025-11-01,2025,11,1,305,44,1,-0.5,0.866025,0.0,0,18.8,28.7,0.0,47.5,133.5,197.7,28.24,38.9,0,0,0,0,0,0,0.0,0.0,0.0,0.0,0.21,1,0,0.0,0.0,0
3959,2025-11-02,2025,11,2,306,44,1,-0.5,0.866025,0.0,0,0.0,18.8,28.7,18.8,47.5,192.6,27.51,36.8,0,0,0,0,0,0,0.0,0.0,0.0,0.0,0.05,1,0,0.0,0.0,0
3960,2025-11-03,2025,11,3,307,45,1,-0.5,0.866025,0.0,0,0.0,0.0,18.8,0.0,47.5,133.5,19.07,34.37,0,0,0,0,0,0,0.0,0.0,0.0,0.0,0.0,1,0,0.0,0.0,0
3961,2025-11-04,2025,11,4,308,45,1,-0.5,0.866025,24.2,3,0.0,0.0,0.0,24.2,43.0,71.7,10.24,35.18,0,0,1,0,0,0,0.0,0.0,0.0,0.0,0.04,1,0,0.0,0.0,0
3962,2025-11-05,2025,11,5,309,45,1,-0.5,0.866025,24.2,3,24.2,0.0,0.0,48.4,48.4,95.9,13.7,35.37,0,0,2,0,0,0,0.0,0.0,0.0,0.0,0.16,1,0,0.0,0.0,0
3963,2025-11-06,2025,11,6,310,45,1,-0.5,0.866025,11.5,3,24.2,24.2,0.0,59.9,59.9,78.7,11.24,35.75,0,0,3,0,0,0,0.0,0.0,0.0,0.0,0.15,1,0,0.0,0.0,0
3964,2025-11-07,2025,11,7,311,45,1,-0.5,0.866025,0.0,0,11.5,24.2,24.2,35.7,59.9,59.9,8.56,35.75,0,0,0,0,0,0,0.0,0.0,0.0,0.0,0.05,1,0,0.0,0.0,0
3965,2025-11-08,2025,11,8,312,45,1,-0.5,0.866025,0.0,0,0.0,11.5,24.2,11.5,59.9,59.9,8.56,34.06,0,0,0,0,0,0,0.0,0.0,0.0,0.0,0.21,1,0,0.0,0.0,0
3966,2025-11-09,2025,11,9,313,45,1,-0.5,0.866025,0.0,0,0.0,0.0,11.5,0.0,35.7,59.9,8.56,32.41,0,0,0,0,0,0,0.0,0.0,0.0,0.0,0.14,1,0,0.0,0.0,0
3967,2025-11-10,2025,11,10,314,46,1,-0.5,0.866025,0.0,0,0.0,0.0,0.0,0.0,11.5,59.9,8.56,29.83,0,0,0,1,3,Costing,3.0,175.0,0.0,0.0,0.15,1,0,0.0,0.0,0
3968,2025-11-11,2025,11,11,315,46,1,-0.5,0.866025,90.7,4,0.0,0.0,0.0,90.7,90.7,126.4,18.06,32.01,1,0,1,1,2,Costing,3.0,175.0,1.0,12.0,0.46,1,1,0.32,10.8,1
3969,2025-11-12,2025,11,12,316,46,1,-0.5,0.866025,115.2,4,90.7,0.0,0.0,205.9,205.9,217.4,31.06,35.85,1,1,2,1,2,Costing,3.0,175.0,0.0,13.0,0.73,1,1,1.22,15.7,3
3970,2025-11-13,2025,11,13,317,46,1,-0.5,0.866025,183.0,4,115.2,90.7,0.0,388.9,388.9,388.9,55.56,40.61,1,1,3,1,3,Costing,3.0,175.0,0.0,14.0,1.0,1,1,0.61,18.3,2
3971,2025-11-14,2025,11,14,318,46,1,-0.5,0.866025,32.8,3,183.0,115.2,90.7,331.0,421.7,421.7,60.24,39.6,0,0,4,1,1,Costing,3.0,140.0,0.0,15.0,0.93,1,1,0.39,9.2,2
3972,2025-11-15,2025,11,15,319,46,1,-0.5,0.866025,280.9,4,32.8,183.0,115.2,496.7,702.6,702.6,100.37,48.96,1,1,5,1,3,Costing,3.0,175.0,0.0,5.0,1.0,1,1,2.43,55.2,4
3973,2025-11-16,2025,11,16,320,46,1,-0.5,0.866025,63.7,4,280.9,32.8,183.0,377.4,675.6,766.3,109.47,50.92,1,0,6,0,0,0,0.0,0.0,0.0,0.0,0.96,1,1,0.48,7.0,2
3974,2025-11-17,2025,11,17,321,47,1,-0.5,0.866025,0.0,0,63.7,280.9,32.8,344.6,560.4,766.3,109.47,49.96,0,0,0,0,0,0,0.0,0.0,0.0,0.0,0.76,1,1,1.32,19.3,3
3975,2025-11-18,2025,11,18,322,47,1,-0.5,0.866025,32.4,3,0.0,63.7,280.9,96.1,409.8,708.0,101.14,48.99,0,0,1,0,0,0,0.0,0.0,0.0,0.0,0.56,1,0,0.0,0.0,0
3976,2025-11-19,2025,11,19,323,47,1,-0.5,0.866025,0.0,0,32.4,0.0,63.7,32.4,377.0,592.8,84.69,45.76,0,0,0,0,0,0,0.0,0.0,0.0,0.0,0.45,1,0,0.0,0.0,0
3977,2025-11-20,2025,11,20,324,47,1,-0.5,0.866025,0.0,0,0.0,32.4,0.0,32.4,96.1,409.8,58.54,42.89,0,0,0,0,0,0,0.0,0.0,0.0,0.0,0.37,1,0,0.0,0.0,0
3978,2025-11-21,2025,11,21,325,47,1,-0.5,0.866025,0.0,0,0.0,0.0,32.4,0.0,32.4,377.0,53.86,42.89,0,0,0,0,0,0,0.0,0.0,0.0,0.0,0.33,1,0,0.0,0.0,0
3979,2025-11-22,2025,11,22,326,47,1,-0.5,0.866025,0.0,0,0.0,0.0,0.0,0.0,32.4,96.1,13.73,40.05,0,0,0,0,0,0,0.0,0.0,0.0,0.0,0.29,1,0,0.0,0.0,0
3980,2025-11-23,2025,11,23,327,47,1,-0.5,0.866025,0.0,0,0.0,0.0,0.0,0.0,0.0,32.4,4.63,37.18,0,0,0,0,0,0,0.0,0.0,0.0,0.0,0.2,1,0,0.0,0.0,0
3981,2025-11-24,2025,11,24,328,48,1,-0.5,0.866025,0.0,0,0.0,0.0,0.0,0.0,0.0,32.4,4.63,35.21,0,0,0,0,0,0,0.0,0.0,0.0,0.0,0.29,1,0,0.0,0.0,0
3982,2025-11-25,2025,11,25,329,48,1,-0.5,0.866025,0.0,0,0.0,0.0,0.0,0.0,0.0,0.0,0.0,35.04,0,0,0,0,0,0,0.0,0.0,0.0,0.0,0.14,1,0,0.0,0.0,0
3983,2025-11-26,2025,11,26,330,48,1,-0.5,0.866025,0.0,0,0.0,0.0,0.0,0.0,0.0,0.0,0.0,33.07,0,0,0,0,0,0,0.0,0.0,0.0,0.0,0.04,1,0,0.0,0.0,0
3984,2025-11-27,2025,11,27,331,48,1,-0.5,0.866025,46.0,3,0.0,0.0,0.0,46.0,46.0,46.0,6.57,31.74,0,0,1,0,0,0,0.0,0.0,0.0,0.0,0.18,1,0,0.0,0.0,0
3985,2025-11-28,2025,11,28,332,48,1,-0.5,0.866025,0.0,0,46.0,0.0,0.0,46.0,46.0,46.0,6.57,31.74,0,0,0,0,0,0,0.0,0.0,0.0,0.0,0.29,1,0,0.0,0.0,0
3986,2025-11-29,2025,11,29,333,48,1,-0.5,0.866025,0.0,0,0.0,46.0,0.0,46.0,46.0,46.0,6.57,30.78,0,0,0,0,0,0,0.0,0.0,0.0,0.0,0.33,1,0,0.0,0.0,0
3987,2025-11-30,2025,11,30,334,48,1,-0.5,0.866025,0.0,0,0.0,0.0,46.0,0.0,46.0,46.0,6.57,30.15,0,0,0,0,0,0,0.0,0.0,0.0,0.0,0.37,1,0,0.0,0.0,0
3988,2025-12-01,2025,12,1,335,49,0,-0.0,1.0,6.5,2,0.0,0.0,0.0,6.5,52.5,52.5,7.5,30.37,0,0,1,0,0,0,0.0,0.0,0.0,0.0,0.47,1,0,0.0,0.0,0
3989,2025-12-02,2025,12,2,336,49,0,-0.0,1.0,0.0,0,6.5,0.0,0.0,6.5,6.5,52.5,7.5,30.37,0,0,0,0,0,0,0.0,0.0,0.0,0.0,0.3,1,0,0.0,0.0,0
3990,2025-12-03,2025,12,3,337,49,0,-0.0,1.0,0.0,0,0.0,6.5,0.0,6.5,6.5,52.5,7.5,30.37,0,0,0,0,0,0,0.0,0.0,0.0,0.0,0.0,1,0,0.0,0.0,0
3991,2025-12-04,2025,12,4,338,49,0,-0.0,1.0,32.1,3,0.0,0.0,6.5,32.1,38.6,38.6,5.51,30.63,0,0,1,0,0,0,0.0,0.0,0.0,0.0,0.16,1,0,0.0,0.0,0
3992,2025-12-05,2025,12,5,339,49,0,-0.0,1.0,0.0,0,32.1,0.0,0.0,32.1,38.6,38.6,5.51,29.83,0,0,0,0,0,0,0.0,0.0,0.0,0.0,0.03,1,0,0.0,0.0,0
3993,2025-12-06,2025,12,6,340,49,0,-0.0,1.0,0.0,0,0.0,32.1,0.0,32.1,32.1,38.6,5.51,29.44,0,0,0,0,0,0,0.0,0.0,0.0,0.0,0.0,1,0,0.0,0.0,0
3994,2025-12-07,2025,12,7,341,49,0,-0.0,1.0,0.0,0,0.0,0.0,32.1,0.0,32.1,38.6,5.51,29.44,0,0,0,0,0,0,0.0,0.0,0.0,0.0,0.07,1,0,0.0,0.0,0
3995,2025-12-08,2025,12,8,342,50,0,-0.0,1.0,0.0,0,0.0,0.0,0.0,0.0,32.1,32.1,4.59,29.44,0,0,0,0,0,0,0.0,0.0,0.0,0.0,0.0,1,0,0.0,0.0,0
3996,2025-12-09,2025,12,9,343,50,0,-0.0,1.0,20.7,3,0.0,0.0,0.0,20.7,20.7,52.8,7.54,30.13,0,0,1,0,0,0,0.0,0.0,0.0,0.0,0.04,1,0,0.0,0.0,0
3997,2025-12-10,2025,12,10,344,50,0,-0.0,1.0,0.0,0,20.7,0.0,0.0,20.7,20.7,52.8,7.54,30.13,0,0,0,0,0,0,0.0,0.0,0.0,0.0,0.12,1,0,0.0,0.0,0
3998,2025-12-11,2025,12,11,345,50,0,-0.0,1.0,0.0,0,0.0,20.7,0.0,20.7,20.7,20.7,2.96,27.11,0,0,0,0,0,0,0.0,0.0,0.0,0.0,0.2,1,0,0.0,0.0,0
3999,2025-12-12,2025,12,12,346,50,0,-0.0,1.0,0.0,0,0.0,0.0,20.7,0.0,20.7,20.7,2.96,23.27,0,0,0,0,0,0,0.0,0.0,0.0,0.0,0.24,1,0,0.0,0.0,0
4000,2025-12-13,2025,12,13,347,50,0,-0.0,1.0,0.0,0,0.0,0.0,0.0,0.0,20.7,20.7,2.96,17.17,0,0,0,0,0,0,0.0,0.0,0.0,0.0,0.32,1,0,0.0,0.0,0
4001,2025-12-14,2025,12,14,348,50,0,-0.0,1.0,73.8,4,0.0,0.0,0.0,73.8,73.8,94.5,13.5,18.54,1,0,1,0,0,0,0.0,0.0,0.0,0.0,0.45,1,0,0.0,0.0,0
4002,2025-12-15,2025,12,15,349,51,0,-0.0,1.0,45.2,3,73.8,0.0,0.0,119.0,119.0,139.7,19.96,10.68,0,0,2,0,0,0,0.0,0.0,0.0,0.0,0.5,1,0,0.0,0.0,0
4003,2025-12-16,2025,12,16,350,51,0,-0.0,1.0,0.0,0,45.2,73.8,0.0,119.0,119.0,119.0,17.0,8.56,0,0,0,0,0,0,0.0,0.0,0.0,0.0,0.48,1,0,0.0,0.0,0
4004,2025-12-17,2025,12,17,351,51,0,-0.0,1.0,38.7,3,0.0,45.2,73.8,83.9,157.7,157.7,22.53,9.85,0,0,1,0,0,0,0.0,0.0,0.0,0.0,0.6,1,0,0.0,0.0,0
4005,2025-12-18,2025,12,18,352,51,0,-0.0,1.0,0.0,0,38.7,0.0,45.2,38.7,157.7,157.7,22.53,8.77,0,0,0,0,0,0,0.0,0.0,0.0,0.0,0.57,1,1,0.22,9.2,1
4006,2025-12-19,2025,12,19,353,51,0,-0.0,1.0,0.0,0,0.0,38.7,0.0,38.7,83.9,157.7,22.53,8.77,0,0,0,0,0,0,0.0,0.0,0.0,0.0,0.56,1,0,0.0,0.0,0
4007,2025-12-20,2025,12,20,354,51,0,-0.0,1.0,0.0,0,0.0,0.0,38.7,0.0,38.7,157.7,22.53,8.77,0,0,0,0,0,0,0.0,0.0,0.0,0.0,0.64,1,0,0.0,0.0,0
4008,2025-12-21,2025,12,21,355,51,0,-0.0,1.0,0.0,0,0.0,0.0,0.0,0.0,38.7,83.9,11.99,8.77,0,0,0,0,0,0,0.0,0.0,0.0,0.0,0.57,1,0,0.0,0.0,0
4009,2025-12-22,2025,12,22,356,52,0,-0.0,1.0,0.0,0,0.0,0.0,0.0,0.0,0.0,38.7,5.53,8.77,0,0,0,0,0,0,0.0,0.0,0.0,0.0,0.36,1,0,0.0,0.0,0
4010,2025-12-23,2025,12,23,357,52,0,-0.0,1.0,0.0,0,0.0,0.0,0.0,0.0,0.0,38.7,5.53,8.77,0,0,0,0,0,0,0.0,0.0,0.0,0.0,0.32,1,0,0.0,0.0,0
4011,2025-12-24,2025,12,24,358,52,0,-0.0,1.0,0.0,0,0.0,0.0,0.0,0.0,0.0,0.0,0.0,8.77,0,0,0,0,0,0,0.0,0.0,0.0,0.0,0.21,1,0,0.0,0.0,0
4012,2025-12-25,2025,12,25,359,52,0,-0.0,1.0,0.0,0,0.0,0.0,0.0,0.0,0.0,0.0,0.0,8.77,0,0,0,0,0,0,0.0,0.0,0.0,0.0,0.1,1,1,0.46,5.7,1
4013,2025-12-26,2025,12,26,360,52,0,-0.0,1.0,0.0,0,0.0,0.0,0.0,0.0,0.0,0.0,0.0,8.77,0,0,0,0,0,0,0.0,0.0,0.0,0.0,0.19,1,0,0.0,0.0,0
4014,2025-12-27,2025,12,27,361,52,0,-0.0,1.0,73.8,4,0.0,0.0,0.0,73.8,73.8,73.8,10.54,9.69,1,0,1,0,0,0,0.0,0.0,0.0,0.0,0.56,1,0,0.0,0.0,0
4015,2025-12-28,2025,12,28,362,52,0,-0.0,1.0,5.6,2,73.8,0.0,0.0,79.4,79.4,79.4,11.34,9.88,0,0,2,0,0,0,0.0,0.0,0.0,0.0,0.51,1,1,0.47,8.4,1
4016,2025-12-29,2025,12,29,363,1,0,-0.0,1.0,35.6,3,5.6,73.8,0.0,115.0,115.0,115.0,16.43,11.07,0,0,3,0,0,0,0.0,0.0,0.0,0.0,0.57,1,0,0.0,0.0,0
4017,2025-12-30,2025,12,30,364,1,0,-0.0,1.0,0.0,0,35.6,5.6,73.8,41.2,115.0,115.0,16.43,11.07,0,0,0,0,0,0,0.0,0.0,0.0,0.0,0.42,1,0,0.0,0.0,0
4018,2025-12-31,2025,12,31,365,1,0,-0.0,1.0,32.4,3,0.0,35.6,5.6,68.0,147.4,147.4,21.06,11.93,0,0,1,0,0,0,0.0,0.0,0.0,0.0,0.41,1,1,0.4,10.3,1
